Player,Team,G,RushingAtt,RushingYard,RushingTD,ReceivingTarget,ReceivingRec,ReceivingYard,ReceivingTD,Home or Away,Opponent,Week
Isaiah Crowell,Cleveland Browns,1,20,145,2,1,1,9,0,Away,San Francisco 49ers,14
Todd Gurley,St. Louis Rams,1,16,140,2,2,1,7,0,Away,Detroit Lions,14
James Starks,Green Bay Packers,1,11,71,1,4,4,32,1,Away,Dallas Cowboys,14
DeAngelo Williams,Pittsburgh Steelers,1,23,76,2,2,2,15,0,Home,Cincinnati Bengals,14
Lamar Miller,Miami Dolphins,1,12,89,2,0,0,0,0,Away,New York Giants,14
Eddie Lacy,Green Bay Packers,1,24,124,1,1,1,24,0,Away,Dallas Cowboys,14
Tim Hightower,New Orleans Saints,1,28,85,1,1,1,10,0,Home,Tampa Bay Buccaneers,14
Jonathan Stewart,Carolina Panthers,1,10,75,1,1,1,14,0,Away,Atlanta Falcons,14
Denard Robinson,Jacksonville Jaguars,1,14,75,1,2,1,12,0,Away,Indianapolis Colts,14
Doug Martin,Tampa Bay Buccaneers,1,11,81,1,3,1,5,0,Away,New Orleans Saints,14
Adrian Peterson,Minnesota Vikings,1,23,69,1,1,1,17,0,Home,Arizona Cardinals,14
Bilal Powell,New York Jets,1,3,36,0,5,5,46,1,Away,Tennessee Titans,14
David Johnson,Arizona Cardinals,1,19,92,0,7,5,31,0,Away,Minnesota Vikings,14
Matt Forte,Chicago Bears,1,10,45,1,2,1,8,0,Away,Washington Redskins,14
Darren McFadden,Dallas Cowboys,1,9,111,0,2,0,0,0,Home,Green Bay Packers,14
Robert Turbin,Dallas Cowboys,1,7,51,1,0,0,0,0,Home,Green Bay Packers,14
LeSean McCoy,Buffalo Bills,1,20,74,0,7,4,35,0,Home,Philadelphia Eagles,14
Chris Ivory,New York Jets,1,22,101,0,2,1,6,0,Away,Tennessee Titans,14
Darren Sproles,Philadelphia Eagles,1,7,41,1,3,2,4,0,Away,Buffalo Bills,14
Rashad Jennings,New York Giants,1,22,81,0,2,2,21,0,Home,Miami Dolphins,14
James White,New England Patriots,1,1,2,1,6,4,38,0,Home,Houston Texans,14
Mike Gillislee,Buffalo Bills,1,3,24,1,1,1,6,0,Home,Philadelphia Eagles,14
Fozzy Whittaker,Carolina Panthers,1,8,34,1,1,1,-6,0,Away,Atlanta Falcons,14
Matt Jones,Washington Redskins,1,18,62,0,3,2,24,0,Home,Chicago Bears,14
Duke Johnson,Cleveland Browns,1,13,78,0,3,1,6,0,Away,San Francisco 49ers,14
Alfred Morris,Washington Redskins,1,11,24,1,1,0,0,0,Home,Chicago Bears,14
Joique Bell,Detroit Lions,1,7,50,0,2,2,25,0,Home,St. Louis Rams,14
Charles Sims,Tampa Bay Buccaneers,1,5,10,0,8,6,64,0,Away,New Orleans Saints,14
Giovani Bernard,Cincinnati Bengals,1,6,40,0,5,3,27,0,Away,Pittsburgh Steelers,14
Rex Burkhead,Cincinnati Bengals,1,0,0,0,1,1,5,1,Away,Pittsburgh Steelers,14
Jeremy Langford,Chicago Bears,1,11,37,0,7,3,27,0,Away,Washington Redskins,14
Melvin Gordon,San Diego Chargers,1,14,35,0,4,4,28,0,Home,Kansas City Chiefs,14
T.J. Yeldon,Jacksonville Jaguars,1,11,62,0,1,1,1,0,Away,Indianapolis Colts,14
Devonta Freeman,Atlanta Falcons,1,12,40,0,5,3,22,0,Home,Carolina Panthers,14
Jonathan Grimes,Houston Texans,1,7,53,0,2,2,9,0,Away,New England Patriots,14
Theo Riddick,Detroit Lions,1,3,18,0,11,7,44,0,Home,St. Louis Rams,14
Ronnie Hillman,Denver Broncos,1,12,20,0,9,7,41,0,Away,Oakland Raiders,14
Frank Gore,Indianapolis Colts,1,16,60,0,5,1,-1,0,Home,Jacksonville Jaguars,14
Javorius Allen,Baltimore Ravens,1,8,14,0,9,5,44,0,Away,Seattle Seahawks,14
Zurlon Tipton,Indianapolis Colts,1,1,7,0,5,4,50,0,Home,Jacksonville Jaguars,14
Charcandrick West,Kansas City Chiefs,1,10,54,0,1,0,0,0,Away,San Diego Chargers,14
LeGarrette Blount,New England Patriots,1,10,53,0,0,0,0,0,Home,Houston Texans,14
Spencer Ware,Kansas City Chiefs,1,8,52,0,0,0,0,0,Away,San Diego Chargers,14
Brandon Bolden,New England Patriots,1,16,51,0,0,0,0,0,Home,Houston Texans,14
Shaun Draughn,San Francisco 49ers,1,11,43,0,3,2,8,0,Home,Cleveland Browns,14
Dexter McCluster,Tennessee Titans,1,4,12,0,5,4,38,0,Home,New York Jets,14
Chris Polk,Houston Texans,1,11,34,0,2,2,14,0,Away,New England Patriots,14
Ameer Abdullah,Detroit Lions,1,7,23,0,2,2,21,0,Home,St. Louis Rams,14
Thomas Rawls,Seattle Seahawks,1,6,44,0,0,0,0,0,Home,Baltimore Ravens,14
DuJuan Harris,Seattle Seahawks,1,18,42,0,0,0,0,0,Home,Baltimore Ravens,14
Ryan Mathews,Philadelphia Eagles,1,13,38,0,2,2,4,0,Away,Buffalo Bills,14
DeMarco Murray,Philadelphia Eagles,1,11,34,0,2,2,3,0,Away,Buffalo Bills,14
Travaris Cadet,San Francisco 49ers,1,2,6,0,2,2,28,0,Home,Cleveland Browns,14
Matt Asiata,Minnesota Vikings,1,0,0,0,2,2,30,0,Home,Arizona Cardinals,14
Mike Tolbert,Carolina Panthers,1,6,17,0,2,2,13,0,Away,Atlanta Falcons,14
Juwan Thompson,Denver Broncos,1,5,8,0,6,4,21,0,Away,Oakland Raiders,14
Latavius Murray,Oakland Raiders,1,16,27,0,1,0,0,0,Home,Denver Broncos,14
Jeremy Hill,Cincinnati Bengals,1,7,16,0,2,2,8,0,Away,Pittsburgh Steelers,14
Zach Line,Minnesota Vikings,1,0,0,0,1,1,24,0,Home,Arizona Cardinals,14
Fred Jackson,Seattle Seahawks,1,7,15,0,4,1,8,0,Home,Baltimore Ravens,14
Stevan Ridley,New York Jets,1,6,23,0,0,0,0,0,Away,Tennessee Titans,14
Benny Cunningham,St. Louis Rams,1,3,14,0,1,1,8,0,Away,Detroit Lions,14
Dan Herron,Indianapolis Colts,1,4,16,0,2,2,5,0,Home,Jacksonville Jaguars,14
Derrick Coleman,Seattle Seahawks,1,1,19,0,0,0,0,0,Home,Baltimore Ravens,14
Orleans Darkwa,New York Giants,1,3,10,0,1,1,6,0,Home,Miami Dolphins,14
John Kuhn,Green Bay Packers,1,1,2,0,2,1,14,0,Away,Dallas Cowboys,14
Terrance West,Baltimore Ravens,1,5,16,0,0,0,0,0,Away,Seattle Seahawks,14
Jay Ajayi,Miami Dolphins,1,5,15,0,0,0,0,0,Away,New York Giants,14
Tevin Coleman,Atlanta Falcons,1,3,15,0,1,0,0,0,Home,Carolina Panthers,14
Patrick DiMarco,Atlanta Falcons,1,0,0,0,3,2,15,0,Home,Carolina Panthers,14
Antonio Andrews,Tennessee Titans,1,4,8,0,2,1,6,0,Home,New York Jets,14
Danny Woodhead,San Diego Chargers,1,3,5,0,6,3,8,0,Home,Kansas City Chiefs,14
Michael Burton,Detroit Lions,1,0,0,0,1,1,12,0,Home,St. Louis Rams,14
Pierre Thomas,Washington Redskins,1,0,0,0,1,1,12,0,Home,Chicago Bears,14
Damien Williams,Miami Dolphins,1,0,0,0,3,2,11,0,Away,New York Giants,14
Shane Vereen,New York Giants,1,1,0,0,2,1,10,0,Home,Miami Dolphins,14
C.J. Spiller,New Orleans Saints,1,3,2,0,3,3,7,0,Home,Tampa Bay Buccaneers,14
Tre Mason,St. Louis Rams,1,4,7,0,2,2,1,0,Away,Detroit Lions,14
Jerick McKinnon,Minnesota Vikings,1,0,0,0,1,1,8,0,Home,Arizona Cardinals,14
Knile Davis,Kansas City Chiefs,1,1,6,0,0,0,0,0,Away,San Diego Chargers,14
Stepfan Taylor,Arizona Cardinals,1,1,0,0,1,1,4,0,Away,Minnesota Vikings,14
Bruce Miller,San Francisco 49ers,1,1,3,0,0,0,0,0,Home,Cleveland Browns,14
Andre Williams,New York Giants,1,3,3,0,0,0,0,0,Home,Miami Dolphins,14
Tommy Bohanon,New York Jets,1,0,0,0,2,1,2,0,Away,Tennessee Titans,14
Taiwan Jones,Oakland Raiders,1,1,2,0,0,0,0,0,Home,Denver Broncos,14
Marcel Reece,Oakland Raiders,1,2,2,0,0,0,0,0,Home,Denver Broncos,14
Kerwynn Williams,Arizona Cardinals,1,6,2,0,0,0,0,0,Away,Minnesota Vikings,14
Darrel Young,Washington Redskins,1,0,0,0,1,1,2,0,Home,Chicago Bears,14
David Cobb,Tennessee Titans,1,2,1,0,0,0,0,0,Home,New York Jets,14
Akeem Hunt,Houston Texans,1,1,1,0,0,0,0,0,Away,New England Patriots,14
Kyle Juszczyk,Baltimore Ravens,1,0,0,0,1,0,0,0,Away,Seattle Seahawks,14
Marcus Murphy,New Orleans Saints,1,1,0,0,0,0,0,0,Home,Tampa Bay Buccaneers,14
Marcus Thigpen,Buffalo Bills,1,0,0,0,0,0,0,0,Home,Philadelphia Eagles,14
Glenn Winston,Cleveland Browns,1,1,-8,0,0,0,0,0,Away,San Francisco 49ers,14
