Player,Team,G,RushingAtt,RushingYard,RushingTD,ReceivingTarget,ReceivingRec,ReceivingYard,ReceivingTD,Home or Away,Opponent,Week
Thomas Rawls,Seattle Seahawks,1,30,209,1,3,3,46,1,Away,San Francisco 49ers,11
Doug Martin,Tampa Bay Buccaneers,1,27,235,0,1,0,0,0,Home,Philadelphia Eagles,11
Spencer Ware,Kansas City Chiefs,1,11,96,2,1,1,5,0,Home,San Diego Chargers,11
LeSean McCoy,Buffalo Bills,1,20,82,1,10,6,41,0,Home,New England Patriots,11
Jonathan Stewart,Carolina Panthers,1,21,102,0,1,1,12,1,Away,Washington Redskins,11
Ahmad Bradshaw,Indianapolis Colts,1,9,32,0,4,4,20,2,Home,Atlanta Falcons,11
James White,New England Patriots,1,2,14,1,3,2,32,1,Away,Buffalo Bills,11
Jeremy Hill,Cincinnati Bengals,1,13,45,2,0,0,0,0,Home,Arizona Cardinals,11
Alfred Blue,Houston Texans,1,21,58,0,3,3,34,1,Away,New York Jets,11
Darren McFadden,Dallas Cowboys,1,29,129,0,3,3,20,0,Home,Miami Dolphins,11
Giovani Bernard,Cincinnati Bengals,1,6,18,0,10,8,128,0,Home,Arizona Cardinals,11
Patrick DiMarco,Atlanta Falcons,1,0,0,0,4,3,21,2,Away,Indianapolis Colts,11
Charles Sims,Tampa Bay Buccaneers,1,10,43,0,4,3,26,1,Home,Philadelphia Eagles,11
Todd Gurley,St. Louis Rams,1,25,66,1,0,0,0,0,Home,Baltimore Ravens,11
Adrian Peterson,Minnesota Vikings,1,13,45,1,2,2,16,0,Away,Green Bay Packers,11
Darren Sproles,Philadelphia Eagles,1,6,21,0,7,3,38,1,Away,Tampa Bay Buccaneers,11
Javorius Allen,Baltimore Ravens,1,22,67,0,6,5,48,0,Away,St. Louis Rams,11
Eddie Lacy,Green Bay Packers,1,22,100,0,2,1,6,0,Home,Minnesota Vikings,11
Ronnie Hillman,Denver Broncos,1,21,102,0,1,1,2,0,Home,Chicago Bears,11
Jeremy Langford,Chicago Bears,1,13,25,1,6,3,17,0,Away,Denver Broncos,11
Antonio Andrews,Tennessee Titans,1,15,78,0,2,2,16,0,Home,Jacksonville Jaguars,11
DeMarco Murray,Philadelphia Eagles,1,13,64,0,5,4,27,0,Away,Tampa Bay Buccaneers,11
Bilal Powell,New York Jets,1,4,22,0,7,5,67,0,Home,Houston Texans,11
Latavius Murray,Oakland Raiders,1,13,28,1,0,0,0,0,Home,Detroit Lions,11
David Johnson,Arizona Cardinals,1,2,9,0,2,2,17,1,Away,Cincinnati Bengals,11
Theo Riddick,Detroit Lions,1,6,14,0,6,5,72,0,Away,Oakland Raiders,11
T.J. Yeldon,Jacksonville Jaguars,1,14,54,0,4,3,28,0,Away,Tennessee Titans,11
Frank Gore,Indianapolis Colts,1,14,34,0,5,5,46,0,Home,Atlanta Falcons,11
Shaun Draughn,San Francisco 49ers,1,12,37,0,11,8,40,0,Home,Seattle Seahawks,11
C.J. Anderson,Denver Broncos,1,12,59,0,2,2,13,0,Home,Chicago Bears,11
Mike Tolbert,Carolina Panthers,1,7,5,0,2,2,5,1,Away,Washington Redskins,11
Jonathan Grimes,Houston Texans,1,6,37,0,3,3,28,0,Away,New York Jets,11
Chris Johnson,Arizona Cardinals,1,18,63,0,2,1,2,0,Away,Cincinnati Bengals,11
Charcandrick West,Kansas City Chiefs,1,11,16,0,2,2,48,0,Home,San Diego Chargers,11
LeGarrette Blount,New England Patriots,1,16,56,0,2,1,5,0,Away,Buffalo Bills,11
Lamar Miller,Miami Dolphins,1,7,44,0,3,2,11,0,Away,Dallas Cowboys,11
Melvin Gordon,San Diego Chargers,1,15,37,0,1,1,12,0,Away,Kansas City Chiefs,11
Tevin Coleman,Atlanta Falcons,1,17,48,0,2,0,0,0,Away,Indianapolis Colts,11
Ameer Abdullah,Detroit Lions,1,12,44,0,2,1,2,0,Away,Oakland Raiders,11
Chris Ivory,New York Jets,1,8,36,0,1,1,9,0,Home,Houston Texans,11
James Starks,Green Bay Packers,1,8,14,0,1,1,30,0,Home,Minnesota Vikings,11
Devonta Freeman,Atlanta Falcons,1,3,43,0,0,0,0,0,Away,Indianapolis Colts,11
Joique Bell,Detroit Lions,1,6,22,0,1,1,18,0,Away,Oakland Raiders,11
Robert Turbin,Dallas Cowboys,1,7,35,0,2,1,3,0,Home,Miami Dolphins,11
Kenjon Barner,Philadelphia Eagles,1,7,37,0,1,0,0,0,Away,Tampa Bay Buccaneers,11
Jay Ajayi,Miami Dolphins,1,4,13,0,2,2,23,0,Away,Dallas Cowboys,11
Ka'Deem Carey,Chicago Bears,1,9,32,0,0,0,0,0,Away,Denver Broncos,11
Jamize Olawale,Oakland Raiders,1,4,12,0,1,1,15,0,Home,Detroit Lions,11
Denard Robinson,Jacksonville Jaguars,1,7,27,0,0,0,0,0,Away,Tennessee Titans,11
Justin Forsett,Baltimore Ravens,1,4,26,0,0,0,0,0,Away,St. Louis Rams,11
Fred Jackson,Seattle Seahawks,1,4,11,0,2,2,11,0,Away,San Francisco 49ers,11
Benny Cunningham,St. Louis Rams,1,1,0,0,2,1,20,0,Home,Baltimore Ravens,11
Dexter McCluster,Tennessee Titans,1,2,0,0,2,2,18,0,Home,Jacksonville Jaguars,11
Terron Ward,Atlanta Falcons,1,2,2,0,4,3,16,0,Away,Indianapolis Colts,11
Chris Thompson,Washington Redskins,1,4,10,0,4,3,7,0,Home,Carolina Panthers,11
Danny Woodhead,San Diego Chargers,1,6,7,0,2,1,9,0,Away,Kansas City Chiefs,11
Brandon Bolden,New England Patriots,1,4,15,0,1,0,0,0,Away,Buffalo Bills,11
Jerick McKinnon,Minnesota Vikings,1,0,0,0,3,2,15,0,Away,Green Bay Packers,11
Kyle Juszczyk,Baltimore Ravens,1,2,3,0,5,3,10,0,Away,St. Louis Rams,11
Matt Jones,Washington Redskins,1,5,0,0,2,2,12,0,Home,Carolina Panthers,11
Karlos Williams,Buffalo Bills,1,6,11,0,0,0,0,0,Home,New England Patriots,11
Matt Asiata,Minnesota Vikings,1,0,0,0,1,1,9,0,Away,Green Bay Packers,11
Fozzy Whittaker,Carolina Panthers,1,2,6,0,1,1,2,0,Away,Washington Redskins,11
Rex Burkhead,Cincinnati Bengals,1,0,0,0,1,1,7,0,Home,Arizona Cardinals,11
Andre Ellington,Arizona Cardinals,1,2,2,0,2,1,5,0,Away,Cincinnati Bengals,11
Zach Line,Minnesota Vikings,1,0,0,0,1,1,7,0,Away,Green Bay Packers,11
De'Anthony Thomas,Kansas City Chiefs,1,1,7,0,0,0,0,0,Home,San Diego Chargers,11
Bobby Rainey,Tampa Bay Buccaneers,1,1,5,0,0,0,0,0,Home,Philadelphia Eagles,11
Akeem Hunt,Houston Texans,1,2,4,0,1,0,0,0,Away,New York Jets,11
John Kuhn,Green Bay Packers,1,1,4,0,0,0,0,0,Home,Minnesota Vikings,11
Jay Prosch,Houston Texans,1,1,3,0,0,0,0,0,Away,New York Jets,11
Jalston Fowler,Tennessee Titans,1,0,0,0,1,1,2,0,Home,Jacksonville Jaguars,11
Marcel Reece,Oakland Raiders,1,2,2,0,1,0,0,0,Home,Detroit Lions,11
Alfred Morris,Washington Redskins,1,2,0,0,0,0,0,0,Home,Carolina Panthers,11
David Cobb,Tennessee Titans,1,4,-3,0,0,0,0,0,Home,Jacksonville Jaguars,11
Stevan Ridley,New York Jets,1,4,0,0,1,1,-5,0,Home,Houston Texans,11
