Player,Team,G,ReceivingTarget,ReceivingRec,ReceivingYard,ReceivingTD,RushingAtt,RushingYard,RushingTD,Home or Away,Opponent,Week
DeAndre Hopkins,Houston Texans,1,12,5,118,2,0,0,0,Away,New York Jets,11
J.J. Nelson,Arizona Cardinals,1,6,4,142,1,0,0,0,Away,Cincinnati Bengals,11
Tyler Lockett,Seattle Seahawks,1,5,4,48,2,1,5,0,Away,San Francisco 49ers,11
James Jones,Green Bay Packers,1,11,6,109,1,0,0,0,Home,Minnesota Vikings,11
Julio Jones,Atlanta Falcons,1,15,9,160,0,0,0,0,Away,Indianapolis Colts,11
DeSean Jackson,Washington Redskins,1,8,5,87,1,0,0,0,Home,Carolina Panthers,11
Terrance Williams,Dallas Cowboys,1,4,4,79,1,0,0,0,Home,Miami Dolphins,11
Devin Funchess,Carolina Panthers,1,8,4,64,1,0,0,0,Away,Washington Redskins,11
Mike Evans,Tampa Bay Buccaneers,1,7,4,63,1,0,0,0,Home,Philadelphia Eagles,11
Demaryius Thomas,Denver Broncos,1,8,3,59,1,0,0,0,Home,Chicago Bears,11
Danny Amendola,New England Patriots,1,12,9,117,0,0,0,0,Away,Buffalo Bills,11
Vincent Jackson,Tampa Bay Buccaneers,1,6,4,56,1,0,0,0,Home,Philadelphia Eagles,11
Allen Robinson,Jacksonville Jaguars,1,7,5,113,0,0,0,0,Away,Tennessee Titans,11
John Brown,Arizona Cardinals,1,3,3,43,1,2,9,0,Away,Cincinnati Bengals,11
Kenny Stills,Miami Dolphins,1,2,2,52,1,0,0,0,Away,Dallas Cowboys,11
Kamar Aiken,Baltimore Ravens,1,8,5,50,1,0,0,0,Away,St. Louis Rams,11
Ted Ginn Jr.,Carolina Panthers,1,8,5,37,1,2,12,0,Away,Washington Redskins,11
Brandon Marshall,New York Jets,1,10,5,47,1,0,0,0,Home,Houston Texans,11
Dez Bryant,Dallas Cowboys,1,9,4,45,1,0,0,0,Home,Miami Dolphins,11
Marquess Wilson,Chicago Bears,1,7,4,102,0,0,0,0,Away,Denver Broncos,11
Josh Huff,Philadelphia Eagles,1,1,1,39,1,0,0,0,Away,Tampa Bay Buccaneers,11
Leonard Hankerson,Atlanta Falcons,1,7,4,36,1,0,0,0,Away,Indianapolis Colts,11
Chris Hogan,Buffalo Bills,1,7,6,95,0,0,0,0,Home,New England Patriots,11
Anquan Boldin,San Francisco 49ers,1,7,5,93,0,0,0,0,Home,Seattle Seahawks,11
Larry Fitzgerald,Arizona Cardinals,1,13,8,90,0,0,0,0,Away,Cincinnati Bengals,11
Calvin Johnson,Detroit Lions,1,9,5,88,0,0,0,0,Away,Oakland Raiders,11
Cody Latimer,Denver Broncos,1,3,2,22,1,1,5,0,Home,Chicago Bears,11
Randall Cobb,Green Bay Packers,1,9,2,24,1,0,0,0,Home,Minnesota Vikings,11
Eric Decker,New York Jets,1,11,4,81,0,0,0,0,Home,Houston Texans,11
A.J. Green,Cincinnati Bengals,1,12,4,79,0,0,0,0,Home,Arizona Cardinals,11
Cecil Shorts,Houston Texans,1,5,2,51,0,4,26,0,Away,New York Jets,11
Golden Tate,Detroit Lions,1,11,8,73,0,1,-2,0,Away,Oakland Raiders,11
Stefon Diggs,Minnesota Vikings,1,9,6,66,0,0,0,0,Away,Green Bay Packers,11
Brandon LaFell,New England Patriots,1,8,4,66,0,0,0,0,Away,Buffalo Bills,11
Jarvis Landry,Miami Dolphins,1,7,4,66,0,0,0,0,Away,Dallas Cowboys,11
Russell Shepard,Tampa Bay Buccaneers,1,1,1,4,1,0,0,0,Home,Philadelphia Eagles,11
Doug Baldwin,Seattle Seahawks,1,6,6,60,0,0,0,0,Away,San Francisco 49ers,11
Marvin Jones,Cincinnati Bengals,1,9,4,60,0,0,0,0,Home,Arizona Cardinals,11
Josh Bellamy,Chicago Bears,1,5,4,57,0,0,0,0,Away,Denver Broncos,11
Jerricho Cotchery,Carolina Panthers,1,6,4,57,0,0,0,0,Away,Washington Redskins,11
Albert Wilson,Kansas City Chiefs,1,4,4,56,0,0,0,0,Home,San Diego Chargers,11
Steve Johnson,San Diego Chargers,1,8,7,54,0,0,0,0,Away,Kansas City Chiefs,11
Seth Roberts,Oakland Raiders,1,2,2,54,0,0,0,0,Home,Detroit Lions,11
Dontrelle Inman,San Diego Chargers,1,5,3,51,0,0,0,0,Away,Kansas City Chiefs,11
Michael Crabtree,Oakland Raiders,1,11,6,50,0,0,0,0,Home,Detroit Lions,11
Adam Humphries,Tampa Bay Buccaneers,1,5,4,50,0,0,0,0,Home,Philadelphia Eagles,11
Jarius Wright,Minnesota Vikings,1,5,4,50,0,0,0,0,Away,Green Bay Packers,11
Jeremy Butler,Baltimore Ravens,1,5,4,45,0,0,0,0,Away,St. Louis Rams,11
Robert Woods,Buffalo Bills,1,9,4,44,0,0,0,0,Home,New England Patriots,11
Pierre Garcon,Washington Redskins,1,4,3,43,0,0,0,0,Home,Carolina Panthers,11
Riley Cooper,Philadelphia Eagles,1,3,2,42,0,0,0,0,Away,Tampa Bay Buccaneers,11
Donte Moncrief,Indianapolis Colts,1,8,5,41,0,0,0,0,Home,Atlanta Falcons,11
Dorial Green-Beckham,Tennessee Titans,1,6,3,40,0,0,0,0,Home,Jacksonville Jaguars,11
Sammy Watkins,Buffalo Bills,1,6,3,39,0,0,0,0,Home,New England Patriots,11
Javontee Herndon,San Diego Chargers,1,7,5,37,0,0,0,0,Away,Kansas City Chiefs,11
Davante Adams,Green Bay Packers,1,4,3,36,0,0,0,0,Home,Minnesota Vikings,11
Bryan Walters,Jacksonville Jaguars,1,3,2,35,0,0,0,0,Away,Tennessee Titans,11
Jermaine Kearse,Seattle Seahawks,1,5,3,34,0,0,0,0,Away,San Francisco 49ers,11
Jeremy Maclin,Kansas City Chiefs,1,6,3,29,0,0,0,0,Home,San Diego Chargers,11
Jason Avant,Kansas City Chiefs,1,2,2,26,0,0,0,0,Home,San Diego Chargers,11
Chris Givens,Baltimore Ravens,1,7,2,25,0,0,0,0,Away,St. Louis Rams,11
Kenny Britt,St. Louis Rams,1,5,2,24,0,0,0,0,Home,Baltimore Ravens,11
Roddy White,Atlanta Falcons,1,9,4,24,0,0,0,0,Away,Indianapolis Colts,11
Quincy Enunwa,New York Jets,1,4,2,22,0,0,0,0,Home,Houston Texans,11
Tavon Austin,St. Louis Rams,1,5,1,5,0,1,16,0,Home,Baltimore Ravens,11
T.Y. Hilton,Indianapolis Colts,1,4,2,21,0,0,0,0,Home,Atlanta Falcons,11
Lance Moore,Detroit Lions,1,2,1,21,0,0,0,0,Away,Oakland Raiders,11
Mohamed Sanu,Cincinnati Bengals,1,3,2,19,0,1,2,0,Home,Arizona Cardinals,11
Griff Whalen,Indianapolis Colts,1,3,2,20,0,0,0,0,Home,Atlanta Falcons,11
Allen Hurns,Jacksonville Jaguars,1,4,3,19,0,0,0,0,Away,Tennessee Titans,11
Devin Street,Dallas Cowboys,1,1,1,19,0,0,0,0,Home,Miami Dolphins,11
Chris Conley,Kansas City Chiefs,1,1,1,17,0,0,0,0,Home,San Diego Chargers,11
Aaron Dobson,New England Patriots,1,2,1,17,0,0,0,0,Away,Buffalo Bills,11
Harry Douglas,Tennessee Titans,1,5,2,16,0,0,0,0,Home,Jacksonville Jaguars,11
Torrey Smith,San Francisco 49ers,1,3,1,16,0,0,0,0,Home,Seattle Seahawks,11
Brenton Bersin,Carolina Panthers,1,1,1,15,0,0,0,0,Away,Washington Redskins,11
Rishard Matthews,Miami Dolphins,1,3,1,15,0,0,0,0,Away,Dallas Cowboys,11
Quinton Patton,San Francisco 49ers,1,3,2,15,0,0,0,0,Home,Seattle Seahawks,11
Cole Beasley,Dallas Cowboys,1,3,1,14,0,0,0,0,Home,Miami Dolphins,11
Andre Johnson,Indianapolis Colts,1,2,1,13,0,0,0,0,Home,Atlanta Falcons,11
Jordan Matthews,Philadelphia Eagles,1,4,4,13,0,0,0,0,Away,Tampa Bay Buccaneers,11
Nate Washington,Houston Texans,1,6,2,13,0,0,0,0,Away,New York Jets,11
Wes Welker,St. Louis Rams,1,4,2,13,0,0,0,0,Home,Baltimore Ravens,11
Nelson Agholor,Philadelphia Eagles,1,4,3,11,0,0,0,0,Away,Tampa Bay Buccaneers,11
Marc Mariani,Chicago Bears,1,1,1,10,0,0,0,0,Away,Denver Broncos,11
Jordan Norwood,Denver Broncos,1,1,1,8,0,0,0,0,Home,Chicago Bears,11
Justin Hardy,Atlanta Falcons,1,2,1,7,0,0,0,0,Away,Indianapolis Colts,11
Cameron Meredith,Chicago Bears,1,1,1,6,0,0,0,0,Away,Denver Broncos,11
Mike Wallace,Minnesota Vikings,1,2,0,0,0,1,6,0,Away,Green Bay Packers,11
Jamison Crowder,Washington Redskins,1,1,1,5,0,0,0,0,Home,Carolina Panthers,11
Amari Cooper,Oakland Raiders,1,4,1,4,0,0,0,0,Home,Detroit Lions,11
Rashad Greene,Jacksonville Jaguars,1,1,1,2,0,0,0,0,Away,Tennessee Titans,11
Miles Austin,Philadelphia Eagles,1,1,0,0,0,0,0,0,Away,Tampa Bay Buccaneers,11
Bruce Ellington,San Francisco 49ers,1,2,0,0,0,0,0,0,Home,Seattle Seahawks,11
Chris Harper,New England Patriots,1,1,0,0,0,0,0,0,Away,Buffalo Bills,11
Andre Holmes,Oakland Raiders,1,1,0,0,0,0,0,0,Home,Detroit Lions,11
Jeff Janis,Green Bay Packers,1,2,0,0,0,0,0,0,Home,Minnesota Vikings,11
Greg Jennings,Miami Dolphins,1,1,0,0,0,0,0,0,Away,Dallas Cowboys,11
Rico Richardson,Tennessee Titans,1,2,0,0,0,0,0,0,Home,Jacksonville Jaguars,11
Devin Smith,New York Jets,1,4,0,0,0,0,0,0,Home,Houston Texans,11
Jaelen Strong,Houston Texans,1,1,0,0,0,0,0,0,Away,New York Jets,11
Adam Thielen,Minnesota Vikings,1,1,0,0,0,0,0,0,Away,Green Bay Packers,11
Tyrell Williams,San Diego Chargers,1,1,0,0,0,0,0,0,Away,Kansas City Chiefs,11
