Player,Team,G,PassingComp,PassingAtt,PassingYard,PassingTD,PassingINT,RushingAtt,RushingYard,RushingTD,Home or Away,Opponent,Week,Actual Fantasy Points Scored
Kirk Cousins,Washington Redskins,1,20,25,324,4,0,0,0,0,Away,New Orleans Saints,10,31.96
Ben Roethlisberger,Pittsburgh Steelers,1,22,33,379,3,1,2,-2,0,Away,Cleveland Browns,10,28.96
Carson Palmer,Arizona Cardinals,1,29,48,363,3,1,3,-2,0,Home,Seattle Seahawks,10,28.32
Joe Flacco,Baltimore Ravens,1,34,45,316,3,2,2,17,0,Away,Jacksonville Jaguars,10,27.34
Jay Cutler,Chicago Bears,1,19,24,258,3,0,3,24,0,Home,St. Louis Rams,10,24.72
Eli Manning,New York Giants,1,24,44,361,2,0,1,10,0,Away,New England Patriots,10,26.44
Tom Brady,New England Patriots,1,26,42,334,2,1,2,9,0,Home,New York Giants,10,24.26
Aaron Rodgers,Green Bay Packers,1,35,61,333,2,0,2,8,0,Away,Detroit Lions,10,25.12
Derek Carr,Oakland Raiders,1,29,43,302,2,2,2,12,0,Away,Minnesota Vikings,10,22.28
Johnny Manziel,Cleveland Browns,1,33,45,372,1,1,3,17,0,Home,Pittsburgh Steelers,10,22.58
Cam Newton,Carolina Panthers,1,21,26,217,1,0,9,23,1,Home,Tennessee Titans,10,20.98
Russell Wilson,Seattle Seahawks,1,14,32,240,1,1,6,52,0,Away,Arizona Cardinals,10,17.8
Ryan Fitzpatrick,New York Jets,1,15,34,193,2,2,3,30,0,Away,Buffalo Bills,10,16.72
Matthew Stafford,Detroit Lions,1,24,38,242,2,1,2,1,0,Home,Green Bay Packers,10,16.78
Blake Bortles,Jacksonville Jaguars,1,22,45,188,2,1,2,25,0,Home,Baltimore Ravens,10,17.02
Jameis Winston,Tampa Bay Buccaneers,1,22,39,264,0,2,2,0,1,Away,Dallas Cowboys,10,14.56
Ryan Tannehill,Miami Dolphins,1,21,36,217,2,0,2,-2,0,Home,Philadelphia Eagles,10,16.48
Drew Brees,New Orleans Saints,1,19,28,209,2,2,0,0,0,Home,Washington Redskins,10,14.36
Alex Smith,Kansas City Chiefs,1,17,31,204,1,0,6,33,0,Home,Denver Broncos,10,15.46
Sam Bradford,Philadelphia Eagles,1,19,25,236,1,0,1,0,0,Away,Miami Dolphins,10,13.44
Teddy Bridgewater,Minnesota Vikings,1,14,22,140,1,0,2,23,0,Home,Oakland Raiders,10,11.9
Brock Osweiler,Denver Broncos,1,14,24,146,1,1,3,18,0,Away,Kansas City Chiefs,10,10.64
Tyrod Taylor,Buffalo Bills,1,17,27,158,1,0,6,12,0,Home,New York Jets,10,11.52
Andy Dalton,Cincinnati Bengals,1,22,38,197,0,1,5,30,0,Away,Houston Texans,10,9.88
Marcus Mariota,Tennessee Titans,1,16,24,185,0,1,5,24,0,Away,Carolina Panthers,10,8.8
Nick Foles,St. Louis Rams,1,17,36,200,0,1,0,0,0,Away,Chicago Bears,10,7.0
Matt Cassel,Dallas Cowboys,1,19,30,186,0,1,1,2,0,Home,Tampa Bay Buccaneers,10,6.64
Mark Sanchez,Philadelphia Eagles,1,14,23,156,0,1,2,4,0,Away,Miami Dolphins,10,5.64
Brian Hoyer,Houston Texans,1,12,22,123,0,1,1,15,0,Home,Cincinnati Bengals,10,5.42
T.J. Yates,Houston Texans,1,5,11,69,1,0,2,-2,0,Home,Cincinnati Bengals,10,6.56
Peyton Manning,Denver Broncos,1,5,20,35,0,4,0,0,0,Away,Kansas City Chiefs,10,-2.6
Landry Jones,Pittsburgh Steelers,1,3,4,23,0,0,0,0,0,Away,Cleveland Browns,10,0.92
Cam Newton,Carolina Panthers,1,21,34,246,5,0,4,16,0,Away,Washington Redskins,11,31.44
Jameis Winston,Tampa Bay Buccaneers,1,19,29,246,5,0,4,0,0,Home,Philadelphia Eagles,11,29.84
Carson Palmer,Arizona Cardinals,1,20,31,317,4,2,1,-1,0,Away,Cincinnati Bengals,11,29.58
Russell Wilson,Seattle Seahawks,1,24,29,260,3,0,9,30,0,Away,San Francisco 49ers,11,25.4
Andy Dalton,Cincinnati Bengals,1,22,39,315,2,0,8,34,0,Home,Arizona Cardinals,11,27.0
Matt Ryan,Atlanta Falcons,1,25,46,280,3,3,2,7,0,Away,Indianapolis Colts,11,20.9
Matthew Stafford,Detroit Lions,1,22,35,282,0,0,6,31,1,Away,Oakland Raiders,11,20.38
Teddy Bridgewater,Minnesota Vikings,1,25,37,296,1,0,4,43,0,Away,Green Bay Packers,11,20.14
Mark Sanchez,Philadelphia Eagles,1,26,41,261,2,3,2,14,0,Away,Tampa Bay Buccaneers,11,16.84
Ryan Fitzpatrick,New York Jets,1,19,39,216,1,2,5,12,1,Home,Houston Texans,11,17.84
Brock Osweiler,Denver Broncos,1,20,27,250,2,0,2,4,0,Home,Chicago Bears,11,18.4
Marcus Mariota,Tennessee Titans,1,22,35,231,0,0,5,29,1,Home,Jacksonville Jaguars,11,18.14
Tony Romo,Dallas Cowboys,1,18,28,227,2,2,2,2,0,Home,Miami Dolphins,11,15.28
Matt Hasselbeck,Indianapolis Colts,1,23,32,213,2,2,3,8,0,Home,Atlanta Falcons,11,15.32
Blaine Gabbert,San Francisco 49ers,1,22,34,264,1,0,4,22,0,Home,Seattle Seahawks,11,16.76
Aaron Rodgers,Green Bay Packers,1,16,34,212,2,0,3,6,0,Home,Minnesota Vikings,11,17.08
Joe Flacco,Baltimore Ravens,1,27,44,299,1,2,0,0,0,Away,St. Louis Rams,11,13.96
T.J. Yates,Houston Texans,1,16,34,229,2,0,3,-5,0,Away,New York Jets,11,16.66
Ryan Tannehill,Miami Dolphins,1,13,24,188,2,1,3,13,0,Away,Dallas Cowboys,11,15.82
Tom Brady,New England Patriots,1,20,39,277,1,1,0,0,0,Away,Buffalo Bills,11,14.08
Blake Bortles,Jacksonville Jaguars,1,21,30,242,1,1,2,9,0,Away,Tennessee Titans,11,13.58
Jay Cutler,Chicago Bears,1,18,32,265,0,1,3,29,0,Away,Denver Broncos,11,12.5
Alex Smith,Kansas City Chiefs,1,20,25,253,0,0,7,33,0,Home,San Diego Chargers,11,13.42
Kirk Cousins,Washington Redskins,1,22,30,207,1,1,1,4,0,Home,Carolina Panthers,11,11.68
Tyrod Taylor,Buffalo Bills,1,20,36,233,0,0,4,1,0,Home,New England Patriots,11,9.42
Case Keenum,St. Louis Rams,1,12,26,136,1,0,2,0,0,Home,Baltimore Ravens,11,9.44
Philip Rivers,San Diego Chargers,1,19,30,178,0,1,4,8,0,Away,Kansas City Chiefs,11,6.92
Derek Carr,Oakland Raiders,1,13,25,169,0,0,2,8,0,Home,Detroit Lions,11,7.56
Derek Anderson,Carolina Panthers,1,0,0,0,0,0,2,2,0,Away,Washington Redskins,11,0.2
Shaun Hill,Minnesota Vikings,1,0,1,0,0,0,0,0,0,Away,Green Bay Packers,11,0.0
Tom Brady,New England Patriots,1,25,32,288,4,0,3,1,0,Away,Pittsburgh Steelers,1,27.62
Tony Romo,Dallas Cowboys,1,36,45,356,3,2,1,-1,0,Away,New York Giants,1,27.14
Carson Palmer,Arizona Cardinals,1,19,32,307,3,0,3,14,0,Away,New Orleans Saints,1,28.68
Philip Rivers,San Diego Chargers,1,35,42,404,2,2,2,-2,0,Away,Detroit Lions,1,24.96
Marcus Mariota,Tennessee Titans,1,13,16,209,4,0,2,6,0,Home,Tampa Bay Buccaneers,1,24.96
Nick Foles,St. Louis Rams,1,18,27,297,1,0,4,11,1,Away,Seattle Seahawks,1,22.98
Alex Smith,Kansas City Chiefs,1,22,33,243,3,0,9,15,0,Home,Houston Texans,1,23.22
Aaron Rodgers,Green Bay Packers,1,18,23,189,3,0,8,35,0,Home,Chicago Bears,1,23.06
Matt Ryan,Atlanta Falcons,1,23,34,298,2,2,5,7,0,Away,Philadelphia Eagles,1,18.62
Andrew Luck,Indianapolis Colts,1,26,49,243,2,2,4,20,0,Home,Buffalo Bills,1,17.72
Drew Brees,New Orleans Saints,1,30,48,355,1,1,1,3,0,Home,Arizona Cardinals,1,20.5
Andy Dalton,Cincinnati Bengals,1,25,34,269,2,0,4,1,0,Home,Oakland Raiders,1,18.86
Ben Roethlisberger,Pittsburgh Steelers,1,26,38,351,1,1,0,0,0,Home,New England Patriots,1,20.04
Sam Bradford,Philadelphia Eagles,1,36,52,336,1,2,0,0,0,Home,Atlanta Falcons,1,18.44
Jameis Winston,Tampa Bay Buccaneers,1,16,33,210,2,2,6,18,0,Away,Tennessee Titans,1,16.2
Matthew Stafford,Detroit Lions,1,19,30,246,2,2,1,-1,0,Home,San Diego Chargers,1,15.74
Russell Wilson,Seattle Seahawks,1,32,41,251,1,1,8,31,0,Home,St. Louis Rams,1,16.14
Jay Cutler,Chicago Bears,1,18,36,225,1,1,4,31,0,Away,Green Bay Packers,1,15.1
Tyrod Taylor,Buffalo Bills,1,14,19,195,1,0,9,41,0,Away,Indianapolis Colts,1,15.9
Ryan Fitzpatrick,New York Jets,1,15,24,179,2,1,2,-1,0,Away,Cleveland Browns,1,14.06
Johnny Manziel,Cleveland Browns,1,13,24,182,1,1,5,35,0,Home,New York Jets,1,13.78
Cam Newton,Carolina Panthers,1,18,31,175,1,1,14,35,0,Home,Jacksonville Jaguars,1,13.5
Ryan Tannehill,Miami Dolphins,1,22,34,226,1,0,3,7,0,Home,Washington Redskins,1,13.74
Brian Hoyer,Houston Texans,1,18,34,236,1,1,0,0,0,Away,Kansas City Chiefs,1,12.44
Blake Bortles,Jacksonville Jaguars,1,22,40,183,1,2,4,26,0,Away,Carolina Panthers,1,11.92
Matt McGloin,Oakland Raiders,1,23,31,142,2,1,0,0,0,Away,Cincinnati Bengals,1,12.68
Kirk Cousins,Washington Redskins,1,21,31,196,1,2,2,-1,0,Away,Miami Dolphins,1,9.74
Teddy Bridgewater,Minnesota Vikings,1,23,32,231,0,1,3,16,0,Home,San Francisco 49ers,1,9.84
Colin Kaepernick,San Francisco 49ers,1,17,26,165,0,0,7,41,0,Away,Minnesota Vikings,1,10.7
Eli Manning,New York Giants,1,20,36,193,0,0,1,8,0,Home,Dallas Cowboys,1,8.52
Ryan Mallett,Houston Texans,1,8,13,98,1,0,1,6,0,Away,Kansas City Chiefs,1,8.52
Peyton Manning,Denver Broncos,1,24,40,175,0,1,1,-1,0,Away,Baltimore Ravens,1,5.9
Joe Flacco,Baltimore Ravens,1,18,32,117,0,2,0,0,0,Home,Denver Broncos,1,2.68
Josh McCown,Cleveland Browns,1,5,8,49,0,0,3,23,0,Home,New York Jets,1,4.26
Derek Carr,Oakland Raiders,1,7,12,61,0,0,1,8,0,Away,Cincinnati Bengals,1,3.24
Zach Mettenberger,Tennessee Titans,1,0,0,0,0,0,3,-5,0,Home,Tampa Bay Buccaneers,1,-0.5
Russell Wilson,Seattle Seahawks,1,21,30,345,5,0,4,14,0,Away,Pittsburgh Steelers,12,38.2
Matthew Stafford,Detroit Lions,1,27,38,337,5,0,2,13,0,Away,Philadelphia Eagles,12,37.78
Ryan Fitzpatrick,New York Jets,1,22,37,277,4,0,5,21,0,Away,Miami Dolphins,12,29.18
Philip Rivers,San Diego Chargers,1,29,43,300,4,0,5,9,0,Home,Jacksonville Jaguars,12,31.9
Tyrod Taylor,Buffalo Bills,1,21,38,291,3,0,5,46,0,Home,Kansas City Chiefs,12,28.24
Ryan Tannehill,Miami Dolphins,1,33,58,351,3,1,0,0,0,Home,New York Jets,12,28.04
Derek Carr,Oakland Raiders,1,24,37,330,3,0,4,5,0,Home,Tennessee Titans,12,28.7
Ben Roethlisberger,Pittsburgh Steelers,1,36,55,456,1,2,5,18,0,Home,Seattle Seahawks,12,25.04
Blake Bortles,Jacksonville Jaguars,1,30,49,329,2,1,6,33,0,Away,San Diego Chargers,12,26.46
Tom Brady,New England Patriots,1,23,42,280,3,0,0,0,0,Home,Denver Broncos,12,23.2
Kirk Cousins,Washington Redskins,1,20,29,302,1,0,4,1,1,Away,New York Giants,12,25.18
Alex Smith,Kansas City Chiefs,1,19,30,255,2,0,6,35,0,Away,Buffalo Bills,12,21.7
Andy Dalton,Cincinnati Bengals,1,20,27,233,3,1,2,4,0,Away,St. Louis Rams,12,20.72
Eli Manning,New York Giants,1,26,51,321,2,3,0,0,0,Home,Washington Redskins,12,20.84
Marcus Mariota,Tennessee Titans,1,17,37,218,3,2,1,7,0,Away,Oakland Raiders,12,19.42
Matt Hasselbeck,Indianapolis Colts,1,26,42,315,2,0,3,-3,0,Away,Tampa Bay Buccaneers,12,23.3
Blaine Gabbert,San Francisco 49ers,1,25,36,318,1,1,1,11,0,Away,Arizona Cardinals,12,19.82
Matt Schaub,Baltimore Ravens,1,20,34,232,2,2,3,10,0,Home,Cleveland Browns,12,16.28
Carson Palmer,Arizona Cardinals,1,24,40,271,0,0,3,6,1,Home,San Francisco 49ers,12,17.44
Cam Newton,Carolina Panthers,1,16,27,183,0,0,12,45,1,Home,Dallas Cowboys,12,17.82
Jameis Winston,Tampa Bay Buccaneers,1,20,36,245,1,1,3,27,0,Home,Indianapolis Colts,12,15.5
Mark Sanchez,Philadelphia Eagles,1,19,27,199,2,0,2,4,0,Home,Detroit Lions,12,16.36
Brian Hoyer,Houston Texans,1,21,27,205,2,1,3,-3,0,Away,New Orleans Saints,12,14.9
Brock Osweiler,Denver Broncos,1,23,42,270,1,1,2,4,0,Away,New England Patriots,12,14.2
Aaron Rodgers,Green Bay Packers,1,22,43,202,1,1,4,33,0,Away,Chicago Bears,12,14.38
Josh McCown,Cleveland Browns,1,21,38,212,1,0,2,12,0,Away,Baltimore Ravens,12,13.68
Matt Ryan,Atlanta Falcons,1,22,31,230,1,2,1,-1,0,Away,Minnesota Vikings,12,11.1
Jay Cutler,Chicago Bears,1,19,31,200,1,0,4,9,0,Home,Green Bay Packers,12,12.9
Nick Foles,St. Louis Rams,1,30,46,228,0,3,1,2,0,Home,Cincinnati Bengals,12,6.32
Drew Brees,New Orleans Saints,1,25,44,228,0,1,0,0,0,Home,Houston Texans,12,8.12
Matt Cassel,Dallas Cowboys,1,13,19,93,1,0,2,9,0,Away,Carolina Panthers,12,8.62
Austin Davis,Cleveland Browns,1,7,10,77,1,0,1,7,0,Away,Baltimore Ravens,12,7.78
Teddy Bridgewater,Minnesota Vikings,1,20,28,174,0,1,4,-3,0,Home,Atlanta Falcons,12,5.66
Tony Romo,Dallas Cowboys,1,11,21,106,0,3,0,0,0,Away,Carolina Panthers,12,1.24
Landry Jones,Pittsburgh Steelers,1,1,4,34,0,2,0,0,0,Home,Seattle Seahawks,12,-0.64
Sean Mannion,St. Louis Rams,1,6,7,31,0,0,0,0,0,Home,Cincinnati Bengals,12,1.24
AJ McCarron,Cincinnati Bengals,1,1,1,3,0,0,0,0,0,Away,St. Louis Rams,12,0.12
Matt McGloin,Oakland Raiders,1,0,1,0,0,0,0,0,0,Home,Tennessee Titans,12,0.0
Marcus Mariota,Tennessee Titans,1,20,29,268,3,1,9,112,1,Away,Jacksonville Jaguars,13,38.92
Cam Newton,Carolina Panthers,1,28,41,331,5,1,10,49,0,Home,New Orleans Saints,13,40.14
Russell Wilson,Seattle Seahawks,1,21,27,274,3,0,9,51,1,Home,Minnesota Vikings,13,34.06
Blake Bortles,Jacksonville Jaguars,1,24,36,322,5,0,2,-1,0,Home,Tennessee Titans,13,35.78
Ben Roethlisberger,Pittsburgh Steelers,1,24,39,364,4,0,1,13,0,Away,Indianapolis Colts,13,34.86
Tom Brady,New England Patriots,1,29,56,312,3,2,6,17,1,Away,Philadelphia Eagles,13,33.18
Tyrod Taylor,Buffalo Bills,1,11,21,211,3,0,7,28,1,Away,Houston Texans,13,29.24
Aaron Rodgers,Green Bay Packers,1,24,36,273,2,1,4,27,1,Home,Detroit Lions,13,26.62
Ryan Fitzpatrick,New York Jets,1,36,50,390,2,0,5,22,0,Home,New York Giants,13,28.8
Brian Hoyer,Houston Texans,1,26,43,293,3,1,3,15,0,Home,Buffalo Bills,13,24.22
Drew Brees,New Orleans Saints,1,24,42,282,3,1,1,12,0,Away,Carolina Panthers,13,23.48
Blaine Gabbert,San Francisco 49ers,1,18,32,196,1,0,6,75,1,Home,Chicago Bears,13,25.34
Andy Dalton,Cincinnati Bengals,1,14,19,220,2,0,4,11,1,Home,Cleveland Browns,13,23.9
Carson Palmer,Arizona Cardinals,1,26,40,356,2,0,0,0,0,Home,St. Louis Rams,13,25.24
Alex Smith,Kansas City Chiefs,1,16,22,162,2,0,5,23,1,Home,Oakland Raiders,13,22.78
Jameis Winston,Tampa Bay Buccaneers,1,18,27,227,1,1,5,15,1,Away,Atlanta Falcons,13,19.58
Derek Carr,Oakland Raiders,1,31,48,283,2,3,0,0,0,Away,Kansas City Chiefs,13,16.32
Matthew Stafford,Detroit Lions,1,23,35,220,2,0,2,22,0,Away,Green Bay Packers,13,19.0
Matt Schaub,Baltimore Ravens,1,32,46,308,1,2,1,0,0,Home,Miami Dolphins,13,17.32
Eli Manning,New York Giants,1,18,34,297,1,1,1,2,0,Away,New York Jets,13,15.08
Matt Ryan,Atlanta Falcons,1,30,45,269,1,1,1,4,0,Home,Tampa Bay Buccaneers,13,14.16
Kirk Cousins,Washington Redskins,1,22,31,219,1,0,1,6,0,Away,Dallas Cowboys,13,13.36
Sam Bradford,Philadelphia Eagles,1,14,24,120,2,0,1,-1,0,Home,New England Patriots,13,12.7
Matt Hasselbeck,Indianapolis Colts,1,16,26,169,1,2,2,1,0,Home,Pittsburgh Steelers,13,8.86
Brock Osweiler,Denver Broncos,1,16,26,166,1,1,3,1,0,Home,San Diego Chargers,13,9.74
Austin Davis,Cleveland Browns,1,25,38,230,0,1,3,4,0,Away,Cincinnati Bengals,13,8.6
Jay Cutler,Chicago Bears,1,18,31,202,0,1,4,10,0,Away,San Francisco 49ers,13,8.08
Matt Cassel,Dallas Cowboys,1,16,29,222,0,0,2,-3,0,Home,Washington Redskins,13,8.58
Philip Rivers,San Diego Chargers,1,18,35,202,0,1,0,0,0,Away,Denver Broncos,13,7.08
Ryan Tannehill,Miami Dolphins,1,9,19,86,1,0,1,11,0,Away,Baltimore Ravens,13,8.54
Nick Foles,St. Louis Rams,1,15,35,146,0,1,2,-2,0,Away,Arizona Cardinals,13,4.64
Teddy Bridgewater,Minnesota Vikings,1,17,28,118,0,1,1,2,0,Away,Seattle Seahawks,13,3.92
Charlie Whitehurst,Indianapolis Colts,1,4,8,51,0,0,0,0,0,Home,Pittsburgh Steelers,13,2.04
AJ McCarron,Cincinnati Bengals,1,2,3,19,0,0,0,0,0,Home,Cleveland Browns,13,0.76
B.J. Daniels,Seattle Seahawks,1,0,0,0,0,0,0,0,0,Home,Minnesota Vikings,13,0.0
Drew Stanton,Arizona Cardinals,1,1,1,6,0,0,3,-3,0,Home,St. Louis Rams,13,-0.06
Landry Jones,Pittsburgh Steelers,1,0,0,0,0,0,1,-1,0,Away,Indianapolis Colts,13,-0.1
Tarvaris Jackson,Seattle Seahawks,1,0,1,0,0,0,2,-2,0,Home,Minnesota Vikings,13,-0.2
Russell Wilson,Seattle Seahawks,1,23,32,292,5,0,1,6,0,Home,Baltimore Ravens,14,32.28
Eli Manning,New York Giants,1,27,31,337,4,0,3,-2,0,Home,Miami Dolphins,14,32.28
Blake Bortles,Jacksonville Jaguars,1,16,30,250,3,0,4,17,1,Away,Indianapolis Colts,14,29.7
Ryan Fitzpatrick,New York Jets,1,21,36,263,3,0,3,23,0,Away,Tennessee Titans,14,24.82
Kirk Cousins,Washington Redskins,1,24,31,300,1,1,4,13,1,Home,Chicago Bears,14,25.3
Cam Newton,Carolina Panthers,1,15,21,265,3,0,3,4,0,Away,Atlanta Falcons,14,23.0
Jay Cutler,Chicago Bears,1,19,31,315,2,0,1,5,0,Away,Washington Redskins,14,24.1
Carson Palmer,Arizona Cardinals,1,25,35,310,2,0,3,3,0,Away,Minnesota Vikings,14,23.7
Drew Brees,New Orleans Saints,1,31,41,312,2,0,3,0,0,Home,Tampa Bay Buccaneers,14,23.48
AJ McCarron,Cincinnati Bengals,1,22,32,280,2,2,3,8,0,Away,Pittsburgh Steelers,14,18.0
Tyrod Taylor,Buffalo Bills,1,19,36,268,1,1,8,53,0,Home,Philadelphia Eagles,14,19.02
Aaron Rodgers,Green Bay Packers,1,22,35,218,2,0,3,27,0,Away,Dallas Cowboys,14,19.42
Teddy Bridgewater,Minnesota Vikings,1,25,36,335,1,0,1,3,0,Home,Arizona Cardinals,14,20.7
Matthew Stafford,Detroit Lions,1,30,46,245,2,1,2,5,0,Home,St. Louis Rams,14,17.3
Tom Brady,New England Patriots,1,22,30,226,2,0,4,10,0,Home,Houston Texans,14,18.04
Johnny Manziel,Cleveland Browns,1,21,31,270,1,1,7,15,0,Away,San Francisco 49ers,14,15.3
Ryan Tannehill,Miami Dolphins,1,25,41,236,1,0,4,24,0,Away,New York Giants,14,15.84
Alex Smith,Kansas City Chiefs,1,15,23,191,1,1,5,40,0,Away,San Diego Chargers,14,14.64
Sam Bradford,Philadelphia Eagles,1,23,38,247,1,1,3,3,0,Away,Buffalo Bills,14,13.18
Brock Osweiler,Denver Broncos,1,35,51,308,0,0,3,10,0,Away,Oakland Raiders,14,16.32
Blaine Gabbert,San Francisco 49ers,1,18,28,194,1,0,3,19,0,Home,Cleveland Browns,14,13.66
Jameis Winston,Tampa Bay Buccaneers,1,18,32,182,1,0,3,24,0,Away,New Orleans Saints,14,13.68
Ben Roethlisberger,Pittsburgh Steelers,1,30,39,282,0,1,1,6,0,Home,Cincinnati Bengals,14,10.88
Derek Carr,Oakland Raiders,1,12,29,135,2,0,4,-4,0,Home,Denver Broncos,14,13.0
Marcus Mariota,Tennessee Titans,1,21,39,274,0,1,3,3,0,Home,New York Jets,14,10.26
Matt Hasselbeck,Indianapolis Colts,1,18,35,252,0,0,1,10,0,Home,Jacksonville Jaguars,14,11.08
Philip Rivers,San Diego Chargers,1,24,43,263,0,1,1,4,0,Home,Kansas City Chiefs,14,9.92
Jimmy Clausen,Baltimore Ravens,1,23,40,274,0,1,1,-2,0,Away,Seattle Seahawks,14,9.76
Matt Ryan,Atlanta Falcons,1,22,34,224,0,1,1,-1,0,Home,Carolina Panthers,14,7.86
Brian Hoyer,Houston Texans,1,11,22,155,0,0,1,-1,0,Away,New England Patriots,14,6.1
Case Keenum,St. Louis Rams,1,14,22,124,0,1,2,2,0,Away,Detroit Lions,14,4.16
Matt Cassel,Dallas Cowboys,1,13,29,114,0,1,3,6,0,Home,Green Bay Packers,14,4.16
Andy Dalton,Cincinnati Bengals,1,3,5,59,0,1,0,0,0,Away,Pittsburgh Steelers,14,1.36
Derek Anderson,Carolina Panthers,1,4,6,36,0,0,3,-2,0,Away,Atlanta Falcons,14,1.24
Charlie Whitehurst,Indianapolis Colts,1,2,8,8,0,1,1,2,0,Home,Jacksonville Jaguars,14,-0.48
Sean Renfree,Atlanta Falcons,1,3,7,11,0,1,0,0,0,Home,Carolina Panthers,14,-0.56
T.J. Yates,Houston Texans,1,1,2,4,0,0,0,0,0,Away,New England Patriots,14,0.16
Tarvaris Jackson,Seattle Seahawks,1,1,1,9,0,0,3,-3,0,Home,Baltimore Ravens,14,0.06
Landry Jones,Pittsburgh Steelers,1,0,0,0,0,0,2,-1,0,Home,Cincinnati Bengals,14,-0.1
Scott Tolzien,Green Bay Packers,1,0,0,0,0,0,2,-3,0,Away,Dallas Cowboys,14,-0.3
Cam Newton,Carolina Panthers,1,25,45,340,5,0,8,100,0,Home,New York Giants,15,46.6
Kirk Cousins,Washington Redskins,1,22,28,319,4,0,3,11,1,Away,Buffalo Bills,15,38.86
Teddy Bridgewater,Minnesota Vikings,1,17,20,231,4,0,4,17,1,Away,Chicago Bears,15,32.94
Brock Osweiler,Denver Broncos,1,21,44,296,3,1,5,19,1,Home,Pittsburgh Steelers,15,30.74
Ben Roethlisberger,Pittsburgh Steelers,1,40,55,380,3,2,3,-3,0,Away,Denver Broncos,15,27.9
Drew Brees,New Orleans Saints,1,34,52,341,3,0,1,11,0,Away,Detroit Lions,15,29.74
Blake Bortles,Jacksonville Jaguars,1,23,38,297,1,1,6,44,1,Away,Atlanta Falcons,15,25.28
Russell Wilson,Seattle Seahawks,1,21,30,249,3,0,5,46,0,Away,Cleveland Browns,15,26.56
Eli Manning,New York Giants,1,29,46,245,4,1,1,4,0,Away,Carolina Panthers,15,25.2
Tyrod Taylor,Buffalo Bills,1,16,27,235,2,0,9,79,0,Home,Washington Redskins,15,25.3
Philip Rivers,San Diego Chargers,1,26,36,311,3,2,0,0,0,Away,Miami Dolphins,15,25.44
Jameis Winston,Tampa Bay Buccaneers,1,29,50,363,2,1,2,5,0,Home,St. Louis Rams,15,25.02
Sam Bradford,Philadelphia Eagles,1,28,41,361,2,2,1,4,0,Away,Arizona Cardinals,15,23.84
Derek Carr,Oakland Raiders,1,23,47,276,2,2,4,42,0,Away,Green Bay Packers,15,21.24
Jimmy Clausen,Baltimore Ravens,1,26,45,281,2,2,5,30,0,Away,Kansas City Chiefs,15,20.24
Matthew Stafford,Detroit Lions,1,22,25,254,3,0,4,-1,0,Home,New Orleans Saints,15,22.06
Tom Brady,New England Patriots,1,23,35,267,2,0,0,0,0,Away,Tennessee Titans,15,18.68
Zach Mettenberger,Tennessee Titans,1,20,28,242,2,2,2,5,0,Home,New England Patriots,15,16.18
Ryan Fitzpatrick,New York Jets,1,26,39,299,1,1,5,13,0,Home,Dallas Cowboys,15,16.26
Blaine Gabbert,San Francisco 49ers,1,30,50,295,1,3,2,10,0,Away,Cincinnati Bengals,15,13.8
Jay Cutler,Chicago Bears,1,26,37,231,2,1,1,1,0,Home,Minnesota Vikings,15,16.34
Case Keenum,St. Louis Rams,1,14,17,234,2,0,3,-3,0,Away,Tampa Bay Buccaneers,15,17.06
Carson Palmer,Arizona Cardinals,1,20,32,274,1,0,0,0,0,Home,Philadelphia Eagles,15,14.96
Ryan Tannehill,Miami Dolphins,1,20,34,216,0,0,3,4,1,Home,San Diego Chargers,15,15.04
Matt Ryan,Atlanta Falcons,1,22,35,246,1,1,3,0,0,Home,Jacksonville Jaguars,15,12.84
Alex Smith,Kansas City Chiefs,1,21,25,171,1,0,4,17,0,Home,Baltimore Ravens,15,12.54
Aaron Rodgers,Green Bay Packers,1,22,39,204,1,1,1,-1,0,Home,Oakland Raiders,15,11.06
AJ McCarron,Cincinnati Bengals,1,15,21,192,1,0,2,2,0,Home,San Francisco 49ers,15,11.88
Johnny Manziel,Cleveland Browns,1,19,32,161,1,1,2,17,0,Home,Seattle Seahawks,15,11.14
Kellen Moore,Dallas Cowboys,1,15,25,158,1,3,0,0,0,Away,New York Jets,15,7.32
Matt Hasselbeck,Indianapolis Colts,1,17,30,147,1,1,1,1,0,Away,Houston Texans,15,8.98
Brandon Weeden,Houston Texans,1,11,18,105,1,0,5,6,0,Home,Indianapolis Colts,15,8.8
T.J. Yates,Houston Texans,1,6,10,68,0,1,1,7,0,Home,Indianapolis Colts,15,2.42
Matt Cassel,Dallas Cowboys,1,3,8,37,0,1,0,0,0,Away,New York Jets,15,0.48
Marcus Mariota,Tennessee Titans,1,3,6,32,0,0,0,0,0,Home,New England Patriots,15,1.28
Charlie Whitehurst,Indianapolis Colts,1,1,2,13,0,0,0,0,0,Away,Houston Texans,15,0.52
EJ Manuel,Buffalo Bills,1,0,0,0,0,0,2,6,0,Home,Washington Redskins,15,0.6
Kellen Clemens,San Diego Chargers,1,0,0,0,0,0,1,-1,0,Away,Miami Dolphins,15,-0.1
Tarvaris Jackson,Seattle Seahawks,1,0,0,0,0,0,1,-1,0,Away,Cleveland Browns,15,-0.1
Trevor Siemian,Denver Broncos,1,0,0,0,0,0,1,-1,0,Home,Pittsburgh Steelers,15,-0.1
Chase Daniel,Kansas City Chiefs,1,0,0,0,0,0,2,-2,0,Home,Baltimore Ravens,15,-0.2
Drew Stanton,Arizona Cardinals,1,0,1,0,0,0,2,-2,0,Home,Philadelphia Eagles,15,-0.2
Blake Bortles,Jacksonville Jaguars,1,27,35,368,4,2,3,5,0,Home,New Orleans Saints,16,32.22
Kirk Cousins,Washington Redskins,1,31,46,365,4,0,5,-4,0,Home,Philadelphia Eagles,16,33.2
Drew Brees,New Orleans Saints,1,25,36,412,3,0,3,-3,0,Away,Jacksonville Jaguars,16,31.18
Ryan Fitzpatrick,New York Jets,1,26,41,296,3,0,2,13,0,Away,New England Patriots,16,25.14
Russell Wilson,Seattle Seahawks,1,25,41,289,2,1,6,39,0,Away,St. Louis Rams,16,22.46
Brandon Weeden,Houston Texans,1,15,24,200,2,0,2,11,1,Home,Tennessee Titans,16,23.1
Matthew Stafford,Detroit Lions,1,29,37,301,2,0,5,11,0,Away,San Francisco 49ers,16,24.14
Jameis Winston,Tampa Bay Buccaneers,1,15,29,295,2,1,4,10,0,Away,Chicago Bears,16,19.8
Sam Bradford,Philadelphia Eagles,1,37,56,380,1,0,2,4,0,Away,Washington Redskins,16,22.6
Carson Palmer,Arizona Cardinals,1,18,27,265,2,1,0,0,0,Away,Green Bay Packers,16,17.6
Blaine Gabbert,San Francisco 49ers,1,22,33,225,2,0,1,9,0,Home,Detroit Lions,16,17.9
Alex Smith,Kansas City Chiefs,1,15,22,125,2,1,6,54,0,Away,Cleveland Browns,16,17.4
Brock Osweiler,Denver Broncos,1,27,39,299,1,0,3,5,0,Away,Cincinnati Bengals,16,16.46
Matt Ryan,Atlanta Falcons,1,23,30,306,1,0,6,1,0,Away,Carolina Panthers,16,19.34
Ryan Tannehill,Miami Dolphins,1,26,38,329,0,1,1,28,0,Away,Indianapolis Colts,16,17.96
Philip Rivers,San Diego Chargers,1,31,49,277,1,0,0,0,0,Home,Oakland Raiders,16,15.08
Ryan Mallett,Baltimore Ravens,1,28,41,274,1,0,0,0,0,Away,Pittsburgh Steelers,16,14.96
Cam Newton,Carolina Panthers,1,17,30,142,0,0,7,46,1,Home,Atlanta Falcons,16,16.28
Johnny Manziel,Cleveland Browns,1,13,32,136,0,1,11,108,0,Home,Kansas City Chiefs,16,15.24
Derek Carr,Oakland Raiders,1,23,38,204,1,1,4,30,0,Away,San Diego Chargers,16,14.16
AJ McCarron,Cincinnati Bengals,1,22,35,200,1,0,4,21,0,Home,Denver Broncos,16,14.1
Eli Manning,New York Giants,1,15,29,234,1,3,1,0,0,Home,Minnesota Vikings,16,10.36
Zach Mettenberger,Tennessee Titans,1,27,51,234,1,1,0,0,0,Away,Houston Texans,16,12.36
Tyrod Taylor,Buffalo Bills,1,13,18,179,0,1,14,67,0,Away,Dallas Cowboys,16,12.86
Tom Brady,New England Patriots,1,22,31,231,1,1,1,-1,0,Home,New York Jets,16,12.14
Jay Cutler,Chicago Bears,1,20,27,156,1,0,2,21,0,Home,Tampa Bay Buccaneers,16,12.34
Teddy Bridgewater,Minnesota Vikings,1,15,25,168,1,0,2,12,0,Away,New York Giants,16,11.92
Aaron Rodgers,Green Bay Packers,1,15,28,151,1,1,3,19,0,Home,Arizona Cardinals,16,10.94
Ben Roethlisberger,Pittsburgh Steelers,1,24,34,215,0,2,0,0,0,Home,Baltimore Ravens,16,6.6
Case Keenum,St. Louis Rams,1,14,23,103,1,0,4,4,0,Home,Seattle Seahawks,16,8.52
Kellen Moore,Dallas Cowboys,1,13,31,186,0,1,1,-1,0,Home,Buffalo Bills,16,6.34
Ryan Nassib,New York Giants,1,5,5,68,1,0,0,0,0,Home,Minnesota Vikings,16,6.72
Matt Hasselbeck,Indianapolis Colts,1,8,15,99,0,0,0,0,0,Home,Miami Dolphins,16,3.96
Charlie Whitehurst,Indianapolis Colts,1,9,14,78,0,0,1,-1,0,Home,Miami Dolphins,16,3.02
B.J. Daniels,Houston Texans,1,1,2,7,0,0,6,6,0,Home,Tennessee Titans,16,0.88
Scott Tolzien,Green Bay Packers,1,1,1,4,0,0,1,0,0,Home,Arizona Cardinals,16,0.16
Drew Stanton,Arizona Cardinals,1,1,1,4,0,0,2,-2,0,Away,Green Bay Packers,16,-0.04
Shaun Hill,Minnesota Vikings,1,0,0,0,0,0,3,-4,0,Away,New York Giants,16,-0.4
Cam Newton,Carolina Panthers,1,21,26,293,2,0,6,10,2,Away,Tampa Bay Buccaneers,17,32.72
Kellen Moore,Dallas Cowboys,1,33,48,435,3,2,1,0,0,Away,Washington Redskins,17,30.4
Ben Roethlisberger,Pittsburgh Steelers,1,24,36,349,3,2,2,-2,0,Home,Cleveland Browns,17,26.76
Matthew Stafford,Detroit Lions,1,28,39,298,3,0,6,10,0,Home,Chicago Bears,17,24.92
Ryan Tannehill,Miami Dolphins,1,25,38,350,2,0,3,17,0,Away,New England Patriots,17,26.7
Matt Ryan,Atlanta Falcons,1,24,36,334,2,1,1,0,0,Away,New Orleans Saints,17,23.36
Sam Bradford,Philadelphia Eagles,1,30,38,320,2,1,2,-2,0,Home,New York Giants,17,22.6
Jameis Winston,Tampa Bay Buccaneers,1,29,47,325,0,2,3,14,1,Home,Carolina Panthers,17,21.4
Russell Wilson,Seattle Seahawks,1,19,28,197,3,0,5,13,0,Home,Arizona Cardinals,17,21.18
Eli Manning,New York Giants,1,24,43,302,2,0,0,0,0,Away,Philadelphia Eagles,17,23.08
Blaine Gabbert,San Francisco 49ers,1,28,44,354,1,1,7,7,0,Away,St. Louis Rams,17,20.86
Alex Smith,Kansas City Chiefs,1,14,24,156,2,2,9,61,0,Away,Oakland Raiders,17,18.34
Jay Cutler,Chicago Bears,1,17,23,245,2,3,1,11,0,Away,Detroit Lions,17,15.9
Kirk Cousins,Washington Redskins,1,12,15,176,3,0,0,0,0,Home,Dallas Cowboys,17,19.04
Tyrod Taylor,Buffalo Bills,1,18,28,182,0,0,10,51,1,Away,New York Jets,17,18.38
Philip Rivers,San Diego Chargers,1,21,35,228,2,1,2,5,0,Home,Denver Broncos,17,16.62
Aaron Rodgers,Green Bay Packers,1,28,44,291,1,1,3,12,0,Away,Minnesota Vikings,17,15.84
Drew Brees,New Orleans Saints,1,32,42,323,1,0,3,-5,0,Home,Atlanta Falcons,17,19.42
Ryan Mallett,Baltimore Ravens,1,30,56,292,1,2,1,4,0,Home,Cincinnati Bengals,17,14.08
Ryan Fitzpatrick,New York Jets,1,16,37,181,2,3,2,12,0,Home,Buffalo Bills,17,13.44
Brian Hoyer,Houston Texans,1,25,40,249,1,1,0,0,0,Away,Jacksonville Jaguars,17,12.96
AJ McCarron,Cincinnati Bengals,1,17,27,160,2,0,3,2,0,Away,Baltimore Ravens,17,14.6
Brock Osweiler,Denver Broncos,1,14,22,232,1,2,0,0,0,Away,San Diego Chargers,17,11.28
Derek Carr,Oakland Raiders,1,21,33,194,1,1,2,12,0,Home,Kansas City Chiefs,17,11.96
Austin Davis,Cleveland Browns,1,24,46,240,0,2,3,22,0,Away,Pittsburgh Steelers,17,9.8
Josh Freeman,Indianapolis Colts,1,15,28,149,1,1,8,24,0,Away,Tennessee Titans,17,11.36
Blake Bortles,Jacksonville Jaguars,1,17,32,239,0,2,0,0,0,Home,Houston Texans,17,7.56
Case Keenum,St. Louis Rams,1,22,37,231,0,0,1,2,0,Home,San Francisco 49ers,17,9.44
Carson Palmer,Arizona Cardinals,1,12,25,129,1,1,0,0,0,Away,Seattle Seahawks,17,8.16
Colt McCoy,Washington Redskins,1,7,11,128,1,0,3,-3,0,Home,Dallas Cowboys,17,8.82
Alex Tanney,Tennessee Titans,1,10,14,99,1,0,0,0,0,Home,Indianapolis Colts,17,7.96
Zach Mettenberger,Tennessee Titans,1,5,13,38,0,1,2,4,1,Home,Indianapolis Colts,17,6.92
Ryan Lindley,Indianapolis Colts,1,6,10,58,1,0,0,0,0,Away,Tennessee Titans,17,6.32
Tom Brady,New England Patriots,1,12,21,134,0,0,1,-1,0,Home,Miami Dolphins,17,5.26
Teddy Bridgewater,Minnesota Vikings,1,10,19,99,0,1,2,2,0,Home,Green Bay Packers,17,3.16
Drew Stanton,Arizona Cardinals,1,8,18,84,0,2,0,0,0,Away,Seattle Seahawks,17,1.36
Peyton Manning,Denver Broncos,1,5,9,69,0,0,2,-2,0,Away,San Diego Chargers,17,2.56
Tarvaris Jackson,Seattle Seahawks,1,3,4,28,0,0,2,-2,0,Home,Arizona Cardinals,17,0.92
Jimmy Garoppolo,New England Patriots,1,1,4,6,0,0,0,0,0,Home,Miami Dolphins,17,0.24
Derek Anderson,Carolina Panthers,1,0,0,0,0,0,2,-2,0,Away,Tampa Bay Buccaneers,17,-0.2
Tom Brady,New England Patriots,1,38,59,466,3,0,3,-4,0,Home,Buffalo Bills,2,33.24
Tyrod Taylor,Buffalo Bills,1,23,30,242,3,3,5,43,1,Away,New England Patriots,2,28.98
Derek Carr,Oakland Raiders,1,30,46,351,3,1,2,23,0,Away,Baltimore Ravens,2,30.34
Cam Newton,Carolina Panthers,1,18,37,195,2,1,10,76,1,Away,Houston Texans,2,28.4
Ben Roethlisberger,Pittsburgh Steelers,1,21,27,369,3,0,1,-1,0,Away,San Francisco 49ers,2,29.66
Colin Kaepernick,San Francisco 49ers,1,33,46,335,2,0,9,51,0,Home,Pittsburgh Steelers,2,29.5
Ryan Tannehill,Miami Dolphins,1,30,44,359,2,0,3,17,0,Home,Jacksonville Jaguars,2,27.06
Joe Flacco,Baltimore Ravens,1,32,45,384,2,1,2,2,0,Home,Oakland Raiders,2,25.56
Russell Wilson,Seattle Seahawks,1,19,30,206,2,1,10,78,0,Home,Green Bay Packers,2,23.04
Carson Palmer,Arizona Cardinals,1,17,24,185,4,1,2,-2,0,Home,Chicago Bears,2,22.2
Eli Manning,New York Giants,1,27,40,292,2,0,2,23,0,Away,Atlanta Falcons,2,21.98
Peyton Manning,Denver Broncos,1,26,45,256,3,1,0,0,0,Home,Kansas City Chiefs,2,21.24
Blake Bortles,Jacksonville Jaguars,1,18,33,273,2,0,2,27,0,Away,Miami Dolphins,2,21.62
Matthew Stafford,Detroit Lions,1,32,53,286,2,1,4,20,0,Home,Minnesota Vikings,2,20.44
Andy Dalton,Cincinnati Bengals,1,16,26,214,3,0,5,10,0,Away,San Diego Chargers,2,21.56
Ryan Mallett,Houston Texans,1,27,58,244,1,1,1,6,1,Home,Carolina Panthers,2,19.36
Marcus Mariota,Tennessee Titans,1,21,37,257,2,0,3,19,0,Home,Cleveland Browns,2,20.18
Aaron Rodgers,Green Bay Packers,1,25,33,249,2,0,6,23,0,Away,Seattle Seahawks,2,20.26
Jameis Winston,Tampa Bay Buccaneers,1,14,21,207,1,0,6,23,1,Home,New Orleans Saints,2,20.58
Matt Ryan,Atlanta Falcons,1,30,46,363,1,0,1,-1,0,Home,New York Giants,2,21.42
Ryan Fitzpatrick,New York Jets,1,22,34,244,2,1,1,6,0,Home,Indianapolis Colts,2,17.36
Philip Rivers,San Diego Chargers,1,21,27,241,2,1,1,5,0,Home,Cincinnati Bengals,2,17.14
Teddy Bridgewater,Minnesota Vikings,1,14,18,153,1,0,6,21,1,Away,Detroit Lions,2,18.22
Andrew Luck,Indianapolis Colts,1,21,37,250,1,3,4,24,0,Away,New York Jets,2,13.4
Johnny Manziel,Cleveland Browns,1,8,15,172,2,0,3,1,0,Away,Tennessee Titans,2,14.98
Drew Brees,New Orleans Saints,1,24,38,255,1,1,1,-1,0,Away,Tampa Bay Buccaneers,2,13.1
Sam Bradford,Philadelphia Eagles,1,23,37,224,1,2,2,9,0,Away,Dallas Cowboys,2,11.86
Kirk Cousins,Washington Redskins,1,23,27,203,1,0,0,0,0,Away,St. Louis Rams,2,12.12
Jay Cutler,Chicago Bears,1,8,9,120,1,1,3,24,0,Away,Arizona Cardinals,2,10.2
Nick Foles,St. Louis Rams,1,17,32,150,1,0,1,1,0,Home,Washington Redskins,2,10.1
Alex Smith,Kansas City Chiefs,1,16,25,191,0,2,3,15,0,Away,Denver Broncos,2,7.14
Tony Romo,Dallas Cowboys,1,18,27,195,0,0,1,12,0,Home,Philadelphia Eagles,2,9.0
Brandon Weeden,Dallas Cowboys,1,7,7,73,1,0,3,11,0,Home,Philadelphia Eagles,2,8.02
Jimmy Clausen,Chicago Bears,1,14,23,121,0,1,2,-5,0,Away,Arizona Cardinals,2,3.34
Michael Vick,Pittsburgh Steelers,1,0,0,0,0,0,3,-3,0,Away,San Francisco 49ers,2,-0.3
Aaron Rodgers,Green Bay Packers,1,24,35,333,5,0,2,16,0,Away,Kansas City Chiefs,3,37.92
Andy Dalton,Cincinnati Bengals,1,20,32,383,3,1,5,10,1,Home,Baltimore Ravens,3,36.32
Cam Newton,Carolina Panthers,1,20,31,315,2,0,7,33,1,Away,New Orleans Saints,3,32.9
Tyrod Taylor,Buffalo Bills,1,21,29,277,3,0,3,12,0,Home,Miami Dolphins,3,24.28
Marcus Mariota,Tennessee Titans,1,27,44,367,2,2,0,0,0,Away,Indianapolis Colts,3,23.68
Tom Brady,New England Patriots,1,33,42,358,2,0,2,4,0,Away,Jacksonville Jaguars,3,25.72
Joe Flacco,Baltimore Ravens,1,32,49,362,2,1,0,0,0,Away,Cincinnati Bengals,3,24.48
Josh McCown,Cleveland Browns,1,28,49,341,2,1,0,0,0,Away,Oakland Raiders,3,23.64
Peyton Manning,Denver Broncos,1,31,42,324,2,1,1,-1,0,Home,Detroit Lions,3,22.86
Matt Ryan,Atlanta Falcons,1,24,36,285,2,0,2,17,0,Home,Dallas Cowboys,3,21.1
Carson Palmer,Arizona Cardinals,1,20,32,311,2,1,1,1,0,Away,San Francisco 49ers,3,22.54
Derek Carr,Oakland Raiders,1,20,32,314,2,0,1,-1,0,Home,Cleveland Browns,3,23.46
Ryan Fitzpatrick,New York Jets,1,35,58,283,2,3,4,13,0,Away,Philadelphia Eagles,3,17.62
Andrew Luck,Indianapolis Colts,1,18,30,260,2,2,6,21,0,Home,Tennessee Titans,3,18.5
Ryan Tannehill,Miami Dolphins,1,26,49,297,2,3,1,-1,0,Away,Buffalo Bills,3,16.78
Eli Manning,New York Giants,1,23,32,279,2,0,0,0,0,Away,Washington Redskins,3,19.16
Alex Smith,Kansas City Chiefs,1,24,40,290,1,1,6,33,0,Home,Green Bay Packers,3,17.9
Blake Bortles,Jacksonville Jaguars,1,17,33,242,2,1,3,7,0,Home,New England Patriots,3,17.38
Kirk Cousins,Washington Redskins,1,30,49,316,1,2,0,0,0,Home,New York Giants,3,17.64
Russell Wilson,Seattle Seahawks,1,20,30,235,1,0,6,28,0,Away,Chicago Bears,3,16.2
Matthew Stafford,Detroit Lions,1,31,45,282,1,2,1,-1,0,Away,Denver Broncos,3,13.18
Jameis Winston,Tampa Bay Buccaneers,1,17,36,261,1,1,0,0,0,Home,Houston Texans,3,13.44
Philip Rivers,San Diego Chargers,1,21,34,246,1,1,0,0,0,Home,Minnesota Vikings,3,12.84
Luke McCown,New Orleans Saints,1,31,38,310,0,1,0,0,0,Home,Carolina Panthers,3,14.4
Ryan Mallett,Houston Texans,1,24,39,228,1,1,1,-1,0,Away,Tampa Bay Buccaneers,3,12.02
Colin Kaepernick,San Francisco 49ers,1,9,19,67,0,4,7,46,1,Home,Arizona Cardinals,3,9.28
Brandon Weeden,Dallas Cowboys,1,22,26,232,0,1,0,0,0,Away,Atlanta Falcons,3,8.28
Nick Foles,St. Louis Rams,1,19,28,197,0,1,1,10,0,Away,Pittsburgh Steelers,3,7.88
Sam Bradford,Philadelphia Eagles,1,14,28,118,1,0,3,-2,0,Home,New York Jets,3,8.52
Ben Roethlisberger,Pittsburgh Steelers,1,20,24,192,0,1,0,0,0,Home,St. Louis Rams,3,6.68
Kellen Clemens,San Diego Chargers,1,5,6,63,1,0,0,0,0,Home,Minnesota Vikings,3,6.52
Teddy Bridgewater,Minnesota Vikings,1,13,24,121,0,1,1,-1,0,Away,San Diego Chargers,3,3.74
Jimmy Clausen,Chicago Bears,1,9,17,63,0,0,3,13,0,Home,Seattle Seahawks,3,3.82
Michael Vick,Pittsburgh Steelers,1,5,6,38,0,0,2,-2,0,Home,St. Louis Rams,3,1.32
Jimmy Garoppolo,New England Patriots,1,0,0,0,0,0,2,-2,0,Away,Jacksonville Jaguars,3,-0.2
EJ Manuel,Buffalo Bills,1,0,0,0,0,0,1,-2,0,Home,Miami Dolphins,3,-0.2
Drew Stanton,Arizona Cardinals,1,0,0,0,0,0,3,-3,0,Away,San Francisco 49ers,3,-0.3
Philip Rivers,San Diego Chargers,1,23,38,358,3,0,1,-1,0,Away,Cleveland Browns,4,29.22
Sam Bradford,Philadelphia Eagles,1,15,28,270,3,0,1,14,0,Home,Washington Redskins,4,24.2
Drew Brees,New Orleans Saints,1,33,41,359,2,0,0,0,0,Away,Dallas Cowboys,4,25.36
Josh McCown,Cleveland Browns,1,32,41,356,2,0,0,0,0,Home,San Diego Chargers,4,25.24
Kirk Cousins,Washington Redskins,1,31,46,290,1,0,1,1,1,Away,Philadelphia Eagles,4,21.7
Jameis Winston,Tampa Bay Buccaneers,1,26,43,287,2,4,4,12,0,Away,Carolina Panthers,4,16.68
Eli Manning,New York Giants,1,20,35,212,3,1,3,-2,0,Home,Buffalo Bills,4,19.28
Russell Wilson,Seattle Seahawks,1,20,26,287,1,0,10,40,0,Away,Detroit Lions,4,19.48
Jay Cutler,Chicago Bears,1,28,43,281,2,1,1,0,0,Away,Oakland Raiders,4,18.24
Blake Bortles,Jacksonville Jaguars,1,28,50,298,1,0,4,31,0,Home,Indianapolis Colts,4,19.02
Alex Smith,Kansas City Chiefs,1,31,45,386,0,0,5,25,0,Home,Cincinnati Bengals,4,20.94
Andy Dalton,Cincinnati Bengals,1,17,24,321,1,0,3,16,0,Away,Kansas City Chiefs,4,21.44
Carson Palmer,Arizona Cardinals,1,29,46,352,1,1,1,-1,0,Away,St. Louis Rams,4,19.98
Nick Foles,St. Louis Rams,1,16,24,171,3,0,1,-1,0,Home,Arizona Cardinals,4,18.74
Teddy Bridgewater,Minnesota Vikings,1,27,41,269,1,0,3,23,0,Home,Denver Broncos,4,17.06
Brian Hoyer,Houston Texans,1,17,30,232,2,0,0,0,0,Home,Atlanta Falcons,4,17.28
Cam Newton,Carolina Panthers,1,11,22,124,2,0,12,51,0,Home,Tampa Bay Buccaneers,4,18.06
Tyrod Taylor,Buffalo Bills,1,28,42,274,1,1,6,15,0,Away,New York Giants,4,15.46
Aaron Rodgers,Green Bay Packers,1,22,32,224,1,0,3,33,0,Home,San Francisco 49ers,4,16.26
Ryan Fitzpatrick,New York Jets,1,16,29,218,1,1,9,34,0,Home,Miami Dolphins,4,15.12
Ryan Tannehill,Miami Dolphins,1,19,44,198,2,2,1,4,0,Away,New York Jets,4,14.32
Matt Hasselbeck,Indianapolis Colts,1,30,47,282,1,0,3,1,0,Away,Jacksonville Jaguars,4,15.38
Derek Carr,Oakland Raiders,1,20,33,196,2,1,0,0,0,Home,Chicago Bears,4,14.84
Brandon Weeden,Dallas Cowboys,1,16,26,246,1,0,3,5,0,Home,New Orleans Saints,4,14.34
Matt Ryan,Atlanta Falcons,1,19,27,256,1,0,1,-1,0,Away,Houston Texans,4,14.14
Peyton Manning,Denver Broncos,1,17,27,213,1,2,2,-2,0,Away,Minnesota Vikings,4,10.32
Colin Kaepernick,San Francisco 49ers,1,13,25,160,0,1,10,57,0,Away,Green Bay Packers,4,11.1
Michael Vick,Pittsburgh Steelers,1,19,26,124,1,0,9,33,0,Away,Baltimore Ravens,4,12.26
Joe Flacco,Baltimore Ravens,1,20,33,189,1,1,3,0,0,Home,Pittsburgh Steelers,4,10.56
Matthew Stafford,Detroit Lions,1,24,35,203,0,0,0,0,0,Home,Seattle Seahawks,4,8.12
Ryan Mallett,Houston Texans,1,12,27,150,0,1,0,0,0,Home,Atlanta Falcons,4,5.0
B.J. Daniels,Seattle Seahawks,1,0,0,0,0,0,0,0,0,Away,Detroit Lions,4,0.0
Sean Renfree,Atlanta Falcons,1,0,0,0,0,0,1,-4,0,Away,Houston Texans,4,-0.4
Josh McCown,Cleveland Browns,1,36,51,457,2,0,3,12,1,Home,Baltimore Ravens,5,36.48
Eli Manning,New York Giants,1,41,54,441,3,1,1,11,0,Away,San Francisco 49ers,5,32.74
Blake Bortles,Jacksonville Jaguars,1,23,33,303,4,1,1,21,0,Home,Tampa Bay Buccaneers,5,32.22
Andy Dalton,Cincinnati Bengals,1,30,44,331,2,1,7,18,1,Away,Seattle Seahawks,5,31.04
Tom Brady,New England Patriots,1,20,27,275,2,0,2,3,1,Home,Dallas Cowboys,5,25.3
Joe Flacco,Baltimore Ravens,1,19,35,210,1,0,2,2,2,Away,Cleveland Browns,5,24.6
Philip Rivers,San Diego Chargers,1,35,48,365,2,1,0,0,0,Away,Pittsburgh Steelers,5,24.6
Brian Hoyer,Houston Texans,1,24,31,312,2,1,1,14,0,Away,Indianapolis Colts,5,23.88
Sam Bradford,Philadelphia Eagles,1,32,45,333,2,2,1,3,0,Away,New Orleans Saints,5,22.62
Drew Brees,New Orleans Saints,1,26,43,335,2,1,1,-1,0,Home,Philadelphia Eagles,5,23.3
Aaron Rodgers,Green Bay Packers,1,19,30,241,2,2,8,39,0,Away,St. Louis Rams,5,19.54
Colin Kaepernick,San Francisco 49ers,1,23,35,262,2,0,3,23,0,Home,New York Giants,5,20.78
Tyrod Taylor,Buffalo Bills,1,10,17,109,1,0,8,76,1,Home,Tennessee Titans,5,21.96
Jay Cutler,Chicago Bears,1,26,45,252,2,0,4,15,0,Home,Kansas City Chiefs,5,19.58
Carson Palmer,Arizona Cardinals,1,11,14,161,3,0,1,-1,0,Home,Detroit Lions,5,18.34
Matt Hasselbeck,Indianapolis Colts,1,18,29,213,2,0,3,-3,0,Home,Houston Texans,5,16.22
Russell Wilson,Seattle Seahawks,1,15,23,213,1,1,3,21,0,Home,Cincinnati Bengals,5,13.62
Michael Vick,Pittsburgh Steelers,1,13,26,203,1,1,1,24,0,Home,San Diego Chargers,5,13.52
Derek Carr,Oakland Raiders,1,26,39,249,1,1,1,-1,0,Away,Denver Broncos,5,12.86
Jameis Winston,Tampa Bay Buccaneers,1,13,19,209,1,0,4,9,0,Away,Jacksonville Jaguars,5,13.26
Alex Smith,Kansas City Chiefs,1,16,30,181,1,0,3,21,0,Away,Chicago Bears,5,13.34
Kirk Cousins,Washington Redskins,1,21,32,219,1,2,1,1,0,Home,Atlanta Falcons,5,10.86
Matt Ryan,Atlanta Falcons,1,24,42,254,0,2,3,20,0,Away,Washington Redskins,5,10.16
Marcus Mariota,Tennessee Titans,1,21,32,187,0,1,5,47,0,Away,Buffalo Bills,5,11.18
Matthew Stafford,Detroit Lions,1,20,32,188,1,3,1,2,0,Away,Arizona Cardinals,5,8.72
Dan Orlovsky,Detroit Lions,1,21,38,191,1,1,0,0,0,Away,Arizona Cardinals,5,10.64
Peyton Manning,Denver Broncos,1,22,35,266,0,2,0,0,0,Home,Oakland Raiders,5,8.64
Nick Foles,St. Louis Rams,1,11,30,141,1,4,1,2,0,Home,Green Bay Packers,5,5.84
Brandon Weeden,Dallas Cowboys,1,26,39,188,0,1,3,18,0,Away,New England Patriots,5,8.32
Ryan Mallett,Houston Texans,1,7,10,50,0,1,1,0,0,Away,Indianapolis Colts,5,1.0
Drew Stanton,Arizona Cardinals,1,1,4,10,0,0,3,-3,0,Home,Detroit Lions,5,0.1
Jimmy Garoppolo,New England Patriots,1,0,0,0,0,0,2,-2,0,Home,Dallas Cowboys,5,-0.2
Matthew Stafford,Detroit Lions,1,27,42,405,4,1,6,37,0,Away,Chicago Bears,6,37.9
Philip Rivers,San Diego Chargers,1,43,65,503,2,0,0,0,0,Home,Green Bay Packers,6,31.12
Blake Bortles,Jacksonville Jaguars,1,30,53,331,3,3,4,37,0,Away,Houston Texans,6,28.94
Andrew Luck,Indianapolis Colts,1,30,50,312,3,0,4,35,0,Away,New England Patriots,6,30.98
Ryan Fitzpatrick,New York Jets,1,19,26,253,2,1,4,31,1,Away,Washington Redskins,6,26.22
Tom Brady,New England Patriots,1,23,37,312,3,1,4,0,0,Home,Indianapolis Colts,6,26.48
Brian Hoyer,Houston Texans,1,24,36,293,3,0,5,5,0,Home,Jacksonville Jaguars,6,24.22
Cam Newton,Carolina Panthers,1,20,36,269,1,2,7,30,1,Home,Seattle Seahawks,6,21.76
Colin Kaepernick,San Francisco 49ers,1,16,27,340,2,0,3,10,0,Away,Baltimore Ravens,6,25.6
EJ Manuel,Buffalo Bills,1,28,42,263,1,1,6,22,1,Away,Cincinnati Bengals,6,21.72
Joe Flacco,Baltimore Ravens,1,33,53,343,2,2,0,0,0,Home,San Francisco 49ers,6,22.72
Carson Palmer,Arizona Cardinals,1,29,45,421,1,2,2,-1,0,Home,Pittsburgh Steelers,6,21.74
Andy Dalton,Cincinnati Bengals,1,22,33,243,3,0,3,-2,0,Home,Buffalo Bills,6,21.52
Matt Ryan,Atlanta Falcons,1,30,44,295,2,0,4,10,0,Home,New Orleans Saints,6,20.8
Jay Cutler,Chicago Bears,1,26,41,353,1,1,2,12,0,Home,Detroit Lions,6,21.32
Ryan Tannehill,Miami Dolphins,1,22,29,266,2,2,2,14,0,Home,Tennessee Titans,6,18.04
Aaron Rodgers,Green Bay Packers,1,16,29,255,2,0,2,14,0,Away,San Diego Chargers,6,19.6
Russell Wilson,Seattle Seahawks,1,18,30,239,1,0,8,53,0,Away,Carolina Panthers,6,18.86
Josh McCown,Cleveland Browns,1,20,39,213,2,2,3,12,0,Away,Denver Broncos,6,15.72
Drew Brees,New Orleans Saints,1,30,39,312,1,0,2,2,0,Away,Atlanta Falcons,6,19.68
Alex Smith,Kansas City Chiefs,1,22,37,282,1,0,2,10,0,Home,Minnesota Vikings,6,16.28
Peyton Manning,Denver Broncos,1,26,48,290,1,3,0,0,0,Home,Cleveland Browns,6,12.6
Sam Bradford,Philadelphia Eagles,1,24,38,280,1,3,4,2,0,Away,New York Giants,6,12.4
Landry Jones,Pittsburgh Steelers,1,8,12,168,2,0,1,-1,0,Away,Arizona Cardinals,6,14.62
Teddy Bridgewater,Minnesota Vikings,1,17,31,249,1,2,3,-5,0,Away,Kansas City Chiefs,6,11.46
Marcus Mariota,Tennessee Titans,1,21,33,219,1,2,0,0,0,Away,Miami Dolphins,6,10.76
Eli Manning,New York Giants,1,24,38,189,1,2,1,12,0,Home,Philadelphia Eagles,6,10.76
Kirk Cousins,Washington Redskins,1,25,43,196,1,2,1,1,0,Home,New York Jets,6,9.94
Michael Vick,Pittsburgh Steelers,1,3,8,6,0,0,5,47,0,Away,Arizona Cardinals,6,4.94
Zach Mettenberger,Tennessee Titans,1,5,8,63,0,0,1,4,0,Away,Miami Dolphins,6,2.92
Kirk Cousins,Washington Redskins,1,33,40,317,3,0,3,15,1,Away,Tampa Bay Buccaneers,7,35.18
Tom Brady,New England Patriots,1,34,54,355,2,0,4,15,1,Away,New York Jets,7,32.7
Andrew Luck,Indianapolis Colts,1,23,44,333,3,2,3,27,0,Away,New Orleans Saints,7,29.02
Ryan Tannehill,Miami Dolphins,1,18,19,282,4,0,1,3,0,Away,Houston Texans,7,27.58
Philip Rivers,San Diego Chargers,1,38,58,336,3,2,0,0,0,Away,Oakland Raiders,7,26.44
Derek Carr,Oakland Raiders,1,24,31,289,3,0,2,3,0,Home,San Diego Chargers,7,23.86
EJ Manuel,Buffalo Bills,1,24,42,298,2,2,8,38,0,Home,Jacksonville Jaguars,7,21.72
Ryan Fitzpatrick,New York Jets,1,22,39,295,2,0,5,29,0,Home,New England Patriots,7,22.7
Brian Hoyer,Houston Texans,1,23,49,273,3,1,0,0,0,Home,Miami Dolphins,7,21.92
Teddy Bridgewater,Minnesota Vikings,1,25,35,316,2,0,3,1,0,Home,Detroit Lions,7,23.74
Jameis Winston,Tampa Bay Buccaneers,1,21,29,297,2,0,1,5,0,Home,Washington Redskins,7,20.38
Carson Palmer,Arizona Cardinals,1,20,29,275,2,0,2,2,0,Away,Baltimore Ravens,7,19.2
Cam Newton,Carolina Panthers,1,14,24,197,1,3,4,20,1,Away,Philadelphia Eagles,7,16.88
Matthew Stafford,Detroit Lions,1,18,26,256,2,0,1,5,0,Away,Minnesota Vikings,7,18.74
Russell Wilson,Seattle Seahawks,1,18,24,235,1,2,7,20,0,Home,San Francisco 49ers,7,13.4
Alex Smith,Kansas City Chiefs,1,21,32,251,1,0,3,5,0,Away,Pittsburgh Steelers,7,14.54
Blake Bortles,Jacksonville Jaguars,1,13,29,182,2,1,5,-3,0,Away,Buffalo Bills,7,13.98
Joe Flacco,Baltimore Ravens,1,26,40,252,1,1,0,0,0,Home,Arizona Cardinals,7,13.08
Drew Brees,New Orleans Saints,1,28,44,255,1,1,4,-4,0,Home,Indianapolis Colts,7,12.8
Matt Ryan,Atlanta Falcons,1,22,38,251,1,2,2,-3,0,Home,Tennessee Titans,7,11.74
Matt Cassel,Dallas Cowboys,1,17,27,227,1,3,1,4,0,Home,New York Giants,7,10.48
Josh McCown,Cleveland Browns,1,26,32,270,0,0,4,21,0,Home,St. Louis Rams,7,12.9
Landry Jones,Pittsburgh Steelers,1,16,29,209,1,2,1,-2,0,Home,Kansas City Chiefs,7,10.16
Zach Mettenberger,Tennessee Titans,1,22,35,187,1,2,1,0,0,Away,Atlanta Falcons,7,9.48
Sam Bradford,Philadelphia Eagles,1,26,46,205,0,1,3,6,0,Home,Carolina Panthers,7,7.8
Eli Manning,New York Giants,1,13,24,170,0,0,4,-4,0,Away,Dallas Cowboys,7,6.4
Nick Foles,St. Louis Rams,1,15,23,163,0,0,2,-2,0,Away,Cleveland Browns,7,6.32
Colin Kaepernick,San Francisco 49ers,1,13,24,124,0,0,0,0,0,Away,Seattle Seahawks,7,4.96
Johnny Manziel,Cleveland Browns,1,4,5,27,0,0,1,5,0,Home,St. Louis Rams,7,1.58
Luke McCown,New Orleans Saints,1,1,1,25,0,0,0,0,0,Home,Indianapolis Colts,7,1.0
Matt Moore,Miami Dolphins,1,1,1,14,0,0,3,-2,0,Away,Houston Texans,7,0.36
Drew Brees,New Orleans Saints,1,40,50,511,7,1,1,1,0,Away,New York Giants,8,50.54
Eli Manning,New York Giants,1,30,41,350,6,0,0,0,0,Home,New Orleans Saints,8,41.0
Carson Palmer,Arizona Cardinals,1,23,38,374,4,1,3,6,0,Home,Cleveland Browns,8,33.56
Tom Brady,New England Patriots,1,26,38,356,4,0,1,1,0,Away,Miami Dolphins,8,33.34
Derek Carr,Oakland Raiders,1,23,36,333,4,0,2,-2,0,Away,New York Jets,8,32.12
Alex Smith,Kansas City Chiefs,1,18,26,145,2,0,5,78,1,Away,Detroit Lions,8,27.6
Matt Ryan,Atlanta Falcons,1,37,45,397,2,1,3,2,0,Away,Tampa Bay Buccaneers,8,26.08
Philip Rivers,San Diego Chargers,1,28,37,301,3,0,1,0,0,Home,Baltimore Ravens,8,27.04
Joe Flacco,Baltimore Ravens,1,25,37,319,1,0,4,2,1,Away,San Diego Chargers,8,25.96
Geno Smith,New York Jets,1,27,42,265,2,1,2,34,0,Home,Oakland Raiders,8,21.0
Cam Newton,Carolina Panthers,1,16,35,248,2,1,10,41,0,Away,Indianapolis Colts,8,21.02
Josh McCown,Cleveland Browns,1,18,34,211,3,1,5,18,0,Away,Arizona Cardinals,8,21.24
Andrew Luck,Indianapolis Colts,1,23,47,231,2,3,6,35,0,Home,Carolina Panthers,8,17.74
Jay Cutler,Chicago Bears,1,22,33,211,1,0,2,11,1,Away,Minnesota Vikings,8,19.54
Jameis Winston,Tampa Bay Buccaneers,1,16,29,177,1,0,3,24,1,Home,Atlanta Falcons,8,19.48
Brian Hoyer,Houston Texans,1,23,35,235,2,0,1,-1,0,Away,Tennessee Titans,8,17.3
Russell Wilson,Seattle Seahawks,1,19,30,210,1,1,6,32,0,Home,Dallas Cowboys,8,14.6
Ben Roethlisberger,Pittsburgh Steelers,1,28,45,262,1,3,0,0,0,Away,Cincinnati Bengals,8,11.48
Peyton Manning,Denver Broncos,1,21,29,340,0,1,0,0,0,Away,Green Bay Packers,8,15.6
Andy Dalton,Cincinnati Bengals,1,23,38,231,1,2,6,4,0,Home,Pittsburgh Steelers,8,11.64
Teddy Bridgewater,Minnesota Vikings,1,17,30,187,1,1,2,21,0,Home,Chicago Bears,8,12.58
Matthew Stafford,Detroit Lions,1,22,36,217,1,2,1,5,0,Home,Kansas City Chiefs,8,11.18
Ryan Tannehill,Miami Dolphins,1,28,44,300,0,2,2,-1,0,Home,New England Patriots,8,12.9
Nick Foles,St. Louis Rams,1,14,23,191,1,0,3,-3,0,Away,San Francisco 49ers,8,11.34
Colin Kaepernick,San Francisco 49ers,1,20,41,162,0,0,6,28,0,Home,St. Louis Rams,8,9.28
Matt Cassel,Dallas Cowboys,1,13,25,97,0,0,4,43,0,Away,Seattle Seahawks,8,8.18
Zach Mettenberger,Tennessee Titans,1,22,31,171,0,1,0,0,0,Home,Houston Texans,8,5.84
Aaron Rodgers,Green Bay Packers,1,14,22,77,0,0,2,31,0,Home,Denver Broncos,8,6.18
Ryan Fitzpatrick,New York Jets,1,4,5,46,0,0,1,12,0,Home,Oakland Raiders,8,3.04
Johnny Manziel,Cleveland Browns,1,3,6,12,0,0,1,1,0,Away,Arizona Cardinals,8,0.58
Dan Orlovsky,Detroit Lions,1,1,2,10,0,0,0,0,0,Home,Kansas City Chiefs,8,0.4
Chase Daniel,Kansas City Chiefs,1,2,2,4,0,0,0,0,0,Away,Detroit Lions,8,0.16
Cam Newton,Carolina Panthers,1,15,30,297,3,1,9,57,1,Away,Green Bay Packers,9,34.58
Drew Brees,New Orleans Saints,1,28,39,389,3,1,3,-1,1,Away,Tennessee Titans,9,35.46
Aaron Rodgers,Green Bay Packers,1,25,48,369,4,1,4,22,0,Home,Carolina Panthers,9,34.96
Marcus Mariota,Tennessee Titans,1,28,39,371,4,0,1,5,0,Home,New Orleans Saints,9,34.34
Derek Carr,Oakland Raiders,1,24,44,301,4,1,2,3,0,Home,Pittsburgh Steelers,9,30.34
Blake Bortles,Jacksonville Jaguars,1,24,40,381,2,2,4,32,0,Home,New York Jets,9,27.44
Matt Cassel,Dallas Cowboys,1,25,38,299,3,1,2,17,0,Away,Philadelphia Eagles,9,24.66
Jay Cutler,Chicago Bears,1,27,40,345,2,1,3,-2,0,Home,San Diego Chargers,9,23.6
Ben Roethlisberger,Pittsburgh Steelers,1,24,44,334,2,1,0,0,0,Away,Oakland Raiders,9,23.36
Andy Dalton,Cincinnati Bengals,1,21,27,234,3,0,6,5,0,Away,Cleveland Browns,9,21.86
Andrew Luck,Indianapolis Colts,1,21,36,252,2,0,6,34,0,Away,Denver Broncos,9,21.48
Tom Brady,New England Patriots,1,26,39,299,2,1,1,-1,0,Away,Washington Redskins,9,18.86
Peyton Manning,Denver Broncos,1,21,36,281,2,2,0,0,0,Home,Indianapolis Colts,9,17.24
Ryan Fitzpatrick,New York Jets,1,21,34,272,2,0,4,0,0,Away,Jacksonville Jaguars,9,18.88
Jameis Winston,Tampa Bay Buccaneers,1,19,36,249,0,0,3,24,1,Away,New York Giants,9,18.36
Blaine Gabbert,San Francisco 49ers,1,15,25,185,2,2,8,32,0,Away,Atlanta Falcons,9,16.6
Matt Ryan,Atlanta Falcons,1,30,45,303,1,0,1,2,0,Home,San Francisco 49ers,9,19.32
Sam Bradford,Philadelphia Eagles,1,25,36,295,1,0,1,-1,0,Home,Dallas Cowboys,9,15.7
Eli Manning,New York Giants,1,26,40,213,2,2,1,-1,0,Home,Tampa Bay Buccaneers,9,14.42
Philip Rivers,San Diego Chargers,1,26,42,280,1,0,0,0,0,Away,Chicago Bears,9,15.2
Tyrod Taylor,Buffalo Bills,1,11,12,181,1,0,10,44,0,Away,Miami Dolphins,9,15.64
Ryan Tannehill,Miami Dolphins,1,27,36,309,0,0,2,3,0,Home,Buffalo Bills,9,15.66
Johnny Manziel,Cleveland Browns,1,15,33,168,1,0,4,31,0,Home,Cincinnati Bengals,9,13.82
Teddy Bridgewater,Minnesota Vikings,1,13,21,144,0,1,3,17,1,Away,St. Louis Rams,9,12.46
Kirk Cousins,Washington Redskins,1,22,40,217,1,1,0,0,0,Home,New England Patriots,9,11.68
Nick Foles,St. Louis Rams,1,18,33,168,0,0,1,2,0,Home,Minnesota Vikings,9,6.92
Landry Jones,Pittsburgh Steelers,1,4,6,79,0,0,0,0,0,Away,Oakland Raiders,9,3.16
Shaun Hill,Minnesota Vikings,1,2,6,15,0,0,1,-1,0,Away,St. Louis Rams,9,0.5
Colin Kaepernick,San Francisco 49ers,1,0,1,0,0,0,0,0,0,Away,Atlanta Falcons,9,0.0
Jimmy Garoppolo,New England Patriots,1,0,0,0,0,0,1,-1,0,Away,Washington Redskins,9,-0.1
AJ McCarron,Cincinnati Bengals,1,0,0,0,0,0,2,-2,0,Away,Cleveland Browns,9,-0.2
