"","playerId","rec","recYds","recTds","fumbles","analyst","player","position","rushAtt","rushYds","rushTds","twoPts"
"1",324,3.6,39.9,0.2,0,-1,"Jacob Tamme","TE",NA,NA,NA,NA
"2",1060,4.4,60.5,0.4,0,-1,"Gary Barnidge","TE",NA,NA,NA,NA
"3",1062,3.6,41.6,0.3,0,-1,"Martellus Bennett","TE",NA,NA,NA,NA
"4",71255,0,0,0,0,-1,"Chase Coffman","TE",NA,NA,NA,NA
"5",71265,2.7,35.2,0.2,0.1,-1,"Jared Cook","TE",NA,NA,NA,NA
"6",71435,0.2,1.3,0,0,-1,"John Phillips","TE",NA,NA,NA,NA
"7",79589,0.2,1.8,0,0,-1,"David Johnson","TE",NA,NA,NA,NA
"8",89766,0.7,7,0,0,-1,"Brandon Myers","TE",NA,NA,NA,NA
"9",238457,3.2,35.3,0.3,0,-1,"Zach Miller","TE",NA,NA,NA,NA
"10",497224,1.5,14.3,0.1,0,-1,"Ed Dickson","TE",NA,NA,NA,NA
"11",497226,1.6,16.7,0.1,0,-1,"Jim Dray","TE",NA,NA,NA,NA
"12",497236,2.4,27.5,0.2,0,-1,"Jimmy Graham","TE",NA,NA,NA,NA
"13",497238,1.7,17.9,0.1,0,-1,"Jermaine Gresham","TE",NA,NA,NA,NA
"14",497240,4.8,63.7,0.5,0,-1,"Rob Gronkowski","TE",NA,NA,NA,NA
"15",497242,0.6,5.4,0,0,-1,"Clay Harbor","TE",NA,NA,NA,NA
"16",497254,1.7,15.5,0.1,0,-1,"Dennis Pitta","TE",NA,NA,NA,NA
"17",497256,0,0,0,0,-1,"Tony Moeaki","TE",NA,NA,NA,NA
"18",2495139,3.4,36.5,0.2,0,-1,"Charles Clay","TE",NA,NA,NA,NA
"19",2495187,2.1,19.6,0.2,0,-1,"Lance Kendricks","TE",NA,NA,NA,NA
"20",2495234,0.4,2.5,0,0,-1,"Luke Stocker","TE",NA,NA,NA,NA
"21",2495267,2.2,20.9,0.1,0,-1,"Jordan Cameron","TE",NA,NA,NA,NA
"22",2495288,3.2,28.5,0.2,0,-1,"Virgil Green","TE",NA,NA,NA,NA
"23",2495347,2,21.6,0.2,0,-1,"Lee Smith","TE",NA,NA,NA,NA
"24",2495353,3.1,37.1,0.3,0,-1,"Julius Thomas","TE",NA,NA,NA,NA
"25",2495438,2.4,24.4,0.3,0,-1,"Kyle Rudolph","TE",NA,NA,NA,NA
"26",2495700,4.5,52.8,0.3,0.1,-1,"Greg Olsen","TE",NA,NA,NA,NA
"27",2495826,1.3,15.1,0,0,-1,"Vernon Davis","TE",NA,NA,NA,NA
"28",2495835,0.7,7.3,0.1,0,-1,"Anthony Fasano","TE",NA,NA,NA,NA
"29",2495888,1.5,18.1,0.1,0,-1,"Marcedes Lewis","TE",NA,NA,NA,NA
"30",2495966,5.3,62,0.3,0,-1,"Delanie Walker","TE",NA,NA,NA,NA
"31",2505299,3.7,42.6,0.3,0,-1,"Antonio Gates","TE",NA,NA,NA,NA
"32",2505629,4.4,47.8,0.2,0.1,-1,"Jason Witten","TE",NA,NA,NA,NA
"33",2507218,1.2,16.4,0.1,0,-1,"Brent Celek","TE",NA,NA,NA,NA
"34",2507486,2,18.2,0.1,0,-1,"Kellen Davis","TE",NA,NA,NA,NA
"35",2507828,0,0,0,0,-1,"Logan Paulsen","TE",NA,NA,NA,NA
"36",2508112,0,0,0,0,-1,"Rob Housler","TE",NA,NA,NA,NA
"37",2532835,1.3,12.5,0.2,0,-1,"Rhett Ellison","TE",NA,NA,NA,NA
"38",2532838,4.5,52.2,0.4,0,-1,"Coby Fleener","TE",NA,NA,NA,NA
"39",2533046,3.5,35.8,0.4,0,-1,"Dwayne Allen","TE",NA,NA,NA,NA
"40",2533353,0.8,8,0,0,-1,"Cory Harkey","TE",NA,NA,NA,NA
"41",2534820,2.3,24.2,0.2,0,-1,"Garrett Celek","TE",NA,NA,NA,NA
"42",2535535,0,0,0,0,-1,"Phillip Supernaw","TE",NA,NA,NA,NA
"43",2535943,0,0,0,0,-1,"Sean McGrath","TE",NA,NA,NA,NA
"44",2537933,2.4,20.3,0.2,0.1,-1,"Larry Donnell","TE",NA,NA,NA,NA
"45",2539645,0.1,1.5,0,0,-1,"Brandon Williams","TE",NA,NA,NA,NA
"46",2539995,2.7,28.6,0.2,0,-1,"Mychal Rivera","TE",NA,NA,NA,NA
"47",2540158,4,52.9,0.3,0.1,-1,"Zach Ertz","TE",NA,NA,NA,NA
"48",2540160,5.9,65.3,0.6,0.2,-1,"Jordan Reed","TE",NA,NA,NA,NA
"49",2540200,1.6,13.6,0.1,0.1,-1,"Dion Sims","TE",NA,NA,NA,NA
"50",2540203,0.4,2.6,0,0,-1,"Levine Toilolo","TE",NA,NA,NA,NA
"51",2540211,2,20.5,0.3,0.2,-1,"Gavin Escobar","TE",NA,NA,NA,NA
"52",2540215,2.9,29.7,0.2,0,-1,"Vance McDonald","TE",NA,NA,NA,NA
"53",2540232,2.8,28.6,0.2,0,-1,"Jack Doyle","TE",NA,NA,NA,NA
"54",2540258,4.5,54.4,0.4,0.2,-1,"Travis Kelce","TE",NA,NA,NA,NA
"55",2540259,0.3,3.1,0,0,-1,"MarQueis Gray","TE",NA,NA,NA,NA
"56",2540928,1.5,19.9,0.2,0,-1,"Darren Fells","TE",NA,NA,NA,NA
"57",2541096,0,0,0,0,-1,"Ifeanyi Momah","TE",NA,NA,NA,NA
"58",2541187,0.2,2.5,0,0,-1,"Demetrius Harris","TE",NA,NA,NA,NA
"59",2541199,1.9,26.7,0.2,0,-1,"Luke Willson","TE",NA,NA,NA,NA
"60",2541316,2.1,25.5,0.2,0,-1,"Ryan Griffin","TE",NA,NA,NA,NA
"61",2541834,2.3,20.9,0.2,0,-1,"Josh Hill","TE",NA,NA,NA,NA
"62",2543466,2.9,35.9,0.3,0,-1,"Eric Ebron","TE",NA,NA,NA,NA
"63",2543481,0.9,9,0,0,-1,"Jace Amaro","TE",NA,NA,NA,NA
"64",2543628,0.2,1.7,0.1,0,-1,"Troy Niklas","TE",NA,NA,NA,NA
"65",2543683,2.1,29.5,0.3,0,-1,"Austin Seferian-Jenkins","TE",NA,NA,NA,NA
"66",2543721,1.7,18.1,0.1,0.1,-1,"C.J. Fiedorowicz","TE",NA,NA,NA,NA
"67",2543794,1.9,24.8,0.2,0,-1,"Crockett Gillmore","TE",NA,NA,NA,NA
"68",2550284,1.1,11.2,0.1,0,-1,"Trey Burton","TE",NA,NA,NA,NA
"69",2550355,0,0,0,0,-1,"Nic Jacobs","TE",NA,NA,NA,NA
"70",2550356,0,0,0,0,-1,"Marcel Jensen","TE",NA,NA,NA,NA
"71",2550454,0,0,0,0,-1,"Asante Cleveland","TE",NA,NA,NA,NA
"72",2550656,2.1,25.2,0.2,0,-1,"Cameron Brate","TE",NA,NA,NA,NA
"73",2551359,0,0,0,0,-1,"Jerome Cunningham","TE",NA,NA,NA,NA
"74",2552397,3.5,43,0.4,0,-1,"Clive Walford","TE",NA,NA,NA,NA
"75",2552399,1.9,16,0.1,0,-1,"Jeff Heuerman","TE",NA,NA,NA,NA
"76",2552403,0.2,2.8,0,0,-1,"Nick OLeary","TE",NA,NA,NA,NA
"77",2552468,1.6,14.9,0.1,0,-1,"Maxx Williams","TE",NA,NA,NA,NA
"78",2552478,1.2,13,0,0,-1,"Blake Bell","TE",NA,NA,NA,NA
"79",2552559,0.2,1.9,0,0,-1,"C.J. Uzomah","TE",NA,NA,NA,NA
"80",2552633,3.2,34.2,0.2,0,-1,"Jesse James","TE",NA,NA,NA,NA
"81",2552660,0.2,2.6,0,0,-1,"Randall Telfer","TE",NA,NA,NA,NA
"82",2553318,2.2,20.2,0.2,0,-1,"James OShaughnessy","TE",NA,NA,NA,NA
"83",2553454,0,0,0,0,-1,"Geoff Swaim","TE",NA,NA,NA,NA
"84",2553552,0,0,0,0,-1,"Khari Lee","TE",NA,NA,NA,NA
"85",2553773,0,0,0,0,-1,"Mitchell Henry","TE",NA,NA,NA,NA
"86",2553830,2.2,23.2,0.1,0.1,-1,"Will Tye","TE",NA,NA,NA,NA
"87",2553840,0,0,0,0,-1,"Brian Parker","TE",NA,NA,NA,NA
"88",2555306,0.2,2,0,0,-1,"David Morgan","TE",NA,NA,NA,NA
"89",2555311,0,0,0,0,-1,"Jerell Adams","TE",NA,NA,NA,NA
"90",2555341,1.7,15.8,0.1,0,-1,"Hunter Henry","TE",NA,NA,NA,NA
"91",2555364,1.3,12,0.1,0,-1,"Tyler Higbee","TE",NA,NA,NA,NA
"92",2555415,1.9,18.4,0.1,0,-1,"Austin Hooper","TE",NA,NA,NA,NA
"93",2555486,0.2,2.2,0,0,-1,"Temarrick Hemingway","TE",NA,NA,NA,NA
"94",2556463,0,0,0,0,-1,"Stephen Anderson","TE",NA,NA,NA,NA
"95",2556708,0,0,0,0,-1,"Cole Wick","TE",NA,NA,NA,NA
"96",324,2.8,29.4,0.2,NA,4,"Jacob Tamme","TE",0,0,0,NA
"97",1060,4.1,54,0.3,NA,4,"Gary Barnidge","TE",0,0,0,NA
"98",1062,3.4,32.9,0.3,NA,4,"Martellus Bennett","TE",0,0,0,NA
"99",71265,3.1,39.3,0.3,NA,4,"Jared Cook","TE",0,0,0,NA
"100",238457,4.1,40.8,0.2,NA,4,"Zach Miller","TE",0,0,0,NA
"101",497238,1.4,12.9,0.1,NA,4,"Jermaine Gresham","TE",0,0,0,NA
"102",497240,4.6,66.6,0.5,NA,4,"Rob Gronkowski","TE",0,0,0,NA
"103",2495139,3.6,38.3,0.3,NA,4,"Charles Clay","TE",0,0,0,NA
"104",2495187,2,22.6,0.1,NA,4,"Lance Kendricks","TE",0,0,0,NA
"105",2495267,2.9,31.7,0.2,NA,4,"Jordan Cameron","TE",0,0,0,NA
"106",2495288,2.8,22.5,0.2,NA,4,"Virgil Green","TE",0,0,0,NA
"107",2495353,4,42.1,0.4,NA,4,"Julius Thomas","TE",0,0,0,NA
"108",2495438,3.1,34.3,0.2,NA,4,"Kyle Rudolph","TE",0,0,0,NA
"109",2495700,4.6,53.3,0.3,NA,4,"Greg Olsen","TE",0,0,0,NA
"110",2495835,0.9,10.3,0.1,NA,4,"Anthony Fasano","TE",0,0,0,NA
"111",2495966,4.4,53.5,0.3,NA,4,"Delanie Walker","TE",0,0,0,NA
"112",2505299,4,44.5,0.3,NA,4,"Antonio Gates","TE",0,0,0,NA
"113",2505629,4.6,48.1,0.3,NA,4,"Jason Witten","TE",0,0,0,NA
"114",2532838,4.3,48.9,0.4,NA,4,"Coby Fleener","TE",0,0,0,NA
"115",2533046,3.1,34.7,0.4,NA,4,"Dwayne Allen","TE",0,0,0,NA
"116",2534820,1.5,15.4,0.1,NA,4,"Garrett Celek","TE",0,0,0,NA
"117",2537933,2.8,29.5,0.3,NA,4,"Larry Donnell","TE",0,0,0,NA
"118",2539645,0.9,10.5,0.1,NA,4,"Brandon Williams","TE",0,0,0,NA
"119",2539995,1.2,13.6,0.1,NA,4,"Mychal Rivera","TE",0,0,0,NA
"120",2540158,3.9,50.4,0.3,NA,4,"Zach Ertz","TE",0,0,0,NA
"121",2540160,5.8,61.1,0.6,NA,4,"Jordan Reed","TE",0,0,0,NA
"122",2540215,2.4,28.7,0.2,NA,4,"Vance McDonald","TE",0,0,0,NA
"123",2540258,5,57.9,0.4,NA,4,"Travis Kelce","TE",0,0,0,NA
"124",2540928,1.4,15.9,0.2,NA,4,"Darren Fells","TE",0,0,0,NA
"125",2541199,1.8,23.2,0.2,NA,4,"Luke Willson","TE",0,0,0,NA
"126",2541316,1.1,12.9,0.1,NA,4,"Ryan Griffin","TE",0,0,0,NA
"127",2541834,2,18.8,0.2,NA,4,"Josh Hill","TE",0,0,0,NA
"128",2543466,3.8,43.3,0.3,NA,4,"Eric Ebron","TE",0,0,0,NA
"129",2543683,1.8,23,0.2,NA,4,"Austin Seferian-Jenkins","TE",0,0,0,NA
"130",2543721,1.4,13.1,0.1,NA,4,"C.J. Fiedorowicz","TE",0,0,0,NA
"131",2543794,2.4,23.6,0.2,NA,4,"Crockett Gillmore","TE",0,0,0,NA
"132",2550313,1.2,12.4,0.1,NA,4,"Richard Rodgers","TE",0,0,0,NA
"133",2550656,2,23,0.2,NA,4,"Cameron Brate","TE",0,0,0,NA
"134",2552397,3.4,41.3,0.4,NA,4,"Clive Walford","TE",0,0,0,NA
"135",2552468,1.9,16.6,0.2,NA,4,"Maxx Williams","TE",0,0,0,NA
"136",2552559,1.2,13,0.1,NA,4,"C.J. Uzomah","TE",0,0,0,NA
"137",2552586,2.5,26.5,0.2,NA,4,"Tyler Kroft","TE",0,0,0,NA
"138",2552633,2.7,28.4,0.3,NA,4,"Jesse James","TE",0,0,0,NA
"139",2553830,1.8,19,0.2,NA,4,"Will Tye","TE",0,0,0,NA
"140",2555341,1.6,16.6,0.1,NA,4,"Hunter Henry","TE",0,0,0,NA
"141",2555364,1.5,18.9,0.1,NA,4,"Tyler Higbee","TE",0,0,0,NA
"142",2555415,1.5,16.9,0.1,NA,4,"Austin Hooper","TE",0,0,0,NA
"143",2556708,1,12.2,0.1,NA,4,"Cole Wick","TE",0,0,0,NA
"144",216,NA,NA,NA,NA,5,"Fred Davis","TE",NA,NA,NA,NA
"145",324,NA,30,NA,NA,5,"Jacob Tamme","TE",NA,NA,NA,NA
"146",1060,NA,54,1,NA,5,"Gary Barnidge","TE",NA,NA,NA,NA
"147",1062,NA,37,NA,NA,5,"Martellus Bennett","TE",NA,NA,NA,NA
"148",71247,NA,NA,NA,NA,5,"James Casey","TE",NA,NA,NA,NA
"149",71255,NA,NA,NA,NA,5,"Chase Coffman","TE",NA,NA,NA,NA
"150",71265,NA,31,NA,NA,5,"Jared Cook","TE",NA,NA,NA,NA
"151",71431,NA,7,NA,NA,5,"Brandon Pettigrew","TE",NA,NA,NA,NA
"152",71435,NA,NA,NA,NA,5,"John Phillips","TE",NA,NA,NA,NA
"153",79589,NA,NA,NA,NA,5,"David Johnson","TE",NA,NA,NA,NA
"154",79625,NA,NA,NA,NA,5,"Bear Pascoe","TE",NA,NA,NA,NA
"155",89766,NA,NA,NA,NA,5,"Brandon Myers","TE",NA,NA,NA,NA
"156",238457,NA,36,1,NA,5,"Zach Miller","TE",NA,NA,NA,NA
"157",497224,NA,10,NA,NA,5,"Ed Dickson","TE",NA,NA,NA,NA
"158",497226,NA,5,NA,NA,5,"Jim Dray","TE",NA,NA,NA,NA
"159",497234,NA,9,NA,NA,5,"Garrett Graham","TE",NA,NA,NA,NA
"160",497236,NA,48,NA,NA,5,"Jimmy Graham","TE",NA,NA,NA,NA
"161",497238,NA,8,NA,NA,5,"Jermaine Gresham","TE",NA,NA,NA,NA
"162",497240,NA,59,NA,NA,5,"Rob Gronkowski","TE",NA,NA,NA,NA
"163",497242,NA,7,NA,NA,5,"Clay Harbor","TE",NA,NA,NA,NA
"164",497246,NA,NA,NA,NA,5,"Michael Hoomanawanui","TE",NA,NA,NA,NA
"165",497250,NA,NA,NA,NA,5,"Anthony McCoy","TE",NA,NA,NA,NA
"166",497254,NA,27,NA,NA,5,"Dennis Pitta","TE",NA,NA,NA,NA
"167",497256,NA,4,NA,NA,5,"Tony Moeaki","TE",NA,NA,NA,NA
"168",2495139,NA,32,NA,NA,5,"Charles Clay","TE",NA,NA,NA,NA
"169",2495187,NA,21,NA,NA,5,"Lance Kendricks","TE",NA,NA,NA,NA
"170",2495211,NA,16,NA,NA,5,"Niles Paul","TE",NA,NA,NA,NA
"171",2495267,NA,24,NA,NA,5,"Jordan Cameron","TE",NA,NA,NA,NA
"172",2495288,NA,8,NA,NA,5,"Virgil Green","TE",NA,1,NA,NA
"173",2495347,NA,5,NA,NA,5,"Lee Smith","TE",NA,NA,NA,NA
"174",2495353,NA,40,NA,NA,5,"Julius Thomas","TE",NA,NA,NA,NA
"175",2495438,NA,32,NA,NA,5,"Kyle Rudolph","TE",NA,NA,NA,NA
"176",2495573,NA,NA,NA,NA,5,"Scott Chandler","TE",NA,NA,NA,NA
"177",2495700,NA,61,1,NA,5,"Greg Olsen","TE",NA,NA,NA,NA
"178",2495825,NA,NA,NA,NA,5,"Owen Daniels","TE",NA,NA,NA,NA
"179",2495826,NA,7,NA,NA,5,"Vernon Davis","TE",NA,NA,NA,NA
"180",2495835,NA,12,NA,NA,5,"Anthony Fasano","TE",NA,NA,NA,NA
"181",2495888,NA,14,NA,NA,5,"Marcedes Lewis","TE",NA,NA,NA,NA
"182",2495966,NA,57,NA,NA,5,"Delanie Walker","TE",NA,NA,NA,NA
"183",2499277,NA,NA,NA,NA,5,"David Ausberry","TE",NA,NA,NA,NA
"184",2505299,NA,45,NA,NA,5,"Antonio Gates","TE",NA,NA,NA,NA
"185",2505629,NA,37,NA,NA,5,"Jason Witten","TE",NA,NA,NA,NA
"186",2506619,NA,NA,NA,NA,5,"Daniel Fells","TE",NA,NA,NA,NA
"187",2507218,NA,16,NA,NA,5,"Brent Celek","TE",NA,NA,NA,NA
"188",2507405,NA,2,NA,NA,5,"Matthew Mulligan","TE",NA,NA,NA,NA
"189",2507486,NA,4,NA,NA,5,"Kellen Davis","TE",NA,NA,NA,NA
"190",2507828,NA,NA,NA,NA,5,"Logan Paulsen","TE",NA,NA,NA,NA
"191",2507883,NA,NA,NA,NA,5,"Jeff Cumberland","TE",NA,NA,NA,NA
"192",2508112,NA,NA,NA,NA,5,"Rob Housler","TE",NA,NA,NA,NA
"193",2532835,NA,NA,NA,NA,5,"Rhett Ellison","TE",NA,NA,NA,NA
"194",2532838,NA,34,NA,NA,5,"Coby Fleener","TE",NA,NA,NA,NA
"195",2532853,NA,26,NA,NA,5,"Ladarius Green","TE",NA,NA,NA,NA
"196",2533028,NA,5,NA,NA,5,"James Hanna","TE",NA,NA,NA,NA
"197",2533046,NA,16,1,NA,5,"Dwayne Allen","TE",NA,1,NA,NA
"198",2533047,NA,NA,NA,NA,5,"Orson Charles","TE",NA,NA,NA,NA
"199",2533353,NA,3,NA,NA,5,"Cory Harkey","TE",NA,NA,NA,NA
"200",2534241,NA,NA,NA,NA,5,"Derek Carrier","TE",NA,NA,NA,NA
"201",2534244,NA,NA,NA,NA,5,"Chase Ford","TE",NA,NA,NA,NA
"202",2534820,NA,7,NA,NA,5,"Garrett Celek","TE",NA,NA,NA,NA
"203",2535535,NA,2,NA,NA,5,"Phillip Supernaw","TE",NA,NA,NA,NA
"204",2535943,NA,9,NA,NA,5,"Sean McGrath","TE",NA,NA,NA,NA
"205",2536071,NA,NA,NA,NA,5,"Cooper Helfet","TE",NA,NA,NA,NA
"206",2536342,NA,NA,NA,NA,5,"Brandon Bostick","TE",NA,NA,NA,NA
"207",2537933,NA,26,NA,NA,5,"Larry Donnell","TE",NA,NA,NA,NA
"208",2539202,NA,NA,NA,NA,5,"Chris Gragg","TE",NA,NA,NA,NA
"209",2539995,NA,18,NA,NA,5,"Mychal Rivera","TE",NA,NA,NA,NA
"210",2540148,NA,NA,NA,NA,5,"Tyler Eifert","TE",NA,NA,NA,NA
"211",2540158,NA,53,1,NA,5,"Zach Ertz","TE",NA,NA,NA,NA
"212",2540160,NA,73,1,1,5,"Jordan Reed","TE",NA,1,NA,NA
"213",2540200,NA,13,NA,NA,5,"Dion Sims","TE",NA,NA,NA,NA
"214",2540203,NA,4,NA,NA,5,"Levine Toilolo","TE",NA,NA,NA,NA
"215",2540211,NA,6,NA,NA,5,"Gavin Escobar","TE",NA,NA,NA,NA
"216",2540215,NA,28,1,NA,5,"Vance McDonald","TE",NA,NA,NA,NA
"217",2540232,NA,5,NA,NA,5,"Jack Doyle","TE",NA,NA,NA,NA
"218",2540257,NA,NA,NA,NA,5,"Justice Cunningham","TE",NA,NA,NA,NA
"219",2540258,NA,51,1,NA,5,"Travis Kelce","TE",NA,NA,NA,NA
"220",2540259,NA,2,NA,NA,5,"MarQueis Gray","TE",NA,NA,NA,NA
"221",2540928,NA,18,1,NA,5,"Darren Fells","TE",NA,NA,NA,NA
"222",2541096,NA,8,NA,NA,5,"Ifeanyi Momah","TE",NA,NA,NA,NA
"223",2541151,NA,4,NA,NA,5,"Zach Sudfeld","TE",NA,NA,NA,NA
"224",2541187,NA,5,NA,NA,5,"Demetrius Harris","TE",NA,1,NA,NA
"225",2541199,NA,10,NA,NA,5,"Luke Willson","TE",NA,NA,NA,NA
"226",2541316,NA,20,NA,NA,5,"Ryan Griffin","TE",NA,NA,NA,NA
"227",2541834,NA,11,1,NA,5,"Josh Hill","TE",NA,NA,NA,NA
"228",2543466,NA,36,NA,NA,5,"Eric Ebron","TE",NA,NA,NA,NA
"229",2543481,NA,22,NA,NA,5,"Jace Amaro","TE",NA,1,NA,NA
"230",2543628,NA,NA,NA,NA,5,"Troy Niklas","TE",NA,NA,NA,NA
"231",2543683,NA,40,NA,NA,5,"Austin Seferian-Jenkins","TE",NA,NA,NA,NA
"232",2543721,NA,10,NA,NA,5,"C.J. Fiedorowicz","TE",NA,NA,NA,NA
"233",2543794,NA,29,NA,NA,5,"Crockett Gillmore","TE",NA,1,NA,NA
"234",2550206,NA,6,NA,NA,5,"Ryan Hewitt","TE",NA,NA,NA,NA
"235",2550243,NA,5,NA,NA,5,"Justin Perillo","TE",NA,NA,NA,NA
"236",2550284,NA,3,NA,NA,5,"Trey Burton","TE",NA,NA,NA,NA
"237",2550313,NA,37,NA,NA,5,"Richard Rodgers","TE",NA,NA,NA,NA
"238",2550355,NA,NA,NA,NA,5,"Nic Jacobs","TE",NA,NA,NA,NA
"239",2550356,NA,NA,NA,NA,5,"Marcel Jensen","TE",NA,NA,NA,NA
"240",2550454,NA,NA,NA,NA,5,"Asante Cleveland","TE",NA,NA,NA,NA
"241",2550521,NA,8,NA,NA,5,"Xavier Grimble","TE",NA,NA,NA,NA
"242",2550656,NA,NA,NA,NA,5,"Cameron Brate","TE",NA,NA,NA,NA
"243",2551359,NA,NA,NA,NA,5,"Jerome Cunningham","TE",NA,NA,NA,NA
"244",2552396,NA,8,NA,NA,5,"Ben Koyack","TE",NA,1,NA,NA
"245",2552397,NA,23,NA,NA,5,"Clive Walford","TE",NA,NA,NA,NA
"246",2552399,NA,9,NA,NA,5,"Jeff Heuerman","TE",NA,1,NA,NA
"247",2552401,NA,4,NA,NA,5,"MyCole Pruitt","TE",NA,NA,NA,NA
"248",2552402,NA,NA,NA,NA,5,"Nick Boyle","TE",NA,NA,NA,NA
"249",2552403,NA,NA,NA,NA,5,"Nick OLeary","TE",NA,NA,NA,NA
"250",2552462,NA,NA,NA,NA,5,"Gerald Christian","TE",NA,NA,NA,NA
"251",2552468,NA,16,1,NA,5,"Maxx Williams","TE",NA,1,NA,NA
"252",2552478,NA,NA,NA,NA,5,"Blake Bell","TE",NA,NA,NA,NA
"253",2552559,NA,4,NA,NA,5,"C.J. Uzomah","TE",NA,NA,NA,NA
"254",2552580,NA,NA,NA,NA,5,"A.J. Derby","TE",NA,NA,NA,NA
"255",2552586,NA,17,NA,NA,5,"Tyler Kroft","TE",NA,1,NA,NA
"256",2552633,NA,6,NA,NA,5,"Jesse James","TE",NA,NA,NA,NA
"257",2552660,NA,8,NA,NA,5,"Randall Telfer","TE",NA,NA,NA,NA
"258",2553292,NA,NA,NA,NA,5,"Kennard Backman","TE",NA,NA,NA,NA
"259",2553318,NA,NA,NA,NA,5,"James OShaughnessy","TE",NA,NA,NA,NA
"260",2553773,NA,NA,NA,NA,5,"Mitchell Henry","TE",NA,NA,NA,NA
"261",2553791,NA,NA,NA,NA,5,"E.J. Bibbs","TE",NA,NA,NA,NA
"262",2553830,NA,31,1,NA,5,"Will Tye","TE",NA,NA,NA,NA
"263",2555289,NA,7,NA,NA,5,"Nick Vannett","TE",NA,NA,NA,NA
"264",2555306,NA,NA,NA,NA,5,"David Morgan","TE",NA,NA,NA,NA
"265",2555311,NA,8,NA,NA,5,"Jerell Adams","TE",NA,NA,NA,NA
"266",2555341,NA,26,NA,NA,5,"Hunter Henry","TE",NA,1,NA,NA
"267",2555364,NA,8,NA,NA,5,"Tyler Higbee","TE",NA,NA,NA,NA
"268",2555415,NA,9,NA,NA,5,"Austin Hooper","TE",NA,NA,NA,NA
"269",2555486,NA,NA,NA,NA,5,"Temarrick Hemingway","TE",NA,NA,NA,NA
"270",2556463,NA,NA,NA,NA,5,"Stephen Anderson","TE",NA,NA,NA,NA
"271",324,3.6,42.5,0.3,0,6,"Jacob Tamme","TE",0,0,0,0
"272",1060,4.8,64,0.4,0,6,"Gary Barnidge","TE",0,0,0,0
"273",1062,2.5,24.9,0.1,0,6,"Martellus Bennett","TE",0,0,0,0
"274",71255,0,0.2,0,0,6,"Chase Coffman","TE",0,0,0,0
"275",71265,2.4,30.1,0.3,0,6,"Jared Cook","TE",0,0,0,0
"276",71431,NA,NA,NA,NA,6,"Brandon Pettigrew","TE",NA,NA,NA,NA
"277",71435,0,0.1,0,0,6,"John Phillips","TE",0,0,0,0
"278",79589,0.3,3.3,0,0,6,"David Johnson","TE",0,0,0,0
"279",79625,NA,NA,NA,NA,6,"Bear Pascoe","TE",NA,NA,NA,NA
"280",89766,0,0,0,0,6,"Brandon Myers","TE",0,0,0,0
"281",238457,2.6,31.9,0.2,0,6,"Zach Miller","TE",0,0,0,0
"282",497224,0.9,7.6,0.1,0,6,"Ed Dickson","TE",0,0,0,0
"283",497226,0.2,2.3,0,0,6,"Jim Dray","TE",0,0,0,0
"284",497234,NA,NA,NA,NA,6,"Garrett Graham","TE",NA,NA,NA,NA
"285",497236,1.8,21.3,0.2,0,6,"Jimmy Graham","TE",0,0,0,0
"286",497238,1,10.7,0.1,0,6,"Jermaine Gresham","TE",0,0,0,0
"287",497240,4.2,62.5,0.3,0,6,"Rob Gronkowski","TE",0,0,0,0
"288",497242,0.1,0.3,0,0,6,"Clay Harbor","TE",0,0,0,0
"289",497246,NA,NA,NA,NA,6,"Michael Hoomanawanui","TE",NA,NA,NA,NA
"290",497254,2.4,25.4,0.1,0,6,"Dennis Pitta","TE",0,0,0,0
"291",497258,NA,NA,NA,NA,6,"Andrew Quarless","TE",NA,NA,NA,NA
"292",2495139,3.4,35.4,0.2,0,6,"Charles Clay","TE",0,0,0,0
"293",2495187,3.5,36.9,0.3,0.1,6,"Lance Kendricks","TE",0,0,0,0
"294",2495211,0.1,1.1,0,0,6,"Niles Paul","TE",0,0,0,0
"295",2495234,0.1,0.3,0,0,6,"Luke Stocker","TE",0,0,0,0
"296",2495267,2.8,32.7,0.2,0,6,"Jordan Cameron","TE",0,0,0,0
"297",2495288,2.1,22.8,0.1,0,6,"Virgil Green","TE",0,0,0,0
"298",2495347,0.3,2.6,0,0,6,"Lee Smith","TE",0,0,0,0
"299",2495353,3.6,36.6,0.2,0,6,"Julius Thomas","TE",0,0,0,0
"300",2495438,3,32.3,0.2,0,6,"Kyle Rudolph","TE",0,0,0,0
"301",2495620,NA,NA,NA,NA,6,"Clark Harris","TE",NA,NA,NA,NA
"302",2495700,3.5,48.1,0.3,0,6,"Greg Olsen","TE",0,0,0,0
"303",2495826,1.1,11.1,0.1,0,6,"Vernon Davis","TE",0,0,0,0
"304",2495835,1.3,14.9,0.1,0,6,"Anthony Fasano","TE",0,0,0,0
"305",2495888,0.9,11.7,0.1,0,6,"Marcedes Lewis","TE",0,0,0,0
"306",2495966,5,59,0.4,0,6,"Delanie Walker","TE",0,0,0,0
"307",2505299,3.8,41.1,0.2,0.1,6,"Antonio Gates","TE",0,0,0,0
"308",2505629,4.8,49.5,0.3,0,6,"Jason Witten","TE",0,0,0,0
"309",2506122,NA,NA,NA,NA,6,"Benjamin Watson","TE",NA,NA,NA,NA
"310",2507218,1.2,15.4,0.1,0,6,"Brent Celek","TE",0,0,0,0
"311",2507486,1,10.5,0.1,0,6,"Kellen Davis","TE",0,0,0,0
"312",2507828,NA,NA,NA,NA,6,"Logan Paulsen","TE",NA,NA,NA,NA
"313",2507883,NA,NA,NA,NA,6,"Jeff Cumberland","TE",NA,NA,NA,NA
"314",2532835,1.4,12.5,0.1,0,6,"Rhett Ellison","TE",0,0,0,0
"315",2532838,4.4,48.7,0.3,0.1,6,"Coby Fleener","TE",0,0,0,0
"316",2532853,NA,NA,NA,NA,6,"Ladarius Green","TE",NA,NA,NA,NA
"317",2533028,NA,NA,NA,NA,6,"James Hanna","TE",NA,NA,NA,NA
"318",2533046,3.4,32,0.2,0,6,"Dwayne Allen","TE",0,0,0,0
"319",2533047,0.1,0.6,0,0,6,"Orson Charles","TE",0,0,0,0
"320",2533353,0.1,1,0,0,6,"Cory Harkey","TE",0,0,0,0
"321",2534241,NA,NA,NA,NA,6,"Derek Carrier","TE",NA,NA,NA,NA
"322",2534820,1.4,17.4,0.1,0,6,"Garrett Celek","TE",0,0,0,0
"323",2535138,0,0,0,0,6,"Greg Scruggs","TE",0,0,0,0
"324",2535535,0,0.2,0,0,6,"Phillip Supernaw","TE",0,0,0,0
"325",2535943,0.1,0.9,0,0,6,"Sean McGrath","TE",0,0,0,0
"326",2536342,0,0.3,0,0,6,"Brandon Bostick","TE",0,0,0,0
"327",2537933,3.1,28.4,0.2,0,6,"Larry Donnell","TE",0,0,0,0
"328",2539202,NA,NA,NA,NA,6,"Chris Gragg","TE",NA,NA,NA,NA
"329",2539645,NA,NA,NA,NA,6,"Brandon Williams","TE",NA,NA,NA,NA
"330",2539995,1.6,14.8,0.1,0,6,"Mychal Rivera","TE",0,0,0,0
"331",2540148,NA,NA,NA,NA,6,"Tyler Eifert","TE",NA,NA,NA,NA
"332",2540158,4.5,51.8,0.4,0,6,"Zach Ertz","TE",0,0,0,0
"333",2540160,5.6,60.6,0.4,0,6,"Jordan Reed","TE",0,0,0,0
"334",2540200,1.8,16.8,0.1,0,6,"Dion Sims","TE",0,0,0,0
"335",2540203,0.1,0.8,0,0,6,"Levine Toilolo","TE",0,0,0,0
"336",2540211,0.6,5.5,0,0,6,"Gavin Escobar","TE",0,0,0,0
"337",2540215,2.7,28.6,0.2,0,6,"Vance McDonald","TE",0,0,0,0
"338",2540232,1.7,16.9,0.1,0,6,"Jack Doyle","TE",0,0,0,0
"339",2540258,4.9,60.9,0.4,0.1,6,"Travis Kelce","TE",0,0,0,0
"340",2540259,0.1,0.7,0,0,6,"MarQueis Gray","TE",0,0,0,0
"341",2540928,1.8,22.2,0.1,0,6,"Darren Fells","TE",0,0,0,0
"342",2541187,0.5,5,0,0,6,"Demetrius Harris","TE",0,0,0,0
"343",2541199,3,39,0.3,0.1,6,"Luke Willson","TE",0,0,0,0
"344",2541316,1.8,22.4,0.2,0,6,"Ryan Griffin","TE",0,0,0,0
"345",2541768,NA,NA,NA,NA,6,"Tim Wright","TE",NA,NA,NA,NA
"346",2541834,1.6,14.8,0.1,0,6,"Josh Hill","TE",0,0,0,0
"347",2543466,3.6,42.7,0.2,0,6,"Eric Ebron","TE",0,0,0,0
"348",2543481,0,0,0,0,6,"Jace Amaro","TE",0,0,0,0
"349",2543628,0,0,0,0,6,"Troy Niklas","TE",0,0,0,0
"350",2543683,2.3,31.1,0.2,0,6,"Austin Seferian-Jenkins","TE",0,0,0,0
"351",2543721,1.7,16,0.1,0,6,"C.J. Fiedorowicz","TE",0,0,0,0
"352",2543794,1.3,16.8,0.1,0,6,"Crockett Gillmore","TE",0,0,0,0
"353",2550243,0,0,0,0,6,"Justin Perillo","TE",0,0,0,0
"354",2550284,0,0,0,0,6,"Trey Burton","TE",0,0,0,0
"355",2550313,3.7,33.8,0.2,0,6,"Richard Rodgers","TE",0,0,0,0
"356",2550356,NA,NA,NA,NA,6,"Marcel Jensen","TE",NA,NA,NA,NA
"357",2550405,0.3,2.4,0,0,6,"Erik Swoope","TE",0,0,0,0
"358",2550521,0,0.5,0,0,6,"Xavier Grimble","TE",0,0,0,0
"359",2550656,1.5,15.9,0.1,0,6,"Cameron Brate","TE",0,0,0,0
"360",2552396,0,0.2,0,0,6,"Ben Koyack","TE",0,0,0,0
"361",2552397,2.5,31.7,0.2,0.1,6,"Clive Walford","TE",0,0,0,0
"362",2552399,1,9.2,0,0,6,"Jeff Heuerman","TE",0,0,0,0
"363",2552401,0,0,0,0,6,"MyCole Pruitt","TE",0,0,0,0
"364",2552402,NA,NA,NA,NA,6,"Nick Boyle","TE",NA,NA,NA,NA
"365",2552403,NA,NA,NA,NA,6,"Nick OLeary","TE",NA,NA,NA,NA
"366",2552468,0.3,2.6,0,0,6,"Maxx Williams","TE",0,0,0,0
"367",2552478,0.3,2.5,0,0,6,"Blake Bell","TE",0,0,0,0
"368",2552559,0,0,0,0,6,"C.J. Uzomah","TE",0,0,0,0
"369",2552586,2,22.4,0.1,0,6,"Tyler Kroft","TE",0,0,0,0
"370",2552633,1.4,13.7,0.1,0,6,"Jesse James","TE",0,0,0,0
"371",2552660,0.7,6.9,0.1,0,6,"Randall Telfer","TE",0,0,0,0
"372",2553292,NA,NA,NA,NA,6,"Kennard Backman","TE",NA,NA,NA,NA
"373",2553318,0,0,0,0,6,"James OShaughnessy","TE",0,0,0,0
"374",2553454,0,0,0,0,6,"Geoff Swaim","TE",0,0,0,0
"375",2553658,NA,NA,NA,NA,6,"Gabe Holmes","TE",NA,NA,NA,NA
"376",2553667,NA,NA,NA,NA,6,"Matt LaCosse","TE",NA,NA,NA,NA
"377",2553830,2.4,27.3,0.2,0,6,"Will Tye","TE",0,0,0,0
"378",2555289,0,0.3,0,0,6,"Nick Vannett","TE",0,0,0,0
"379",2555306,0,0.3,0,0,6,"David Morgan","TE",0,0,0,0
"380",2555311,0,0,0,0,6,"Jerell Adams","TE",0,0,0,0
"381",2555341,1.7,16.8,0.1,0,6,"Hunter Henry","TE",0,0,0,0
"382",2555364,0.6,5.5,0,0,6,"Tyler Higbee","TE",0,0,0,0
"383",2555415,1.6,16.8,0.1,0,6,"Austin Hooper","TE",0,0,0,0
"384",2555486,NA,NA,NA,NA,6,"Temarrick Hemingway","TE",NA,NA,NA,NA
"385",2556463,0,0,0,0,6,"Stephen Anderson","TE",0,0,0,0
"386",2556708,NA,NA,NA,NA,6,"Cole Wick","TE",NA,NA,NA,NA
"387",1060,0,2,0,0,19,"Gary Barnidge","TE",0,0,0,NA
"388",71431,4,43,0,0,19,"Brandon Pettigrew","TE",0,0,0,NA
"389",2495234,2,20,0,0,19,"Luke Stocker","TE",0,0,0,NA
"390",2495438,4,40,1,0,19,"Kyle Rudolph","TE",0,0,0,NA
"391",2495700,4,54,0,0,19,"Greg Olsen","TE",0,0,0,NA
"392",2495888,1,14,0,0,19,"Marcedes Lewis","TE",0,0,0,NA
"393",2495966,2,18,0,0,19,"Delanie Walker","TE",0,0,0,NA
"394",2505299,3,42,1,0,19,"Antonio Gates","TE",0,0,0,NA
"395",2505629,6,62,0,0,19,"Jason Witten","TE",0,0,0,NA
"396",2507218,3,38,0,0,19,"Brent Celek","TE",0,0,0,NA
"397",2533046,3,28,0,0,19,"Dwayne Allen","TE",0,0,0,NA
"398",2539995,1,14,0,0,19,"Mychal Rivera","TE",0,0,0,NA
"399",2540148,2,28,0,0,19,"Tyler Eifert","TE",0,0,0,NA
"400",2540158,2,21,0,0,19,"Zach Ertz","TE",0,0,0,NA
"401",2540200,1,6,0,0,19,"Dion Sims","TE",0,0,0,NA
"402",2540203,1,9,0,0,19,"Levine Toilolo","TE",0,0,0,NA
"403",2540211,1,13,0,0,19,"Gavin Escobar","TE",0,0,0,NA
"404",2540215,1,11,0,0,19,"Vance McDonald","TE",0,0,0,NA
"405",2540258,1,16,0,0,19,"Travis Kelce","TE",0,0,0,NA
"406",2541199,1,7,0,0,19,"Luke Willson","TE",0,0,0,NA
"407",2541834,0,0,0,0,19,"Josh Hill","TE",0,0,0,NA
"408",2550206,0.7,4.9,0,NA,4,"Ryan Hewitt","TE",0,0,0,NA
