"","playerId","rec","recYds","recTds","fumbles","analyst","player","position","rushAtt","rushYds","rushTds","twoPts"
"1",206,0,0,0,0,-1,"Andre Caldwell","WR",NA,NA,NA,NA
"2",222,0.9,9.5,0,0.1,-1,"Harry Douglas","WR",NA,NA,NA,NA
"3",318,0,0,0,0,-1,"Jerome Simpson","WR",NA,NA,NA,NA
"4",1032,5.9,78.8,0.6,0,-1,"Jordy Nelson","WR",NA,NA,NA,NA
"5",1581,3.5,49.7,0.3,0.1,-1,"DeSean Jackson","WR",NA,NA,NA,NA
"6",1990,3.4,30.4,0.1,0.1,-1,"Eddie Royal","WR",NA,NA,NA,NA
"7",2346,3.1,35.9,0.2,0,-1,"Pierre Garcon","WR",NA,NA,NA,NA
"8",2649,2.2,20.7,0.1,0.1,-1,"Danny Amendola","WR",NA,NA,NA,NA
"9",4487,0,0,0,0,-1,"Matt Slater","WR",NA,NA,NA,NA
"10",71217,3,37.7,0.2,0,-1,"Kenny Britt","WR",NA,NA,NA,NA
"11",71269,5.6,63.1,0.6,0,-1,"Michael Crabtree","WR",NA,NA,NA,NA
"12",71417,1.5,16,0.1,0,-1,"Jordan Norwood","WR",NA,NA,NA,NA
"13",80427,1.8,24.4,0.1,0,-1,"Darrius Heyward-Bey","WR",NA,NA,NA,NA
"14",80429,5,63.8,0.7,0.1,-1,"Jeremy Maclin","WR",NA,NA,NA,NA
"15",81306,0,0,0,0,-1,"Brandon Tate","WR",NA,NA,NA,NA
"16",238498,6.1,62,0.3,0.1,-1,"Julian Edelman","WR",NA,NA,NA,NA
"17",497278,5,71.5,0.7,0,-1,"Dez Bryant","WR",NA,NA,NA,NA
"18",497282,0,0,0,0,-1,"Riley Cooper","WR",NA,NA,NA,NA
"19",497284,5.2,58.4,0.5,0.1,-1,"Eric Decker","WR",NA,NA,NA,NA
"20",497302,3.3,42.6,0.2,0.1,-1,"Brandon LaFell","WR",NA,NA,NA,NA
"21",497322,4.8,57.9,0.4,0.2,-1,"Emmanuel Sanders","WR",NA,NA,NA,NA
"22",497326,5.3,59.6,0.3,0.1,-1,"Golden Tate","WR",NA,NA,NA,NA
"23",497328,5.2,58.9,0.4,0.2,-1,"Demaryius Thomas","WR",NA,NA,NA,NA
"24",2495159,1.8,19.1,0.2,0,-1,"Dwayne Harris","WR",NA,NA,NA,NA
"25",2495189,2.5,25.3,0.1,0,-1,"Jeremy Kerley","WR",NA,NA,NA,NA
"26",2495223,0.4,6.9,0,0,-1,"Greg Salas","WR",NA,NA,NA,NA
"27",2495341,1.6,19.2,0.1,0.1,-1,"Cecil Shorts","WR",NA,NA,NA,NA
"28",2495448,5.2,58.5,0.4,0,-1,"Randall Cobb","WR",NA,NA,NA,NA
"29",2495450,5.7,78.4,0.6,0.1,-1,"A.J. Green","WR",NA,NA,NA,NA
"30",2495453,0.4,6.7,0.1,0,-1,"Andre Holmes","WR",NA,NA,NA,NA
"31",2495454,9,118,0.6,0.1,-1,"Julio Jones","WR",NA,NA,NA,NA
"32",2495459,3.3,59,0.3,0,-1,"Torrey Smith","WR",NA,NA,NA,NA
"33",2495558,0,0,0,0,-1,"Dwayne Bowe","WR",NA,NA,NA,NA
"34",2495893,5.6,69.9,0.5,0.1,-1,"Brandon Marshall","WR",NA,NA,NA,NA
"35",2504595,3.8,47.9,0.3,0,-1,"Steve Smith","WR",NA,NA,NA,NA
"36",2505551,1.8,21.9,0.1,0.1,-1,"Andre Johnson","WR",NA,NA,NA,NA
"37",2505587,2.8,31,0.2,0.1,-1,"Anquan Boldin","WR",NA,NA,NA,NA
"38",2506106,5.5,66.5,0.4,0.1,-1,"Larry Fitzgerald","WR",NA,NA,NA,NA
"39",2506400,3.4,49.8,0.2,0,-1,"Vincent Jackson","WR",NA,NA,NA,NA
"40",2507029,0,0,0,0,-1,"Eric Weems","WR",NA,NA,NA,NA
"41",2507166,1.6,21.4,0.2,0,-1,"Ted Ginn","WR",NA,NA,NA,NA
"42",2507183,0,0,0,0,-1,"James Jones","WR",NA,NA,NA,NA
"43",2507763,3,42,0.3,0,-1,"Mike Wallace","WR",NA,NA,NA,NA
"44",2507855,1.9,25.6,0.1,0,-1,"Victor Cruz","WR",NA,NA,NA,NA
"45",2508061,8.3,118,0.6,0.2,-1,"Antonio Brown","WR",NA,NA,NA,NA
"46",2508097,2.4,26,0.1,0.1,-1,"Andrew Hawkins","WR",NA,NA,NA,NA
"47",2508115,0,0,0,0,-1,"Vincent Brown","WR",NA,NA,NA,NA
"48",2528181,0.5,6.6,0,0,-1,"Bryan Walters","WR",NA,NA,NA,NA
"49",2530515,2.9,34.1,0.2,0,-1,"Chris Hogan","WR",NA,NA,NA,NA
"50",2530598,0,0,0,0,-1,"Jeremy Ross","WR",NA,NA,NA,NA
"51",2530660,3.7,50,0.3,0.1,-1,"Kamar Aiken","WR",NA,NA,NA,NA
"52",2530700,2.5,33.8,0.1,0.1,-1,"Dontrelle Inman","WR",NA,NA,NA,NA
"53",2530747,5.1,69.1,0.7,0,-1,"Doug Baldwin","WR",NA,NA,NA,NA
"54",2531332,2.7,43.8,0.2,0,-1,"Terrelle Pryor","WR",NA,NA,NA,NA
"55",2532790,2.9,37.1,0.2,0.1,-1,"Travis Benjamin","WR",NA,NA,NA,NA
"56",2532841,3.5,56.9,0.5,0,-1,"Michael Floyd","WR",NA,NA,NA,NA
"57",2532865,6.2,86.5,0.5,0,-1,"T.Y. Hilton","WR",NA,NA,NA,NA
"58",2532884,4.3,53.6,0.3,0,-1,"Marvin Jones","WR",NA,NA,NA,NA
"59",2532887,2.8,36.4,0.3,0,-1,"Jermaine Kearse","WR",NA,NA,NA,NA
"60",2532900,0,0,0,0,-1,"Keshawn Martin","WR",NA,NA,NA,NA
"61",2532903,2,27.6,0.2,0,-1,"Rishard Matthews","WR",NA,NA,NA,NA
"62",2532933,1.7,22.2,0.1,0,-1,"Brian Quick","WR",NA,NA,NA,NA
"63",2532960,0,0,0,0,-1,"Nick Toon","WR",NA,NA,NA,NA
"64",2532977,2.5,28.3,0.2,0,-1,"Kendall Wright","WR",NA,NA,NA,NA
"65",2532978,1.5,19.6,0.1,0.1,-1,"Jarius Wright","WR",NA,NA,NA,NA
"66",2533039,5.1,63.5,0.4,0,-1,"Alshon Jeffery","WR",NA,NA,NA,NA
"67",2533040,3.9,45.3,0.2,0,-1,"Mohamed Sanu","WR",NA,NA,NA,NA
"68",2533533,0,0,0,0,-1,"Rueben Randle","WR",NA,NA,NA,NA
"69",2534436,0.3,4.2,0,0,-1,"Deonte Thompson","WR",NA,NA,NA,NA
"70",2535634,0,0,0,0,-1,"Chris Givens","WR",NA,NA,NA,NA
"71",2535698,3.2,34.8,0.3,0.2,-1,"Cole Beasley","WR",NA,NA,NA,NA
"72",2535869,0.3,4.2,0,0,-1,"Rod Streater","WR",NA,NA,NA,NA
"73",2535876,0,0,0,0,-1,"Griff Whalen","WR",NA,NA,NA,NA
"74",2535964,2.3,24.7,0.1,0,-1,"Josh Bellamy","WR",NA,NA,NA,NA
"75",2535966,0.3,3.7,0,0,-1,"Brenton Bersin","WR",NA,NA,NA,NA
"76",2535988,0,0,0,0,-1,"Brittan Golden","WR",NA,NA,NA,NA
"77",2539205,3.2,43.9,0.3,0,-1,"Terrance Williams","WR",NA,NA,NA,NA
"78",2539250,3,38.2,0.1,0.1,-1,"Quinton Patton","WR",NA,NA,NA,NA
"79",2539256,0,0,0,0,-1,"Aaron Dobson","WR",NA,NA,NA,NA
"80",2539291,2.7,39.7,0.2,0.1,-1,"Markus Wheaton","WR",NA,NA,NA,NA
"81",2539336,3.2,30.4,0.2,0.1,-1,"Tavon Austin","WR",NA,NA,NA,NA
"82",2539964,0,0,0,0,-1,"Marquise Goodwin","WR",NA,NA,NA,NA
"83",2540005,0,0,0,0,-1,"Marlon Brown","WR",NA,NA,NA,NA
"84",2540145,0.3,3.6,0,0,-1,"Cordarrelle Patterson","WR",NA,NA,NA,NA
"85",2540151,0.6,7,0,0,-1,"Justin Hunter","WR",NA,NA,NA,NA
"86",2540154,6.7,73.1,0.3,0.1,-1,"Keenan Allen","WR",NA,NA,NA,NA
"87",2540165,6.9,99.6,0.7,0,-1,"DeAndre Hopkins","WR",NA,NA,NA,NA
"88",2540169,3.2,37.8,0.2,0.1,-1,"Robert Woods","WR",NA,NA,NA,NA
"89",2540202,2.5,32.7,0.2,0,-1,"Kenny Stills","WR",NA,NA,NA,NA
"90",2540279,0,0,0,0,-1,"Nick Williams","WR",NA,NA,NA,NA
"91",2541147,1.9,27.7,0.1,0,-1,"Charles Johnson","WR",NA,NA,NA,NA
"92",2541388,2,37.6,0.1,0,-1,"Brice Butler","WR",NA,NA,NA,NA
"93",2541785,0.9,10.5,0.1,0,-1,"Adam Thielen","WR",NA,NA,NA,NA
"94",2541828,0.1,0.8,0,0,-1,"Frankie Hammond","WR",NA,NA,NA,NA
"95",2541940,0,0,0,0,-1,"Rashad Ross","WR",NA,NA,NA,NA
"96",2541944,0.1,0.9,0,0,-1,"Russell Shepard","WR",NA,NA,NA,NA
"97",2541966,0.8,12.1,0.1,0,-1,"Jaron Brown","WR",NA,NA,NA,NA
"98",2543457,4.5,60.4,0.6,0,-1,"Sammy Watkins","WR",NA,NA,NA,NA
"99",2543468,5.5,81.5,0.4,0.1,-1,"Mike Evans","WR",NA,NA,NA,NA
"100",2543471,2.6,31.5,0.3,0.1,-1,"Kelvin Benjamin","WR",NA,NA,NA,NA
"101",2543475,1.7,21.9,0.1,0,-1,"Marqise Lee","WR",NA,NA,NA,NA
"102",2543488,6.2,53.2,0.3,0.1,-1,"Jarvis Landry","WR",NA,NA,NA,NA
"103",2543491,1.1,12.9,0.1,0,-1,"Paul Richardson","WR",NA,NA,NA,NA
"104",2543495,2.9,29.5,0.2,0,-1,"Davante Adams","WR",NA,NA,NA,NA
"105",2543496,6.7,89.6,0.8,0,-1,"Odell Beckham","WR",NA,NA,NA,NA
"106",2543498,5.3,66.8,0.6,0,-1,"Brandin Cooks","WR",NA,NA,NA,NA
"107",2543500,4.1,51.1,0.5,0.1,-1,"Jordan Matthews","WR",NA,NA,NA,NA
"108",2543509,4.1,63.6,0.5,0,-1,"Allen Robinson","WR",NA,NA,NA,NA
"109",2543590,1.4,16,0.1,0,-1,"Cody Latimer","WR",NA,NA,NA,NA
"110",2543614,5.4,65.1,0.5,0,-1,"Donte Moncrief","WR",NA,NA,NA,NA
"111",2543619,0,0,0,0,-1,"Walt Powell","WR",NA,NA,NA,NA
"112",2543638,0.4,3,0,0,-1,"DeAnthony Thomas","WR",NA,NA,NA,NA
"113",2543641,0,0,0,0,-1,"Devin Street","WR",NA,NA,NA,NA
"114",2543746,1.3,16.8,0.2,0.1,-1,"Josh Huff","WR",NA,NA,NA,NA
"115",2543759,1.4,18,0.1,0,-1,"Ryan Grant","WR",NA,NA,NA,NA
"116",2543774,2,25.3,0.1,0,-1,"Jared Abbrederis","WR",NA,NA,NA,NA
"117",2543828,1.7,21.8,0.1,0,-1,"Quincy Enunwa","WR",NA,NA,NA,NA
"118",2543836,0,0,0,0,-1,"T.J. Jones","WR",NA,NA,NA,NA
"119",2543847,3.4,53.8,0.3,0.1,-1,"John Brown","WR",NA,NA,NA,NA
"120",2550216,0,0,0,0,-1,"Jonathan Krause","WR",NA,NA,NA,NA
"121",2550256,4.2,52.4,0.3,0.2,-1,"Willie Snead","WR",NA,NA,NA,NA
"122",2550272,2.8,34.8,0.2,0,-1,"Albert Wilson","WR",NA,NA,NA,NA
"123",2550328,1.1,14.8,0.1,0,-1,"Brandon Coleman","WR",NA,NA,NA,NA
"124",2550330,0,0,0,0,-1,"Kain Colter","WR",NA,NA,NA,NA
"125",2550353,3.1,48.9,0.4,0.1,-1,"Allen Hurns","WR",NA,NA,NA,NA
"126",2550413,0,0,0,0,-1,"Corey Washington","WR",NA,NA,NA,NA
"127",2550546,0.5,6.9,0,0,-1,"Corey Brown","WR",NA,NA,NA,NA
"128",2550597,1.2,19.1,0.2,0,-1,"Seth Roberts","WR",NA,NA,NA,NA
"129",2550617,0,0,0,0,-1,"Taylor Gabriel","WR",NA,NA,NA,NA
"130",2552409,2.7,40,0.2,0,-1,"DeVante Parker","WR",NA,NA,NA,NA
"131",2552415,2.5,26.8,0.1,0.1,-1,"Jamison Crowder","WR",NA,NA,NA,NA
"132",2552418,3,34.4,0.2,0,-1,"Justin Hardy","WR",NA,NA,NA,NA
"133",2552420,0.4,3.8,0,0,-1,"Keith Mumphery","WR",NA,NA,NA,NA
"134",2552424,3.8,49.6,0.3,0.1,-1,"Phillip Dorsett","WR",NA,NA,NA,NA
"135",2552425,1.6,19.9,0.1,0,-1,"Rashad Greene","WR",NA,NA,NA,NA
"136",2552429,0.6,5.3,0.1,0,-1,"Ty Montgomery","WR",NA,NA,NA,NA
"137",2552430,3.7,55.9,0.4,0.1,-1,"Tyler Lockett","WR",NA,NA,NA,NA
"138",2552431,0,0,0,0,-1,"Vince Mayle","WR",NA,NA,NA,NA
"139",2552458,2.7,32.4,0.3,0.1,-1,"Devin Funchess","WR",NA,NA,NA,NA
"140",2552463,2.2,27.3,0.4,0,-1,"Jaelen Strong","WR",NA,NA,NA,NA
"141",2552470,2.2,34.4,0.2,0,-1,"Sammie Coates","WR",NA,NA,NA,NA
"142",2552487,6.4,98.6,0.6,0.1,-1,"Amari Cooper","WR",NA,NA,NA,NA
"143",2552491,2.2,35.4,0.2,0,-1,"Dorial Green-Beckham","WR",NA,NA,NA,NA
"144",2552597,1.1,17.3,0.1,0,-1,"Breshad Perriman","WR",NA,NA,NA,NA
"145",2552600,1.6,21.4,0.1,0.1,-1,"Nelson Agholor","WR",NA,NA,NA,NA
"146",2552608,3.5,44.2,0.4,0,-1,"Stefon Diggs","WR",NA,NA,NA,NA
"147",2552652,1.6,18.2,0.2,0,-1,"Chris Conley","WR",NA,NA,NA,NA
"148",2552654,0,0,0,0,-1,"Geremy Davis","WR",NA,NA,NA,NA
"149",2552656,0.7,15.5,0.1,0.1,-1,"J.J. Nelson","WR",NA,NA,NA,NA
"150",2552657,0,0,0,0,-1,"DeAndrew White","WR",NA,NA,NA,NA
"151",2553568,0.4,4,0,0,-1,"Cameron Meredith","WR",NA,NA,NA,NA
"152",2553621,0,0,0,0,-1,"Lucky Whitehead","WR",NA,NA,NA,NA
"153",2553652,0,0,0,0,-1,"Chris Harper","WR",NA,NA,NA,NA
"154",2553725,0.3,2.3,0,0,-1,"Bradley Marquez","WR",NA,NA,NA,NA
"155",2553737,2.9,40.1,0.2,0.1,-1,"Eli Rogers","WR",NA,NA,NA,NA
"156",2553895,2.1,19.4,0.1,0,-1,"Adam Humphries","WR",NA,NA,NA,NA
"157",2553896,0,0,0,0,-1,"Darius Jennings","WR",NA,NA,NA,NA
"158",2553913,0.2,5,0,0,-1,"Tyrell Williams","WR",NA,NA,NA,NA
"159",2555209,0.7,12.8,0.1,0,-1,"Chris Moore","WR",NA,NA,NA,NA
"160",2555214,1.6,21.4,0.1,0,-1,"Laquon Treadwell","WR",NA,NA,NA,NA
"161",2555215,1.4,14.8,0.1,0,-1,"Leonte Carroo","WR",NA,NA,NA,NA
"162",2555216,1.3,16.9,0.1,0,-1,"Malcolm Mitchell","WR",NA,NA,NA,NA
"163",2555295,3.4,43.7,0.3,0,-1,"Sterling Shepard","WR",NA,NA,NA,NA
"164",2555317,2.6,36.1,0.2,0,-1,"Tajae Sharpe","WR",NA,NA,NA,NA
"165",2555331,0.2,3.3,0,0,-1,"Cody Core","WR",NA,NA,NA,NA
"166",2555333,3.7,53.3,0.2,0.1,-1,"Corey Coleman","WR",NA,NA,NA,NA
"167",2555343,2.5,34.8,0.2,0.1,-1,"Josh Doctson","WR",NA,NA,NA,NA
"168",2555346,2.9,45.3,0.3,0,-1,"Will Fuller","WR",NA,NA,NA,NA
"169",2555348,2.9,39.4,0.2,0,-1,"Braxton Miller","WR",NA,NA,NA,NA
"170",2555362,0.3,3.3,0,0,-1,"Aaron Burbridge","WR",NA,NA,NA,NA
"171",2555370,0.3,3.7,0,0,-1,"Jordan Payton","WR",NA,NA,NA,NA
"172",2555413,0.3,3.5,0,0,-1,"Trevor Davis","WR",NA,NA,NA,NA
"173",2555466,3.9,51.4,0.3,0,-1,"Tyler Boyd","WR",NA,NA,NA,NA
"174",2555468,1.1,14.8,0.1,0.1,-1,"Rashard Higgins","WR",NA,NA,NA,NA
"175",2555473,0.3,3.7,0,0,-1,"Ricardo Louis","WR",NA,NA,NA,NA
"176",2555477,0.3,3.1,0,0,-1,"Charone Peake","WR",NA,NA,NA,NA
"177",2555478,0.2,3,0,0,-1,"Demarcus Robinson","WR",NA,NA,NA,NA
"178",2555573,0,0,0,0,-1,"Anthony Dable","WR",NA,NA,NA,NA
"179",2556190,0.3,3,0,0,-1,"Jakeem Grant","WR",NA,NA,NA,NA
"180",2556214,0.2,3,0,0,-1,"Tyreek Hill","WR",NA,NA,NA,NA
"181",2556370,3.4,40.8,0.3,0,-1,"Michael Thomas","WR",NA,NA,NA,NA
"182",2556462,0,0,0,0,-1,"Robby Anderson","WR",NA,NA,NA,NA
"183",2556490,0,0,0,0,-1,"Devon Cajuste","WR",NA,NA,NA,NA
"184",2556519,0,0,0,0,-1,"Alex Erickson","WR",NA,NA,NA,NA
"185",2556592,0,0,0,0,-1,"Roger Lewis","WR",NA,NA,NA,NA
"186",2556606,0,0,0,0,-1,"Jalin Marshall","WR",NA,NA,NA,NA
"187",2556686,1,12.2,0,0,-1,"Nelson Spruce","WR",NA,NA,NA,NA
"188",2556785,0,0,0,0,-1,"Paul Turner","WR",NA,NA,NA,NA
"189",222,0.2,2.2,0,NA,4,"Harry Douglas","WR",0,0,0,NA
"190",1032,5.1,79.1,0.5,NA,4,"Jordy Nelson","WR",0,0,0,NA
"191",1581,3.9,70.1,0.3,NA,4,"DeSean Jackson","WR",0,0,0,NA
"192",1990,2.4,23.2,0.1,NA,4,"Eddie Royal","WR",0.1,0.8,0,NA
"193",2346,4.4,52.9,0.4,NA,4,"Pierre Garcon","WR",0,0,0,NA
"194",2649,0.6,7.9,0,NA,4,"Danny Amendola","WR",0.1,0.7,0,NA
"195",71217,2.9,50.4,0.2,NA,4,"Kenny Britt","WR",0,0,0,NA
"196",71269,4.9,61,0.5,NA,4,"Michael Crabtree","WR",0,0,0,NA
"197",71417,0.3,4.1,0,NA,4,"Jordan Norwood","WR",0,0,0,NA
"198",80427,0.5,6.1,0,NA,4,"Darrius Heyward-Bey","WR",0,0,0,NA
"199",80429,5.4,76,0.4,NA,4,"Jeremy Maclin","WR",0.3,1.7,0,NA
"200",238498,5.2,54.8,0.3,NA,4,"Julian Edelman","WR",0.5,2.9,0,NA
"201",497278,5.1,72.2,0.6,NA,4,"Dez Bryant","WR",0,0,0,NA
"202",497284,5.3,64.8,0.5,NA,4,"Eric Decker","WR",0,0,0,NA
"203",497302,2.4,30.9,0.2,NA,4,"Brandon LaFell","WR",0,0,0,NA
"204",497320,0.5,6.4,0,NA,4,"Andre Roberts","WR",0,0,0,NA
"205",497322,4.8,61.6,0.3,NA,4,"Emmanuel Sanders","WR",0.3,1.6,0,NA
"206",497326,5.6,68.7,0.3,NA,4,"Golden Tate","WR",0.4,2.9,0,NA
"207",497328,5.4,63.5,0.4,NA,4,"Demaryius Thomas","WR",0,0,0,NA
"208",1037885,0,0,0,NA,4,"Marc Mariani","WR",0,0,0,NA
"209",2495159,0.2,3,0,NA,4,"Dwayne Harris","WR",0.1,0.8,0,NA
"210",2495189,1.7,19.3,0.1,NA,4,"Jeremy Kerley","WR",0,0,0,NA
"211",2495223,0.7,7.7,0.1,NA,4,"Greg Salas","WR",0,0,0,NA
"212",2495331,0.5,5.8,0,NA,4,"Aldrick Robinson","WR",0,0,0,NA
"213",2495448,5.3,64.4,0.5,NA,4,"Randall Cobb","WR",1,4.5,0,NA
"214",2495450,5.5,78.1,0.5,NA,4,"A.J. Green","WR",0,0,0,NA
"215",2495453,0.4,6,0,NA,4,"Andre Holmes","WR",0,0,0,NA
"216",2495454,7.7,109.5,0.5,NA,4,"Julio Jones","WR",0,0,0,NA
"217",2495459,3.4,56.5,0.3,NA,4,"Torrey Smith","WR",0,0,0,NA
"218",2495802,0,0,0,NA,4,"Jason Avant","WR",0,0,0,NA
"219",2495893,6,72.5,0.5,NA,4,"Brandon Marshall","WR",0,0,0,NA
"220",2504595,3.7,50.2,0.3,NA,4,"Steve Smith","WR",0,0,0,NA
"221",2505551,1.1,13.2,0.1,NA,4,"Andre Johnson","WR",0,0,0,NA
"222",2505587,3.4,46.8,0.2,NA,4,"Anquan Boldin","WR",0,0,0,NA
"223",2505790,0,0,0,NA,4,"Wes Welker","WR",0,0,0,NA
"224",2506106,5.7,64.9,0.5,NA,4,"Larry Fitzgerald","WR",0,0,0,NA
"225",2506400,3.3,51.5,0.3,NA,4,"Vincent Jackson","WR",0,0,0,NA
"226",2506897,0,0,0,NA,4,"Devin Hester","WR",0,0,0,NA
"227",2507029,0.1,1.5,0,NA,4,"Eric Weems","WR",0,0,0,NA
"228",2507166,2.3,31.5,0.2,NA,4,"Ted Ginn","WR",0.3,1.7,0,NA
"229",2507763,3.4,42.7,0.3,NA,4,"Mike Wallace","WR",0.1,0.8,0,NA
"230",2507855,2.4,34,0.2,NA,4,"Victor Cruz","WR",0,0,0,NA
"231",2508061,8.8,118.4,0.6,NA,4,"Antonio Brown","WR",0.2,1.5,0,NA
"232",2508097,2.8,31.8,0.1,NA,4,"Andrew Hawkins","WR",0.1,0.8,0,NA
"233",2528181,0.1,1.2,0,NA,4,"Bryan Walters","WR",0,0,0,NA
"234",2530515,3.4,37.6,0.3,NA,4,"Chris Hogan","WR",0.1,0.7,0,NA
"235",2530660,3.2,38,0.3,NA,4,"Kamar Aiken","WR",0,0,0,NA
"236",2530700,0.9,11.3,0.1,NA,4,"Dontrelle Inman","WR",0,0,0,NA
"237",2530747,4.5,61,0.5,NA,4,"Doug Baldwin","WR",0,0,0,NA
"238",2531332,3.3,46.3,0.3,NA,4,"Terrelle Pryor","WR",0.2,1.5,0,NA
"239",2532790,3.4,49.1,0.2,NA,4,"Travis Benjamin","WR",0,0,0,NA
"240",2532841,4.1,64.5,0.4,NA,4,"Michael Floyd","WR",0,0,0,NA
"241",2532865,4.7,74.8,0.5,NA,4,"T.Y. Hilton","WR",0.1,0.8,0,NA
"242",2532884,4.7,68.8,0.4,NA,4,"Marvin Jones","WR",0,0,0,NA
"243",2532887,2.2,32.7,0.3,NA,4,"Jermaine Kearse","WR",0,0,0,NA
"244",2532903,3.1,38.3,0.2,NA,4,"Rishard Matthews","WR",0,0,0,NA
"245",2532933,1.1,16.6,0.1,NA,4,"Brian Quick","WR",0,0,0,NA
"246",2532977,2.4,29.6,0.1,NA,4,"Kendall Wright","WR",0.3,1.8,0,NA
"247",2532978,0.4,4.9,0,NA,4,"Jarius Wright","WR",0,0,0,NA
"248",2533039,5.6,75.2,0.4,NA,4,"Alshon Jeffery","WR",0,0,0,NA
"249",2533040,4,48.2,0.3,NA,4,"Mohamed Sanu","WR",0.4,2.4,0,NA
"250",2534436,0.2,2.3,0,NA,4,"Deonte Thompson","WR",0,0,0,NA
"251",2535698,3,29.5,0.2,NA,4,"Cole Beasley","WR",0,0,0,NA
"252",2535869,1.9,25.7,0.1,NA,4,"Rod Streater","WR",0,0,0,NA
"253",2535966,0.2,2,0,NA,4,"Brenton Bersin","WR",0,0,0,NA
"254",2539205,2.6,42.2,0.3,NA,4,"Terrance Williams","WR",0,0,0,NA
"255",2539235,0.7,9,0.1,NA,4,"Tavarres King","WR",0,0,0,NA
"256",2539250,3.1,34.3,0.2,NA,4,"Quinton Patton","WR",0,0,0,NA
"257",2539291,3.6,49.9,0.3,NA,4,"Markus Wheaton","WR",0,0,0,NA
"258",2539336,4.2,44.3,0.2,NA,4,"Tavon Austin","WR",3.2,16.5,0.1,NA
"259",2539964,0.9,14.9,0.1,NA,4,"Marquise Goodwin","WR",0,0,0,NA
"260",2540145,0.4,4.9,0,NA,4,"Cordarrelle Patterson","WR",0.3,1.8,0,NA
"261",2540151,0.2,2.5,0,NA,4,"Justin Hunter","WR",0,0,0,NA
"262",2540154,6.9,75.7,0.3,NA,4,"Keenan Allen","WR",0,0,0,NA
"263",2540165,6,87.4,0.5,NA,4,"DeAndre Hopkins","WR",0,0,0,NA
"264",2540169,2.9,34.5,0.2,NA,4,"Robert Woods","WR",0.1,0.9,0,NA
"265",2540202,3.6,49.3,0.2,NA,4,"Kenny Stills","WR",0,0,0,NA
"266",2541147,2.5,37.4,0.2,NA,4,"Charles Johnson","WR",0,0,0,NA
"267",2541388,0.8,9.9,0.1,NA,4,"Brice Butler","WR",0,0,0,NA
"268",2541785,1.4,18.5,0.1,NA,4,"Adam Thielen","WR",0.1,0.9,0,NA
"269",2541940,0,0,0,NA,4,"Rashad Ross","WR",0,0,0,NA
"270",2541944,0.5,6.2,0,NA,4,"Russell Shepard","WR",0,0,0,NA
"271",2541966,0.2,2.8,0,NA,4,"Jaron Brown","WR",0,0,0,NA
"272",2543457,4.5,72.6,0.5,NA,4,"Sammy Watkins","WR",0.1,0.9,0,NA
"273",2543468,5.1,76.7,0.5,NA,4,"Mike Evans","WR",0,0,0,NA
"274",2543471,3.5,42.7,0.4,NA,4,"Kelvin Benjamin","WR",0,0,0,NA
"275",2543475,2.1,22.6,0.2,NA,4,"Marqise Lee","WR",0.4,2.8,0,NA
"276",2543488,6.8,60.5,0.3,NA,4,"Jarvis Landry","WR",0.8,2.8,0,NA
"277",2543491,1.3,16,0.2,NA,4,"Paul Richardson","WR",0,0,0,NA
"278",2543495,2.1,24.7,0.2,NA,4,"Davante Adams","WR",0,0,0,NA
"279",2543496,6.7,100.6,0.6,NA,4,"Odell Beckham","WR",0,0,0,NA
"280",2543498,5.4,65,0.4,NA,4,"Brandin Cooks","WR",0.5,3.1,0,NA
"281",2543500,4.6,60.2,0.4,NA,4,"Jordan Matthews","WR",0,0,0,NA
"282",2543509,5.3,82.6,0.5,NA,4,"Allen Robinson","WR",0,0,0,NA
"283",2543590,0.6,6,0,NA,4,"Cody Latimer","WR",0.1,0.8,0,NA
"284",2543614,4.8,61,0.5,NA,4,"Donte Moncrief","WR",0,0,0,NA
"285",2543619,0.2,3.1,0,NA,4,"Walt Powell","WR",0,0,0,NA
"286",2543638,0.2,2.5,0,NA,4,"DeAnthony Thomas","WR",0.3,1.7,0,NA
"287",2543746,1,11.2,0.1,NA,4,"Josh Huff","WR",0,0,0,NA
"288",2543750,0.4,5.5,0,NA,4,"Jeff Janis","WR",0,0,0,NA
"289",2543759,0.2,2.9,0,NA,4,"Ryan Grant","WR",0,0,0,NA
"290",2543774,0.8,10.3,0.1,NA,4,"Jared Abbrederis","WR",0,0,0,NA
"291",2543828,2.1,23.6,0.2,NA,4,"Quincy Enunwa","WR",0,0,0,NA
"292",2543847,4.4,65.8,0.4,NA,4,"John Brown","WR",0.2,1.5,0,NA
"293",2550162,0.2,2.3,0,NA,4,"James Wright","WR",0,0,0,NA
"294",2550198,1.1,10.9,0.1,NA,4,"Bennie Fowler","WR",0,0,0,NA
"295",2550256,4.2,53,0.3,NA,4,"Willie Snead","WR",0,0,0,NA
"296",2550272,1.9,24.2,0.1,NA,4,"Albert Wilson","WR",0.3,1.7,0,NA
"297",2550328,0.2,3.1,0,NA,4,"Brandon Coleman","WR",0,0,0,NA
"298",2550353,3.5,47.9,0.3,NA,4,"Allen Hurns","WR",0,0,0,NA
"299",2550546,0.7,9,0.1,NA,4,"Corey Brown","WR",0.3,1.7,0,NA
"300",2550597,2.3,29.4,0.2,NA,4,"Seth Roberts","WR",0,0,0,NA
"301",2550617,0.5,5.8,0,NA,4,"Taylor Gabriel","WR",0,0,0,NA
"302",2552409,3,39.4,0.2,NA,4,"DeVante Parker","WR",0,0,0,NA
"303",2552415,3.6,34.4,0.2,NA,4,"Jamison Crowder","WR",0.1,0.7,0,NA
"304",2552418,1.4,14,0.1,NA,4,"Justin Hardy","WR",0,0,0,NA
"305",2552420,0.2,2.6,0,NA,4,"Keith Mumphery","WR",0,0,0,NA
"306",2552424,3.1,40.8,0.3,NA,4,"Phillip Dorsett","WR",0.4,2.3,0,NA
"307",2552425,1.2,10.3,0.1,NA,4,"Rashad Greene","WR",0,0,0,NA
"308",2552429,0.6,8.3,0.1,NA,4,"Ty Montgomery","WR",0.3,1.6,0,NA
"309",2552430,3.3,50.5,0.4,NA,4,"Tyler Lockett","WR",0.3,2,0,NA
"310",2552458,3.1,38.5,0.3,NA,4,"Devin Funchess","WR",0,0,0,NA
"311",2552463,1.9,24,0.2,NA,4,"Jaelen Strong","WR",0,0,0,NA
"312",2552470,1.7,21.9,0.1,NA,4,"Sammie Coates","WR",0,0,0,NA
"313",2552487,5.6,79.1,0.5,NA,4,"Amari Cooper","WR",0.2,1.5,0,NA
"314",2552491,1.6,25.6,0.2,NA,4,"Dorial Green-Beckham","WR",0,0,0,NA
"315",2552597,1,14.3,0.1,NA,4,"Breshad Perriman","WR",0,0,0,NA
"316",2552600,1.7,22.8,0.1,NA,4,"Nelson Agholor","WR",0,0,0,NA
"317",2552608,4.2,55,0.3,NA,4,"Stefon Diggs","WR",0.3,1.8,0,NA
"318",2552652,2.9,34.6,0.2,NA,4,"Chris Conley","WR",0,0,0,NA
"319",2552656,1.2,21.8,0.1,NA,4,"J.J. Nelson","WR",0.1,0.7,0,NA
"320",2553432,3.7,49.6,0.2,NA,4,"Kevin White","WR",0,0,0,NA
"321",2553467,0.8,10.7,0.1,NA,4,"Quan Bray","WR",0,0,0,NA
"322",2553568,0.2,2.3,0,NA,4,"Cameron Meredith","WR",0,0,0,NA
"323",2553621,0.4,4.9,0,NA,4,"Lucky Whitehead","WR",1.1,4.7,0,NA
"324",2553725,2.1,23.2,0.1,NA,4,"Bradley Marquez","WR",0,0,0,NA
"325",2553737,3.9,42.8,0.2,NA,4,"Eli Rogers","WR",0,0,0,NA
"326",2553895,1.9,17.6,0.1,NA,4,"Adam Humphries","WR",0,0,0,NA
"327",2553913,2.2,27.2,0.2,NA,4,"Tyrell Williams","WR",0,0,0,NA
"328",2555209,0.6,7.5,0,NA,4,"Chris Moore","WR",0,0,0,NA
"329",2555214,1.5,21.8,0.1,NA,4,"Laquon Treadwell","WR",0,0,0,NA
"330",2555215,1.1,14.2,0.1,NA,4,"Leonte Carroo","WR",0,0,0,NA
"331",2555216,1.1,13.5,0.1,NA,4,"Malcolm Mitchell","WR",0,0,0,NA
"332",2555295,4.5,56.8,0.3,NA,4,"Sterling Shepard","WR",0,0,0,NA
"333",2555317,3.4,41.6,0.2,NA,4,"Tajae Sharpe","WR",0,0,0,NA
"334",2555331,0.1,1.1,0,NA,4,"Cody Core","WR",0,0,0,NA
"335",2555333,4.4,55.6,0.2,NA,4,"Corey Coleman","WR",0.2,1.5,0,NA
"336",2555343,1.2,16.1,0.1,NA,4,"Josh Doctson","WR",0,0,0,NA
"337",2555346,3.1,49.3,0.3,NA,4,"Will Fuller","WR",0.1,0.9,0,NA
"338",2555348,2.9,32.1,0.2,NA,4,"Braxton Miller","WR",0.6,3.6,0,NA
"339",2555362,1,12.7,0.1,NA,4,"Aaron Burbridge","WR",0,0,0,NA
"340",2555370,0.2,2.5,0,NA,4,"Jordan Payton","WR",0,0,0,NA
"341",2555413,0.4,5.5,0,NA,4,"Trevor Davis","WR",0,0,0,NA
"342",2555419,0,0,0,NA,4,"Pharoh Cooper","WR",0,0,0,NA
"343",2555466,2.8,35.7,0.2,NA,4,"Tyler Boyd","WR",0.5,3.1,0,NA
"344",2555468,1.1,14.7,0.1,NA,4,"Rashard Higgins","WR",0,0,0,NA
"345",2555473,0.2,2.5,0,NA,4,"Ricardo Louis","WR",0,0,0,NA
"346",2555478,0.4,5,0,NA,4,"Demarcus Robinson","WR",0,0,0,NA
"347",2556190,0.4,5,0,NA,4,"Jakeem Grant","WR",0,0,0,NA
"348",2556214,0.2,2.5,0,NA,4,"Tyreek Hill","WR",0,0,0,NA
"349",2556370,3.6,47.5,0.4,NA,4,"Michael Thomas","WR",0,0,0,NA
"350",2556519,0.1,1.1,0,NA,4,"Alex Erickson","WR",0,0,0,NA
"351",2556592,0.1,1.5,0,NA,4,"Roger Lewis","WR",0,0,0,NA
"352",2556606,0.2,2.3,0,NA,4,"Jalin Marshall","WR",0,0,0,NA
"353",206,NA,NA,NA,NA,5,"Andre Caldwell","WR",NA,NA,NA,NA
"354",222,NA,25,1,NA,5,"Harry Douglas","WR",NA,NA,NA,NA
"355",768,NA,NA,NA,NA,5,"Steve Johnson","WR",NA,NA,NA,NA
"356",1032,NA,75,NA,1,5,"Jordy Nelson","WR",NA,NA,NA,NA
"357",1581,NA,55,1,NA,5,"DeSean Jackson","WR",NA,NA,NA,NA
"358",1990,NA,33,NA,NA,5,"Eddie Royal","WR",NA,NA,NA,NA
"359",2346,NA,52,1,NA,5,"Pierre Garcon","WR",NA,NA,NA,NA
"360",2649,NA,35,NA,NA,5,"Danny Amendola","WR",NA,NA,NA,NA
"361",4487,NA,1,NA,NA,5,"Matt Slater","WR",NA,NA,NA,NA
"362",71217,NA,54,1,NA,5,"Kenny Britt","WR",NA,NA,NA,NA
"363",71269,NA,56,1,NA,5,"Michael Crabtree","WR",NA,NA,NA,NA
"364",71417,NA,19,NA,NA,5,"Jordan Norwood","WR",NA,NA,NA,NA
"365",80427,NA,24,NA,NA,5,"Darrius Heyward-Bey","WR",NA,NA,NA,NA
"366",80429,NA,57,NA,NA,5,"Jeremy Maclin","WR",NA,1,NA,NA
"367",81288,NA,NA,NA,NA,5,"Brandon Gibson","WR",NA,NA,NA,NA
"368",81306,NA,2,NA,NA,5,"Brandon Tate","WR",NA,NA,NA,NA
"369",81831,NA,NA,NA,NA,5,"Brian Hartline","WR",NA,NA,NA,NA
"370",238498,NA,61,NA,NA,5,"Julian Edelman","WR",NA,NA,NA,NA
"371",497260,NA,NA,NA,NA,5,"Seyi Ajirotutu","WR",NA,NA,NA,NA
"372",497278,NA,51,1,NA,5,"Dez Bryant","WR",NA,NA,NA,NA
"373",497282,NA,NA,NA,NA,5,"Riley Cooper","WR",NA,NA,NA,NA
"374",497284,NA,69,1,NA,5,"Eric Decker","WR",NA,NA,NA,NA
"375",497286,NA,NA,NA,NA,5,"Marcus Easley","WR",NA,NA,NA,NA
"376",497302,NA,36,NA,NA,5,"Brandon LaFell","WR",NA,NA,NA,NA
"377",497320,NA,14,NA,NA,5,"Andre Roberts","WR",NA,NA,NA,NA
"378",497322,NA,66,1,NA,5,"Emmanuel Sanders","WR",NA,1,NA,NA
"379",497326,NA,50,NA,NA,5,"Golden Tate","WR",NA,NA,NA,NA
"380",497328,NA,65,1,NA,5,"Demaryius Thomas","WR",NA,1,NA,NA
"381",1037885,NA,17,1,NA,5,"Marc Mariani","WR",NA,NA,NA,NA
"382",2495158,NA,NA,NA,NA,5,"Leonard Hankerson","WR",NA,NA,NA,NA
"383",2495159,NA,23,NA,NA,5,"Dwayne Harris","WR",NA,NA,NA,NA
"384",2495189,NA,5,NA,NA,5,"Jeremy Kerley","WR",NA,NA,NA,NA
"385",2495223,NA,14,1,NA,5,"Greg Salas","WR",NA,NA,NA,NA
"386",2495331,NA,8,NA,NA,5,"Aldrick Robinson","WR",NA,NA,NA,NA
"387",2495341,NA,29,NA,NA,5,"Cecil Shorts","WR",NA,2,NA,NA
"388",2495448,NA,39,NA,NA,5,"Randall Cobb","WR",NA,6,NA,NA
"389",2495450,NA,74,1,1,5,"A.J. Green","WR",NA,NA,NA,NA
"390",2495453,NA,11,NA,NA,5,"Andre Holmes","WR",NA,NA,NA,NA
"391",2495454,NA,102,NA,NA,5,"Julio Jones","WR",NA,NA,NA,NA
"392",2495459,NA,39,1,NA,5,"Torrey Smith","WR",NA,NA,NA,NA
"393",2495558,NA,NA,NA,NA,5,"Dwayne Bowe","WR",NA,NA,NA,NA
"394",2495651,NA,NA,NA,NA,5,"Jacoby Jones","WR",NA,NA,NA,NA
"395",2495801,NA,NA,NA,NA,5,"Miles Austin","WR",NA,NA,NA,NA
"396",2495802,NA,NA,NA,NA,5,"Jason Avant","WR",NA,NA,NA,NA
"397",2495821,NA,NA,NA,NA,5,"Marques Colston","WR",NA,NA,NA,NA
"398",2495843,NA,NA,NA,NA,5,"Derek Hagan","WR",NA,NA,NA,NA
"399",2495867,NA,NA,NA,NA,5,"Greg Jennings","WR",NA,NA,NA,NA
"400",2495893,NA,81,1,NA,5,"Brandon Marshall","WR",NA,NA,NA,NA
"401",2504595,NA,15,NA,NA,5,"Steve Smith","WR",NA,NA,NA,NA
"402",2505551,NA,14,NA,NA,5,"Andre Johnson","WR",NA,NA,NA,NA
"403",2505587,NA,56,NA,NA,5,"Anquan Boldin","WR",NA,NA,NA,NA
"404",2506004,NA,NA,NA,NA,5,"Jerricho Cotchery","WR",NA,NA,NA,NA
"405",2506106,NA,65,1,NA,5,"Larry Fitzgerald","WR",NA,NA,NA,NA
"406",2506222,NA,NA,NA,NA,5,"Josh Cribbs","WR",NA,NA,NA,NA
"407",2506400,NA,47,NA,NA,5,"Vincent Jackson","WR",NA,NA,NA,NA
"408",2506897,NA,NA,NA,NA,5,"Devin Hester","WR",NA,NA,NA,NA
"409",2507029,NA,2,NA,NA,5,"Eric Weems","WR",NA,NA,NA,NA
"410",2507166,NA,47,1,NA,5,"Ted Ginn","WR",NA,1,NA,NA
"411",2507183,NA,28,1,NA,5,"James Jones","WR",NA,NA,NA,NA
"412",2507763,NA,30,NA,NA,5,"Mike Wallace","WR",NA,NA,NA,NA
"413",2507855,NA,37,NA,NA,5,"Victor Cruz","WR",NA,NA,NA,NA
"414",2507902,NA,8,NA,NA,5,"Marlon Moore","WR",NA,NA,NA,NA
"415",2508061,NA,96,1,NA,5,"Antonio Brown","WR",NA,NA,NA,NA
"416",2508097,NA,38,1,NA,5,"Andrew Hawkins","WR",NA,NA,NA,NA
"417",2508115,NA,NA,NA,NA,5,"Vincent Brown","WR",NA,NA,NA,NA
"418",2528181,NA,22,NA,NA,5,"Bryan Walters","WR",NA,NA,NA,NA
"419",2530515,NA,21,NA,NA,5,"Chris Hogan","WR",NA,NA,NA,NA
"420",2530598,NA,3,NA,NA,5,"Jeremy Ross","WR",NA,NA,NA,NA
"421",2530660,NA,59,NA,NA,5,"Kamar Aiken","WR",NA,NA,NA,NA
"422",2530700,NA,23,NA,NA,5,"Dontrelle Inman","WR",NA,NA,NA,NA
"423",2530747,NA,65,1,NA,5,"Doug Baldwin","WR",NA,NA,NA,NA
"424",2531049,NA,20,1,NA,5,"Chris Matthews","WR",NA,1,NA,NA
"425",2531332,NA,17,NA,NA,5,"Terrelle Pryor","WR",NA,13,NA,NA
"426",2532790,NA,49,NA,1,5,"Travis Benjamin","WR",NA,1,NA,NA
"427",2532799,NA,NA,NA,NA,5,"Jarrett Boykin","WR",NA,NA,NA,NA
"428",2532802,NA,NA,NA,NA,5,"LaVon Brazill","WR",NA,NA,NA,NA
"429",2532841,NA,58,1,NA,5,"Michael Floyd","WR",NA,NA,NA,NA
"430",2532850,NA,NA,NA,NA,5,"T.J. Graham","WR",NA,NA,NA,NA
"431",2532865,NA,64,1,NA,5,"T.Y. Hilton","WR",NA,NA,NA,NA
"432",2532884,NA,51,NA,NA,5,"Marvin Jones","WR",NA,NA,NA,NA
"433",2532887,NA,48,1,NA,5,"Jermaine Kearse","WR",NA,NA,NA,NA
"434",2532900,NA,12,1,NA,5,"Keshawn Martin","WR",NA,NA,NA,NA
"435",2532903,NA,34,NA,NA,5,"Rishard Matthews","WR",NA,1,NA,NA
"436",2532933,NA,18,NA,NA,5,"Brian Quick","WR",NA,NA,NA,NA
"437",2532977,NA,35,NA,NA,5,"Kendall Wright","WR",NA,3,NA,NA
"438",2532978,NA,27,NA,NA,5,"Jarius Wright","WR",NA,NA,NA,NA
"439",2533038,NA,NA,NA,NA,5,"Justin Blackmon","WR",NA,NA,NA,NA
"440",2533039,NA,78,NA,NA,5,"Alshon Jeffery","WR",NA,NA,NA,NA
"441",2533040,NA,31,NA,NA,5,"Mohamed Sanu","WR",NA,3,NA,NA
"442",2533537,NA,NA,NA,NA,5,"Stephen Hill","WR",NA,NA,NA,NA
"443",2534436,NA,7,NA,NA,5,"Deonte Thompson","WR",NA,NA,NA,NA
"444",2535634,NA,NA,NA,NA,5,"Chris Givens","WR",NA,NA,NA,NA
"445",2535698,NA,31,NA,NA,5,"Cole Beasley","WR",NA,NA,NA,NA
"446",2535869,NA,11,NA,NA,5,"Rod Streater","WR",NA,NA,NA,NA
"447",2535876,NA,11,NA,NA,5,"Griff Whalen","WR",NA,NA,NA,NA
"448",2535964,NA,9,1,NA,5,"Josh Bellamy","WR",NA,NA,NA,NA
"449",2535966,NA,8,NA,NA,5,"Brenton Bersin","WR",NA,NA,NA,NA
"450",2535988,NA,NA,NA,NA,5,"Brittan Golden","WR",NA,NA,NA,NA
"451",2536031,NA,NA,NA,NA,5,"Damaris Johnson","WR",NA,NA,NA,NA
"452",2537931,NA,NA,NA,NA,5,"Josh Gordon","WR",NA,NA,NA,NA
"453",2539205,NA,51,1,NA,5,"Terrance Williams","WR",NA,NA,NA,NA
"454",2539214,NA,18,1,NA,5,"Kenbrell Thompkins","WR",NA,NA,NA,NA
"455",2539235,NA,17,1,NA,5,"Tavarres King","WR",NA,NA,NA,NA
"456",2539246,NA,NA,NA,NA,5,"Chris Harper","WR",NA,NA,NA,NA
"457",2539250,NA,42,NA,NA,5,"Quinton Patton","WR",NA,NA,NA,NA
"458",2539256,NA,NA,NA,NA,5,"Aaron Dobson","WR",NA,NA,NA,NA
"459",2539291,NA,42,1,1,5,"Markus Wheaton","WR",NA,NA,NA,NA
"460",2539336,NA,33,NA,NA,5,"Tavon Austin","WR",NA,21,NA,NA
"461",2539964,NA,4,NA,NA,5,"Marquise Goodwin","WR",NA,NA,NA,NA
"462",2540005,NA,NA,NA,NA,5,"Marlon Brown","WR",NA,NA,NA,NA
"463",2540145,NA,2,NA,NA,5,"Cordarrelle Patterson","WR",NA,NA,NA,NA
"464",2540151,NA,NA,NA,NA,5,"Justin Hunter","WR",NA,NA,NA,NA
"465",2540154,NA,67,NA,NA,5,"Keenan Allen","WR",NA,1,NA,NA
"466",2540157,NA,NA,NA,NA,5,"Stedman Bailey","WR",NA,NA,NA,NA
"467",2540165,NA,81,1,NA,5,"DeAndre Hopkins","WR",NA,NA,NA,NA
"468",2540169,NA,45,NA,NA,5,"Robert Woods","WR",NA,NA,NA,NA
"469",2540181,NA,NA,NA,NA,5,"Josh Boyce","WR",NA,NA,NA,NA
"470",2540202,NA,27,NA,NA,5,"Kenny Stills","WR",NA,NA,NA,NA
"471",2540261,NA,NA,NA,NA,5,"Corey Fuller","WR",NA,NA,NA,NA
"472",2541147,NA,24,NA,NA,5,"Charles Johnson","WR",NA,NA,NA,NA
"473",2541388,NA,25,1,NA,5,"Brice Butler","WR",NA,NA,NA,NA
"474",2541785,NA,4,NA,NA,5,"Adam Thielen","WR",NA,NA,NA,NA
"475",2541828,NA,3,NA,NA,5,"Frankie Hammond","WR",NA,NA,NA,NA
"476",2541940,NA,6,NA,NA,5,"Rashad Ross","WR",NA,NA,NA,NA
"477",2541966,NA,5,NA,NA,5,"Jaron Brown","WR",NA,NA,NA,NA
"478",2543457,NA,71,1,NA,5,"Sammy Watkins","WR",NA,1,NA,NA
"479",2543468,NA,76,1,NA,5,"Mike Evans","WR",NA,NA,NA,NA
"480",2543471,NA,61,1,1,5,"Kelvin Benjamin","WR",NA,1,NA,NA
"481",2543475,NA,24,1,NA,5,"Marqise Lee","WR",NA,1,NA,NA
"482",2543488,NA,72,1,NA,5,"Jarvis Landry","WR",NA,3,NA,NA
"483",2543491,NA,19,NA,NA,5,"Paul Richardson","WR",NA,NA,NA,NA
"484",2543495,NA,29,NA,NA,5,"Davante Adams","WR",NA,NA,NA,NA
"485",2543496,NA,84,NA,NA,5,"Odell Beckham","WR",NA,NA,NA,NA
"486",2543498,NA,64,1,NA,5,"Brandin Cooks","WR",NA,3,NA,NA
"487",2543500,NA,54,NA,NA,5,"Jordan Matthews","WR",NA,NA,NA,NA
"488",2543509,NA,80,1,NA,5,"Allen Robinson","WR",NA,1,NA,NA
"489",2543572,NA,NA,NA,NA,5,"Martavis Bryant","WR",NA,NA,NA,NA
"490",2543590,NA,6,NA,NA,5,"Cody Latimer","WR",NA,1,NA,NA
"491",2543614,NA,39,NA,NA,5,"Donte Moncrief","WR",NA,NA,NA,NA
"492",2543638,NA,14,NA,NA,5,"DeAnthony Thomas","WR",NA,5,NA,NA
"493",2543641,NA,6,NA,NA,5,"Devin Street","WR",NA,NA,NA,NA
"494",2543646,NA,49,1,NA,5,"Bruce Ellington","WR",NA,1,NA,NA
"495",2543689,NA,6,NA,NA,5,"Kevin Norwood","WR",NA,NA,NA,NA
"496",2543746,NA,27,NA,NA,5,"Josh Huff","WR",NA,NA,NA,NA
"497",2543750,NA,23,1,1,5,"Jeff Janis","WR",NA,NA,NA,NA
"498",2543759,NA,10,1,NA,5,"Ryan Grant","WR",NA,NA,NA,NA
"499",2543774,NA,18,1,NA,5,"Jared Abbrederis","WR",NA,NA,NA,NA
"500",2543792,NA,NA,NA,NA,5,"Matt Hazel","WR",NA,NA,NA,NA
"501",2543828,NA,30,1,NA,5,"Quincy Enunwa","WR",NA,1,NA,NA
"502",2543836,NA,14,NA,NA,5,"T.J. Jones","WR",NA,NA,NA,NA
"503",2543847,NA,36,NA,NA,5,"John Brown","WR",NA,NA,NA,NA
"504",2550162,NA,15,NA,NA,5,"James Wright","WR",NA,1,NA,NA
"505",2550163,NA,12,NA,NA,5,"Michael Campanaro","WR",NA,1,NA,NA
"506",2550198,NA,28,NA,NA,5,"Bennie Fowler","WR",NA,NA,NA,NA
"507",2550256,NA,65,1,NA,5,"Willie Snead","WR",NA,1,NA,NA
"508",2550272,NA,35,1,NA,5,"Albert Wilson","WR",NA,3,NA,NA
"509",2550328,NA,49,NA,NA,5,"Brandon Coleman","WR",NA,1,NA,NA
"510",2550353,NA,58,NA,NA,5,"Allen Hurns","WR",NA,1,NA,NA
"511",2550459,NA,18,NA,NA,5,"Javontee Herndon","WR",NA,1,NA,NA
"512",2550546,NA,36,NA,NA,5,"Corey Brown","WR",NA,1,NA,NA
"513",2550597,NA,28,NA,NA,5,"Seth Roberts","WR",NA,NA,NA,NA
"514",2550617,NA,12,NA,NA,5,"Taylor Gabriel","WR",NA,NA,NA,NA
"515",2552409,NA,53,NA,NA,5,"DeVante Parker","WR",NA,1,NA,NA
"516",2552411,NA,11,NA,NA,5,"Dezmin Lewis","WR",NA,NA,NA,NA
"517",2552415,NA,39,NA,NA,5,"Jamison Crowder","WR",NA,1,NA,NA
"518",2552418,NA,23,1,NA,5,"Justin Hardy","WR",NA,NA,NA,NA
"519",2552420,NA,4,NA,NA,5,"Keith Mumphery","WR",NA,NA,NA,NA
"520",2552424,NA,24,1,NA,5,"Phillip Dorsett","WR",NA,2,NA,NA
"521",2552425,NA,14,1,NA,5,"Rashad Greene","WR",NA,1,NA,NA
"522",2552428,NA,7,1,NA,5,"Tre McBride","WR",NA,1,NA,NA
"523",2552429,NA,21,1,NA,5,"Ty Montgomery","WR",NA,1,NA,NA
"524",2552430,NA,39,NA,NA,5,"Tyler Lockett","WR",NA,2,NA,NA
"525",2552458,NA,49,1,NA,5,"Devin Funchess","WR",NA,1,NA,NA
"526",2552463,NA,31,NA,NA,5,"Jaelen Strong","WR",NA,NA,NA,NA
"527",2552470,NA,10,1,NA,5,"Sammie Coates","WR",NA,NA,NA,NA
"528",2552487,NA,55,1,NA,5,"Amari Cooper","WR",NA,1,NA,NA
"529",2552491,NA,38,1,NA,5,"Dorial Green-Beckham","WR",NA,NA,NA,NA
"530",2552600,NA,27,NA,NA,5,"Nelson Agholor","WR",NA,NA,NA,NA
"531",2552608,NA,43,NA,NA,5,"Stefon Diggs","WR",NA,1,NA,NA
"532",2552616,NA,NA,NA,NA,5,"Duron Carter","WR",NA,NA,NA,NA
"533",2552627,NA,15,NA,NA,5,"DeAndre Smelter","WR",NA,NA,NA,NA
"534",2552650,NA,NA,NA,NA,5,"Mario Alford","WR",NA,NA,NA,NA
"535",2552651,NA,NA,NA,NA,5,"Kaelin Clay","WR",NA,NA,NA,NA
"536",2552652,NA,24,NA,NA,5,"Chris Conley","WR",NA,NA,NA,NA
"537",2552654,NA,3,NA,NA,5,"Geremy Davis","WR",NA,NA,NA,NA
"538",2552656,NA,18,1,NA,5,"J.J. Nelson","WR",NA,NA,NA,NA
"539",2552657,NA,6,NA,NA,5,"DeAndrew White","WR",NA,NA,NA,NA
"540",2553432,NA,46,1,NA,5,"Kevin White","WR",NA,NA,NA,NA
"541",2553453,NA,NA,NA,NA,5,"Andre Debose","WR",NA,NA,NA,NA
"542",2553467,NA,44,1,NA,5,"Quan Bray","WR",NA,1,NA,NA
"543",2553502,NA,NA,NA,NA,5,"DeAndre Carter","WR",NA,NA,NA,NA
"544",2553606,NA,15,NA,NA,5,"Jordan Taylor","WR",NA,1,NA,NA
"545",2553621,NA,4,NA,NA,5,"Lucky Whitehead","WR",NA,3,NA,NA
"546",2553652,NA,NA,NA,NA,5,"Chris Harper","WR",NA,NA,NA,NA
"547",2553703,NA,NA,NA,NA,5,"Devante Davis","WR",NA,NA,NA,NA
"548",2553725,NA,13,NA,NA,5,"Bradley Marquez","WR",NA,NA,NA,NA
"549",2553737,NA,15,NA,NA,5,"Eli Rogers","WR",NA,NA,NA,NA
"550",2553895,NA,19,1,NA,5,"Adam Humphries","WR",NA,NA,NA,NA
"551",2553896,NA,NA,NA,NA,5,"Darius Jennings","WR",NA,NA,NA,NA
"552",2553913,NA,11,1,NA,5,"Tyrell Williams","WR",NA,1,NA,NA
"553",2555214,NA,41,NA,NA,5,"Laquon Treadwell","WR",NA,1,NA,NA
"554",2555215,NA,13,NA,NA,5,"Leonte Carroo","WR",NA,NA,NA,NA
"555",2555216,NA,13,NA,NA,5,"Malcolm Mitchell","WR",NA,NA,NA,NA
"556",2555295,NA,47,NA,NA,5,"Sterling Shepard","WR",NA,NA,NA,NA
"557",2555317,NA,37,NA,NA,5,"Tajae Sharpe","WR",NA,1,NA,NA
"558",2555331,NA,NA,NA,NA,5,"Cody Core","WR",NA,NA,NA,NA
"559",2555333,NA,48,1,NA,5,"Corey Coleman","WR",NA,1,NA,NA
"560",2555343,NA,16,1,NA,5,"Josh Doctson","WR",NA,1,NA,NA
"561",2555346,NA,47,NA,NA,5,"Will Fuller","WR",NA,1,NA,NA
"562",2555348,NA,15,NA,NA,5,"Braxton Miller","WR",NA,NA,NA,NA
"563",2555362,NA,NA,NA,NA,5,"Aaron Burbridge","WR",NA,NA,NA,NA
"564",2555413,NA,15,NA,NA,5,"Trevor Davis","WR",NA,NA,NA,NA
"565",2555419,NA,15,NA,NA,5,"Pharoh Cooper","WR",NA,NA,NA,NA
"566",2555466,NA,19,NA,NA,5,"Tyler Boyd","WR",NA,NA,NA,NA
"567",2555468,NA,NA,NA,NA,5,"Rashard Higgins","WR",NA,NA,NA,NA
"568",2555473,NA,16,NA,NA,5,"Ricardo Louis","WR",NA,1,NA,NA
"569",2556190,NA,12,NA,NA,5,"Jakeem Grant","WR",NA,1,NA,NA
"570",2556214,NA,13,NA,NA,5,"Tyreek Hill","WR",NA,NA,NA,NA
"571",2556370,NA,19,1,NA,5,"Michael Thomas","WR",NA,NA,NA,NA
"572",2556462,NA,NA,NA,NA,5,"Robby Anderson","WR",NA,NA,NA,NA
"573",2556490,NA,NA,NA,NA,5,"Devon Cajuste","WR",NA,NA,NA,NA
"574",2556519,NA,NA,NA,NA,5,"Alex Erickson","WR",NA,NA,NA,NA
"575",2556686,NA,13,NA,NA,5,"Nelson Spruce","WR",NA,NA,NA,NA
"576",206,0,0.5,0,0,6,"Andre Caldwell","WR",0,0,0,0
"577",222,0.1,1.1,0,0,6,"Harry Douglas","WR",0,0,0,0
"578",768,NA,NA,NA,NA,6,"Steve Johnson","WR",NA,NA,NA,NA
"579",1032,5.9,88.3,0.5,0.1,6,"Jordy Nelson","WR",0,0,0,0
"580",1581,3.3,60.9,0.3,0,6,"DeSean Jackson","WR",0,0,0,0
"581",1990,2.6,36.9,0.2,0,6,"Eddie Royal","WR",0,0,0,0
"582",2346,4.7,52,0.3,0,6,"Pierre Garcon","WR",0,0,0,0
"583",2649,3.6,47.2,0.2,0.1,6,"Danny Amendola","WR",0,0,0,0
"584",71217,3.2,52.7,0.3,0,6,"Kenny Britt","WR",0,0,0,0
"585",71269,4.8,58.7,0.4,0,6,"Michael Crabtree","WR",0,0,0,0
"586",71417,0.2,2.8,0,0,6,"Jordan Norwood","WR",0,0,0,0
"587",80427,0.6,8.8,0.1,0,6,"Darrius Heyward-Bey","WR",0,0,0,0
"588",80429,5.7,69.4,0.5,0,6,"Jeremy Maclin","WR",0,0,0,0
"589",80670,NA,NA,NA,NA,6,"Louis Murphy","WR",NA,NA,NA,NA
"590",81306,0,0,0,0,6,"Brandon Tate","WR",0,0,0,0
"591",238498,5.6,62.9,0.3,0.1,6,"Julian Edelman","WR",0,0,0,0
"592",497278,5.6,80.4,0.5,0,6,"Dez Bryant","WR",0,0,0,0
"593",497284,5.3,69.2,0.4,0,6,"Eric Decker","WR",0,0,0,0
"594",497286,NA,NA,NA,NA,6,"Marcus Easley","WR",NA,NA,NA,NA
"595",497302,3.7,52.6,0.2,0.1,6,"Brandon LaFell","WR",0,0,0,0
"596",497320,1.6,18.7,0.1,0,6,"Andre Roberts","WR",0,0,0,0
"597",497322,4.6,62.6,0.3,0.1,6,"Emmanuel Sanders","WR",0,0,0,0
"598",497326,5.9,65.1,0.3,0.1,6,"Golden Tate","WR",0,0,0,0
"599",497328,6.3,78.6,0.3,0.1,6,"Demaryius Thomas","WR",0,0,0,0
"600",1037885,0,0,0,0,6,"Marc Mariani","WR",0,0,0,0
"601",2495159,1.3,15.2,0.1,0,6,"Dwayne Harris","WR",0,0,0,0
"602",2495189,2.6,34.2,0.2,0,6,"Jeremy Kerley","WR",0,0,0,0
"603",2495223,1,17.3,0.1,0,6,"Greg Salas","WR",0,0,0,0
"604",2495331,0.1,0.9,0,0,6,"Aldrick Robinson","WR",0,0,0,0
"605",2495341,0,0.7,0,0,6,"Cecil Shorts","WR",0,0,0,0
"606",2495448,5.7,68.8,0.3,0.1,6,"Randall Cobb","WR",0,0,0,0
"607",2495450,5.5,81.9,0.4,0,6,"A.J. Green","WR",0,0,0,0
"608",2495453,1.9,28.5,0.2,0,6,"Andre Holmes","WR",0,0,0,0
"609",2495454,7,99.3,0.6,0,6,"Julio Jones","WR",0,0,0,0
"610",2495459,4,67.2,0.3,0,6,"Torrey Smith","WR",0,0,0,0
"611",2495893,6.7,89.9,0.5,0,6,"Brandon Marshall","WR",0,0,0,0
"612",2504595,4,53.3,0.3,0.1,6,"Steve Smith","WR",0,0,0,0
"613",2505551,1.3,22,0.1,0,6,"Andre Johnson","WR",0,0,0,0
"614",2505587,3.1,42.3,0.2,0.1,6,"Anquan Boldin","WR",0,0,0,0
"615",2506106,5.9,68.5,0.4,0.1,6,"Larry Fitzgerald","WR",0,0,0,0
"616",2506400,3.7,59.1,0.3,0,6,"Vincent Jackson","WR",0,0,0,0
"617",2506897,NA,NA,NA,NA,6,"Devin Hester","WR",NA,NA,NA,NA
"618",2507029,1.2,18.1,0.1,0,6,"Eric Weems","WR",0,0,0,0
"619",2507166,1.9,31.8,0.2,0,6,"Ted Ginn","WR",0,0,0,0
"620",2507763,3.2,38.8,0.2,0,6,"Mike Wallace","WR",0,0,0,0
"621",2507855,2.5,37.2,0.2,0,6,"Victor Cruz","WR",0,0,0,0
"622",2508061,7.2,101,0.7,0,6,"Antonio Brown","WR",0,0,0,0
"623",2508097,3,40.6,0.2,0,6,"Andrew Hawkins","WR",0,0,0,0
"624",2528181,0.1,1.7,0,0,6,"Bryan Walters","WR",0,0,0,0
"625",2530515,2.5,30.3,0.2,0,6,"Chris Hogan","WR",0,0,0,0
"626",2530660,4,47.9,0.2,0.1,6,"Kamar Aiken","WR",0,0,0,0
"627",2530700,3.3,45.6,0.2,0,6,"Dontrelle Inman","WR",0,0,0,0
"628",2530747,5.1,70,0.4,0.1,6,"Doug Baldwin","WR",0,0,0,0
"629",2531049,NA,NA,NA,NA,6,"Chris Matthews","WR",NA,NA,NA,NA
"630",2531332,2.7,35.9,0.2,0,6,"Terrelle Pryor","WR",0,0,0,0
"631",2532790,3.8,55.9,0.2,0.1,6,"Travis Benjamin","WR",0,0,0,0
"632",2532841,3.3,52.3,0.3,0,6,"Michael Floyd","WR",0,0,0,0
"633",2532865,4.6,76.6,0.5,0.1,6,"T.Y. Hilton","WR",0,0,0,0
"634",2532884,4.9,60.1,0.2,0,6,"Marvin Jones","WR",0,0,0,0
"635",2532887,3,42.5,0.3,0,6,"Jermaine Kearse","WR",0,0,0,0
"636",2532903,3.2,42.8,0.2,0,6,"Rishard Matthews","WR",0,0,0,0
"637",2532933,2.1,25,0.2,0,6,"Brian Quick","WR",0,0,0,0
"638",2532977,2.7,33.7,0.2,0,6,"Kendall Wright","WR",0,0,0,0
"639",2532978,0.4,6,0.1,0,6,"Jarius Wright","WR",0,0,0,0
"640",2533039,5.6,78.6,0.4,0,6,"Alshon Jeffery","WR",0,0,0,0
"641",2533040,4,48.4,0.3,0,6,"Mohamed Sanu","WR",0,0,0,0
"642",2534436,0.1,0.8,0,0,6,"Deonte Thompson","WR",0,0,0,0
"643",2535698,2.9,29.5,0.2,0,6,"Cole Beasley","WR",0,0,0,0
"644",2535869,1.5,19.4,0.2,0,6,"Rod Streater","WR",0,0,0,0
"645",2535966,0,0.9,0,0,6,"Brenton Bersin","WR",0,0,0,0
"646",2537931,NA,NA,NA,NA,6,"Josh Gordon","WR",NA,NA,NA,NA
"647",2539205,3.1,49.2,0.3,0,6,"Terrance Williams","WR",0,0,0,0
"648",2539235,0.1,1,0,0,6,"Tavarres King","WR",0,0,0,0
"649",2539250,3.3,44.4,0.2,0,6,"Quinton Patton","WR",0,0,0,0
"650",2539291,4,60.7,0.4,0,6,"Markus Wheaton","WR",0,0,0,0
"651",2539336,4.1,41.6,0.3,0.1,6,"Tavon Austin","WR",3.6,20.8,0.2,0
"652",2539964,1.4,22,0.1,0,6,"Marquise Goodwin","WR",0,0,0,0
"653",2540145,0,0.2,0,0,6,"Cordarrelle Patterson","WR",0,0,0,0
"654",2540151,0,0,0,0,6,"Justin Hunter","WR",0,0,0,0
"655",2540154,6.4,68.3,0.3,0.1,6,"Keenan Allen","WR",0,0,0,0
"656",2540157,NA,NA,NA,NA,6,"Stedman Bailey","WR",NA,NA,NA,NA
"657",2540165,6.6,101.1,0.6,0.1,6,"DeAndre Hopkins","WR",0,0,0,0
"658",2540169,3.3,40.5,0.2,0.1,6,"Robert Woods","WR",0,0,0,0
"659",2540177,NA,NA,NA,NA,6,"Marquess Wilson","WR",NA,NA,NA,NA
"660",2540202,2.7,44.1,0.2,0,6,"Kenny Stills","WR",0,0,0,0
"661",2540261,NA,NA,NA,NA,6,"Corey Fuller","WR",NA,NA,NA,NA
"662",2541147,2.5,41.4,0.2,0,6,"Charles Johnson","WR",0,0,0,0
"663",2541388,1,14.3,0.1,0,6,"Brice Butler","WR",0,0,0,0
"664",2541785,0.7,9.3,0.1,0,6,"Adam Thielen","WR",0,0,0,0
"665",2541883,NA,NA,NA,NA,6,"Eric Rogers","WR",NA,NA,NA,NA
"666",2541940,0.1,1.9,0,0,6,"Rashad Ross","WR",0,0,0,0
"667",2541944,1.1,16.4,0.1,0,6,"Russell Shepard","WR",0,0,0,0
"668",2541966,0.2,3.5,0,0,6,"Jaron Brown","WR",0,0,0,0
"669",2543457,4.4,70.3,0.4,0,6,"Sammy Watkins","WR",0,0,0,0
"670",2543468,5.1,78.6,0.5,0,6,"Mike Evans","WR",0,0,0,0
"671",2543471,3.8,52.6,0.3,0,6,"Kelvin Benjamin","WR",0,0,0,0
"672",2543475,2.4,31.3,0.2,0,6,"Marqise Lee","WR",0,0,0,0
"673",2543488,7.2,76.6,0.4,0.1,6,"Jarvis Landry","WR",0,0,0,0
"674",2543491,0.9,11,0.1,0,6,"Paul Richardson","WR",0,0,0,0
"675",2543495,1,11.2,0.1,0,6,"Davante Adams","WR",0,0,0,0
"676",2543496,6.1,91.4,0.6,0.1,6,"Odell Beckham","WR",0,0,0,0
"677",2543498,5.5,75.2,0.4,0.1,6,"Brandin Cooks","WR",0,0,0,0
"678",2543500,5.5,77.8,0.5,0,6,"Jordan Matthews","WR",0,0,0,0
"679",2543509,4.8,77.4,0.4,0.1,6,"Allen Robinson","WR",0,0,0,0
"680",2543572,NA,NA,NA,NA,6,"Martavis Bryant","WR",NA,NA,NA,NA
"681",2543590,0.8,10.4,0.1,0,6,"Cody Latimer","WR",0,0,0,0
"682",2543614,4.8,58.1,0.4,0.1,6,"Donte Moncrief","WR",0,0,0,0
"683",2543619,0,0.1,0,0,6,"Walt Powell","WR",0,0,0,0
"684",2543638,0.2,2.5,0,0,6,"DeAnthony Thomas","WR",0,0.2,0,0
"685",2543646,NA,NA,NA,NA,6,"Bruce Ellington","WR",NA,NA,NA,NA
"686",2543689,NA,NA,NA,NA,6,"Kevin Norwood","WR",NA,NA,NA,NA
"687",2543746,0.5,6.4,0.1,0,6,"Josh Huff","WR",0,0,0,0
"688",2543750,0,0,0,0,6,"Jeff Janis","WR",0,0,0,0
"689",2543759,1.1,13.1,0.1,0,6,"Ryan Grant","WR",0,0,0,0
"690",2543761,NA,NA,NA,NA,6,"Shaq Evans","WR",NA,NA,NA,NA
"691",2543774,2.6,31.5,0.2,0,6,"Jared Abbrederis","WR",0,0,0,0
"692",2543828,1.8,24.5,0.2,0,6,"Quincy Enunwa","WR",0,0,0,0
"693",2543847,3.9,54.3,0.5,0,6,"John Brown","WR",0,0,0,0
"694",2550162,0.5,6.5,0,0,6,"James Wright","WR",0,0,0,0
"695",2550163,0,0,0,0,6,"Michael Campanaro","WR",0,0,0,0
"696",2550198,1.9,24.3,0.1,0,6,"Bennie Fowler","WR",0,0,0,0
"697",2550256,4.4,62.8,0.4,0.1,6,"Willie Snead","WR",0,0,0,0
"698",2550272,2.4,31.2,0.2,0,6,"Albert Wilson","WR",0,0,0,0
"699",2550328,2.9,39.9,0.3,0.1,6,"Brandon Coleman","WR",0,0,0,0
"700",2550353,3.6,51.5,0.2,0.1,6,"Allen Hurns","WR",0,0,0,0
"701",2550459,NA,NA,NA,NA,6,"Javontee Herndon","WR",NA,NA,NA,NA
"702",2550546,0.5,7.1,0,0,6,"Corey Brown","WR",0,0,0,0
"703",2550597,2.8,40.2,0.3,0,6,"Seth Roberts","WR",0,0,0,0
"704",2550617,0,0,0,0,6,"Taylor Gabriel","WR",0,0,0,0
"705",2550733,NA,NA,NA,NA,6,"Kevin Smith","WR",NA,NA,NA,NA
"706",2552409,3.9,58.2,0.3,0.1,6,"DeVante Parker","WR",0,0,0,0
"707",2552415,3,30.1,0.2,0,6,"Jamison Crowder","WR",0,0,0,0
"708",2552418,2.8,30,0.2,0,6,"Justin Hardy","WR",0,0,0,0
"709",2552420,0.2,2.2,0,0,6,"Keith Mumphery","WR",0,0,0,0
"710",2552424,3.6,46.7,0.4,0,6,"Phillip Dorsett","WR",0,0,0,0
"711",2552425,0.6,5.9,0,0,6,"Rashad Greene","WR",0,0,0,0
"712",2552429,0.1,0.7,0,0,6,"Ty Montgomery","WR",0,0,0,0
"713",2552430,3.1,41.9,0.3,0,6,"Tyler Lockett","WR",0,0,0,0
"714",2552458,3.2,44.4,0.2,0,6,"Devin Funchess","WR",0,0,0,0
"715",2552463,1.4,18.6,0.2,0,6,"Jaelen Strong","WR",0,0,0,0
"716",2552470,2.9,35.7,0.2,0,6,"Sammie Coates","WR",0,0,0,0
"717",2552487,5.4,80.7,0.5,0.1,6,"Amari Cooper","WR",0,0,0,0
"718",2552491,1.8,18.8,0.1,0,6,"Dorial Green-Beckham","WR",0,0,0,0
"719",2552597,1.5,20.8,0.1,0,6,"Breshad Perriman","WR",0,0,0,0
"720",2552600,2.5,32.1,0.2,0,6,"Nelson Agholor","WR",0,0,0,0
"721",2552608,4.2,58.4,0.4,0.1,6,"Stefon Diggs","WR",0,0,0,0
"722",2552651,NA,NA,NA,NA,6,"Kaelin Clay","WR",NA,NA,NA,NA
"723",2552652,2,23.1,0.2,0,6,"Chris Conley","WR",0,0,0,0
"724",2552656,0.9,14.7,0.1,0,6,"J.J. Nelson","WR",0,0,0,0
"725",2553432,3.6,50,0.2,0,6,"Kevin White","WR",0,0,0,0
"726",2553434,NA,NA,NA,NA,6,"Devin Smith","WR",NA,NA,NA,NA
"727",2553467,0,0.5,0,0,6,"Quan Bray","WR",0,0,0,0
"728",2553568,0,0.5,0,0,6,"Cameron Meredith","WR",0,0,0,0
"729",2553606,0,0.2,0,0,6,"Jordan Taylor","WR",0,0,0,0
"730",2553621,0.2,2.4,0,0,6,"Lucky Whitehead","WR",0,0,0,0
"731",2553692,NA,NA,NA,NA,6,"Rasheed Bailey","WR",NA,NA,NA,NA
"732",2553716,NA,NA,NA,NA,6,"Rannell Hall","WR",NA,NA,NA,NA
"733",2553725,0.6,8,0.1,0,6,"Bradley Marquez","WR",0,0,0,0
"734",2553729,NA,NA,NA,NA,6,"Tyler Murphy","WR",NA,NA,NA,NA
"735",2553737,1.3,15.2,0.1,0,6,"Eli Rogers","WR",0,0,0,0
"736",2553874,NA,NA,NA,NA,6,"Titus Davis","WR",NA,NA,NA,NA
"737",2553895,2.3,21.5,0.2,0.1,6,"Adam Humphries","WR",0,0,0,0
"738",2553904,NA,NA,NA,NA,6,"Shakim Phillips","WR",NA,NA,NA,NA
"739",2553913,0.9,11.1,0.1,0,6,"Tyrell Williams","WR",0,0,0,0
"740",2555209,0.1,1.1,0,0,6,"Chris Moore","WR",0,0,0,0
"741",2555214,3.7,50.7,0.3,0,6,"Laquon Treadwell","WR",0,0,0,0
"742",2555215,1.4,17.6,0.1,0,6,"Leonte Carroo","WR",0,0,0,0
"743",2555216,0.4,4.7,0,0,6,"Malcolm Mitchell","WR",0,0,0,0
"744",2555295,4,50.4,0.3,0,6,"Sterling Shepard","WR",0,0,0,0
"745",2555317,2.6,32.6,0.2,0,6,"Tajae Sharpe","WR",0,0,0,0
"746",2555331,0,0.1,0,0,6,"Cody Core","WR",0,0,0,0
"747",2555333,4.2,55.5,0.3,0,6,"Corey Coleman","WR",0,0,0,0
"748",2555343,0,0,0,0,6,"Josh Doctson","WR",0,0,0,0
"749",2555346,3.1,40.8,0.3,0,6,"Will Fuller","WR",0,0,0,0
"750",2555348,1.9,22.1,0.2,0,6,"Braxton Miller","WR",0,0,0,0
"751",2555350,NA,NA,NA,NA,6,"Kolby Listenbee","WR",NA,NA,NA,NA
"752",2555362,0.1,1.6,0,0,6,"Aaron Burbridge","WR",0,0,0,0
"753",2555370,0,0.2,0,0,6,"Jordan Payton","WR",0,0,0,0
"754",2555413,0,0,0,0,6,"Trevor Davis","WR",0,0,0,0
"755",2555419,2,24.9,0.2,0,6,"Pharoh Cooper","WR",0,0,0,0
"756",2555466,2.7,31.5,0.2,0,6,"Tyler Boyd","WR",0,0,0,0
"757",2555468,0.1,1.2,0,0,6,"Rashard Higgins","WR",0,0,0,0
"758",2555473,1,12,0.1,0,6,"Ricardo Louis","WR",0,0,0,0
"759",2555477,0,0,0,0,6,"Charone Peake","WR",0,0,0,0
"760",2555478,NA,NA,NA,NA,6,"Demarcus Robinson","WR",NA,NA,NA,NA
"761",2556190,0,0,0,0,6,"Jakeem Grant","WR",0,0,0,0
"762",2556214,0,0,0,0,6,"Tyreek Hill","WR",0,0,0,0
"763",2556370,2.3,29.2,0.2,0,6,"Michael Thomas","WR",0,0,0,0
"764",2556381,0.1,1,0,0,6,"Mike Thomas","WR",0,0,0,0
"765",2556462,0,0.3,0,0,6,"Robby Anderson","WR",0,0,0,0
"766",2556519,0.1,1.5,0,0,6,"Alex Erickson","WR",0,0,0,0
"767",2556592,NA,NA,NA,NA,6,"Roger Lewis","WR",NA,NA,NA,NA
"768",2556606,0.6,7.3,0.1,0,6,"Jalin Marshall","WR",0,0,0,0
"769",2556686,0,0,0,0,6,"Nelson Spruce","WR",0,0,0,0
"770",1032,5,80,0,0,19,"Jordy Nelson","WR",0,0,0,NA
"771",2346,5,76,1,0,19,"Pierre Garcon","WR",0,0,0,NA
"772",2649,6,80,1,0,19,"Danny Amendola","WR",0,0,0,NA
"773",238498,2,25,0,0,19,"Julian Edelman","WR",0,0,0,NA
"774",497278,7,108,1,0,19,"Dez Bryant","WR",0,0,0,NA
"775",497328,5,87,1,0,19,"Demaryius Thomas","WR",0,0,0,NA
"776",2495448,6,86,0,0,19,"Randall Cobb","WR",1,3,0,NA
"777",2495450,5,79,1,0,19,"A.J. Green","WR",0,0,0,NA
"778",2495454,6,96,1,0,19,"Julio Jones","WR",1,0,0,NA
"779",2505785,4,48,0,0,19,"Malcom Floyd","WR",0,0,0,NA
"780",2506106,6,81,1,0,19,"Larry Fitzgerald","WR",0,0,0,NA
"781",2506400,4,59,1,0,19,"Vincent Jackson","WR",0,0,0,NA
"782",2507166,1,15,0,0,19,"Ted Ginn","WR",0,2,0,NA
"783",2507855,6,70,1,0,19,"Victor Cruz","WR",0,0,0,NA
"784",2508061,5,60,1,0,19,"Antonio Brown","WR",0,0,0,NA
"785",2530747,3,31,0,0,19,"Doug Baldwin","WR",0,0,0,NA
"786",2532841,4,55,0,0,19,"Michael Floyd","WR",0,0,0,NA
"787",2532865,4,62,1,0,19,"T.Y. Hilton","WR",1,0,0,NA
"788",2532977,5,54,0,0,19,"Kendall Wright","WR",0,0,0,NA
"789",2532978,1,7,0,0,19,"Jarius Wright","WR",0,0,0,NA
"790",2533038,0,0,0,0,19,"Justin Blackmon","WR",0,0,0,NA
"791",2533039,4,56,0,0,19,"Alshon Jeffery","WR",0,0,0,NA
"792",2535698,0,0,0,0,19,"Cole Beasley","WR",0,0,0,NA
"793",2539205,2,30,0,0,19,"Terrance Williams","WR",0,0,0,NA
"794",2539250,3,35,0,0,19,"Quinton Patton","WR",0,0,0,NA
"795",2539291,3,47,0,0,19,"Markus Wheaton","WR",0,0,0,NA
"796",2539964,1,27,0,0,19,"Marquise Goodwin","WR",0,0,0,NA
"797",2540145,3,33,0,0,19,"Cordarrelle Patterson","WR",1,3,0,NA
"798",2540154,2,33,0,0,19,"Keenan Allen","WR",0,0,0,NA
"799",2540165,4,54,0,0,19,"DeAndre Hopkins","WR",0,0,0,NA
"800",2540169,3,40,0,0,19,"Robert Woods","WR",0,0,0,NA
"801",2540177,1,8,0,0,19,"Marquess Wilson","WR",0,0,0,NA
