Player,Team,G,PassingComp,PassingAtt,PassingYard,PassingTD,PassingINT,RushingAtt,RushingYard,RushingTD,Home or Away,Opponent,Week
Drew Brees,New Orleans Saints,1,34,41,392,4,0,0,0,0,Away,Dallas Cowboys,10
Peyton Manning,Denver Broncos,1,25,36,330,4,0,2,-1,0,Home,San Diego Chargers,10
Robert Griffin III,Washington Redskins,1,24,37,281,3,0,7,44,0,Home,Minnesota Vikings,10
Ryan Fitzpatrick,Tennessee Titans,1,22,33,264,2,0,3,13,1,Away,Jacksonville Jaguars,10
Nick Foles,Philadelphia Eagles,1,12,18,228,3,0,8,38,0,Home,Green Bay Packers,10
Russell Wilson,Seattle Seahawks,1,19,26,287,2,0,3,20,0,Home,Atlanta Falcons,10
Andy Dalton,Cincinnati Bengals,1,24,51,274,2,3,6,22,0,Home,Baltimore Ravens,10
Case Keenum,Houston Texans,1,22,43,201,3,0,2,13,0,Home,Arizona Cardinals,10
Andrew Luck,Indianapolis Colts,1,29,47,353,1,3,4,17,0,Away,St. Louis Rams,10
Matthew Stafford,Detroit Lions,1,18,35,219,3,1,2,-1,0,Home,Chicago Bears,10
Kellen Clemens,St. Louis Rams,1,9,16,247,2,0,3,2,0,Home,Indianapolis Colts,10
Scott Tolzien,Green Bay Packers,1,24,39,280,1,2,1,19,0,Away,Philadelphia Eagles,10
Carson Palmer,Arizona Cardinals,1,20,32,241,2,1,2,-2,0,Away,Houston Texans,10
Ryan Tannehill,Miami Dolphins,1,27,42,229,2,1,1,2,0,Home,Tampa Bay Buccaneers,10
Christian Ponder,Minnesota Vikings,1,17,21,174,2,1,2,13,0,Away,Washington Redskins,10
Jay Cutler,Chicago Bears,1,21,40,250,1,1,0,0,0,Away,Detroit Lions,10
Philip Rivers,San Diego Chargers,1,19,29,218,1,0,5,7,0,Away,Denver Broncos,10
Joe Flacco,Baltimore Ravens,1,20,36,140,2,2,1,4,0,Away,Cincinnati Bengals,10
Ben Roethlisberger,Pittsburgh Steelers,1,18,30,204,1,1,0,0,0,Away,Buffalo Bills,10
Matt Ryan,Atlanta Falcons,1,23,36,172,1,0,3,15,0,Away,Seattle Seahawks,10
EJ Manuel,Buffalo Bills,1,22,39,155,1,1,2,17,0,Home,Pittsburgh Steelers,10
Eli Manning,New York Giants,1,12,22,140,1,1,3,-3,0,Away,Oakland Raiders,10
Mike Glennon,Tampa Bay Buccaneers,1,11,21,139,1,1,4,-3,0,Away,Miami Dolphins,10
Tony Romo,Dallas Cowboys,1,10,24,128,1,0,0,0,0,Home,New Orleans Saints,10
Cam Newton,Carolina Panthers,1,16,32,169,0,1,7,17,0,Home,San Francisco 49ers,10
Chad Henne,Jacksonville Jaguars,1,14,23,180,0,2,1,-1,0,Home,Tennessee Titans,10
Josh McCown,Chicago Bears,1,6,9,62,1,0,0,0,0,Away,Detroit Lions,10
Colin Kaepernick,San Francisco 49ers,1,11,22,91,0,1,4,16,0,Away,Carolina Panthers,10
Matt Hasselbeck,Indianapolis Colts,1,2,5,68,0,1,1,-1,0,Away,St. Louis Rams,10
Jake Locker,Tennessee Titans,1,4,9,24,0,1,3,18,0,Away,Jacksonville Jaguars,10
Matt Cassel,Minnesota Vikings,1,4,6,47,0,0,1,-1,0,Away,Washington Redskins,10
Tyrod Taylor,Baltimore Ravens,1,0,0,0,0,0,1,18,0,Away,Cincinnati Bengals,10
Seneca Wallace,Green Bay Packers,1,5,5,25,0,0,0,0,0,Away,Philadelphia Eagles,10
Luke McCown,New Orleans Saints,1,0,0,0,0,0,2,-2,0,Away,Dallas Cowboys,10
Ben Roethlisberger,Pittsburgh Steelers,1,29,45,367,4,0,6,12,0,Away,Detroit Lions,11
Cam Newton,Carolina Panthers,1,19,28,209,3,0,7,62,0,Away,New England Patriots,11
Carson Palmer,Arizona Cardinals,1,30,42,419,2,0,3,-3,0,Home,Jacksonville Jaguars,11
Matthew Stafford,Detroit Lions,1,19,46,362,2,1,3,24,0,Home,Pittsburgh Steelers,11
Nick Foles,Philadelphia Eagles,1,17,26,298,0,0,9,47,1,Away,Washington Redskins,11
Robert Griffin III,Washington Redskins,1,17,35,264,2,1,10,44,0,Home,Philadelphia Eagles,11
Alex Smith,Kansas City Chiefs,1,21,45,230,2,0,5,52,0,Home,Denver Broncos,11
Matt McGloin,Oakland Raiders,1,18,32,197,3,0,3,-3,0,Home,Houston Texans,11
EJ Manuel,Buffalo Bills,1,20,28,245,2,0,7,9,0,Away,New York Jets,11
Russell Wilson,Seattle Seahawks,1,13,18,230,2,0,2,14,0,Away,Minnesota Vikings,11
Andrew Luck,Indianapolis Colts,1,23,36,232,0,0,9,31,1,Home,Tennessee Titans,11
Matt Ryan,Atlanta Falcons,1,19,36,254,2,2,0,0,0,Home,Tampa Bay Buccaneers,11
Peyton Manning,Denver Broncos,1,24,40,323,1,0,1,0,0,Away,Kansas City Chiefs,11
Mike Glennon,Tampa Bay Buccaneers,1,20,23,231,2,0,1,4,0,Away,Atlanta Falcons,11
Philip Rivers,San Diego Chargers,1,22,34,298,1,1,2,6,0,Home,Miami Dolphins,11
Ryan Tannehill,Miami Dolphins,1,22,35,268,1,1,4,21,0,Away,San Diego Chargers,11
Drew Brees,New Orleans Saints,1,30,43,305,1,1,1,-1,0,Away,San Francisco 49ers,11
Tom Brady,New England Patriots,1,29,40,296,1,1,1,3,0,Home,Carolina Panthers,11
Eli Manning,New York Giants,1,25,35,279,1,1,1,3,0,Away,Green Bay Packers,11
Scott Tolzien,Green Bay Packers,1,24,34,339,0,3,2,11,0,Home,New York Giants,11
Ryan Fitzpatrick,Tennessee Titans,1,22,28,222,1,0,4,26,0,Away,Indianapolis Colts,11
Colin Kaepernick,San Francisco 49ers,1,17,31,127,2,1,3,25,0,Home,New Orleans Saints,11
Chad Henne,Jacksonville Jaguars,1,27,42,255,1,2,0,0,0,Away,Arizona Cardinals,11
Andy Dalton,Cincinnati Bengals,1,13,27,93,3,2,4,0,0,Away,Cleveland Browns,11
Jason Campbell,Cleveland Browns,1,27,56,248,1,3,0,0,0,Home,Cincinnati Bengals,11
Josh McCown,Chicago Bears,1,19,31,216,1,0,2,-1,0,Away,Baltimore Ravens,11
Joe Flacco,Baltimore Ravens,1,17,31,162,1,2,4,20,0,Home,Chicago Bears,11
Case Keenum,Houston Texans,1,13,24,170,1,1,0,0,0,Away,Oakland Raiders,11
Christian Ponder,Minnesota Vikings,1,13,22,129,1,2,5,0,0,Home,Seattle Seahawks,11
Matt Cassel,Minnesota Vikings,1,5,13,78,1,1,0,0,0,Home,Seattle Seahawks,11
Matt Schaub,Houston Texans,1,12,25,155,0,0,0,0,0,Away,Oakland Raiders,11
Matt Simms,New York Jets,1,4,6,60,1,0,0,0,0,Home,Buffalo Bills,11
Geno Smith,New York Jets,1,8,23,103,0,3,1,0,0,Home,Buffalo Bills,11
Dominique Davis,Atlanta Falcons,1,5,7,34,0,0,0,0,0,Home,Tampa Bay Buccaneers,11
Tarvaris Jackson,Seattle Seahawks,1,1,3,6,0,0,1,-1,0,Away,Minnesota Vikings,11
Peyton Manning,Denver Broncos,1,27,42,462,7,0,2,-2,0,Away,Baltimore Ravens,1
Eli Manning,New York Giants,1,27,42,450,4,3,2,8,0,Home,Dallas Cowboys,1
Colin Kaepernick,San Francisco 49ers,1,27,39,412,3,0,7,22,0,Away,Green Bay Packers,1
Aaron Rodgers,Green Bay Packers,1,21,37,333,3,1,2,13,0,Home,San Francisco 49ers,1
Michael Vick,Philadelphia Eagles,1,15,25,203,2,0,9,54,1,Home,Washington Redskins,1
Matt Schaub,Houston Texans,1,34,45,346,3,1,0,0,0,Home,San Diego Chargers,1
Philip Rivers,San Diego Chargers,1,14,29,195,4,1,1,18,0,Away,Houston Texans,1
Robert Griffin III,Washington Redskins,1,30,49,329,2,2,5,24,0,Away,Philadelphia Eagles,1
Andrew Luck,Indianapolis Colts,1,18,23,178,2,0,6,38,1,Away,Oakland Raiders,1
Joe Flacco,Baltimore Ravens,1,34,62,362,2,2,0,0,0,Home,Denver Broncos,1
Drew Brees,New Orleans Saints,1,26,35,357,2,1,3,2,0,Away,Atlanta Falcons,1
Matthew Stafford,Detroit Lions,1,28,43,357,2,1,5,2,0,Away,Minnesota Vikings,1
Matt Ryan,Atlanta Falcons,1,25,38,304,2,1,1,12,0,Home,New Orleans Saints,1
Carson Palmer,Arizona Cardinals,1,26,40,327,2,1,0,0,0,Home,St. Louis Rams,1
Sam Bradford,St. Louis Rams,1,27,38,299,2,1,2,1,0,Away,Arizona Cardinals,1
Andy Dalton,Cincinnati Bengals,1,26,33,282,2,2,2,2,0,Home,Chicago Bears,1
Tom Brady,New England Patriots,1,29,52,288,2,1,5,-4,0,Home,Buffalo Bills,1
Jay Cutler,Chicago Bears,1,21,33,242,2,1,3,16,0,Away,Cincinnati Bengals,1
Geno Smith,New York Jets,1,24,38,256,1,1,6,47,0,Away,Tampa Bay Buccaneers,1
Tony Romo,Dallas Cowboys,1,36,49,263,2,1,2,-1,0,Away,New York Giants,1
Russell Wilson,Seattle Seahawks,1,25,33,320,1,0,5,7,0,Home,Carolina Panthers,1
Alex Smith,Kansas City Chiefs,1,21,34,173,2,0,4,25,0,Home,Jacksonville Jaguars,1
Brandon Weeden,Cleveland Browns,1,26,53,289,1,3,0,0,0,Away,Miami Dolphins,1
Ryan Tannehill,Miami Dolphins,1,24,38,272,1,1,5,3,0,Home,Cleveland Browns,1
EJ Manuel,Buffalo Bills,1,18,27,150,2,0,3,23,0,Away,New England Patriots,1
Christian Ponder,Minnesota Vikings,1,18,28,236,1,3,4,12,0,Home,Detroit Lions,1
Josh Freeman,Tampa Bay Buccaneers,1,15,31,210,1,1,1,0,0,Home,New York Jets,1
Cam Newton,Carolina Panthers,1,16,23,125,1,0,5,38,0,Away,Seattle Seahawks,1
Ben Roethlisberger,Pittsburgh Steelers,1,21,33,191,1,1,0,0,0,Away,Tennessee Titans,1
Blaine Gabbert,Jacksonville Jaguars,1,16,35,121,0,2,4,16,0,Away,Kansas City Chiefs,1
Jake Locker,Tennessee Titans,1,11,20,125,0,0,5,3,0,Home,Pittsburgh Steelers,1
Chad Henne,Jacksonville Jaguars,1,3,6,36,0,0,0,0,0,Away,Kansas City Chiefs,1
Chase Daniel,Kansas City Chiefs,1,0,0,0,0,0,2,-2,0,Home,Jacksonville Jaguars,1
Philip Rivers,San Diego Chargers,1,27,39,392,3,0,1,1,0,Home,Kansas City Chiefs,12
Tom Brady,New England Patriots,1,34,50,344,3,0,2,0,0,Away,Denver Broncos,12
Matthew Stafford,Detroit Lions,1,26,46,297,3,4,2,6,0,Away,Tampa Bay Buccaneers,12
Ryan Fitzpatrick,Tennessee Titans,1,30,42,320,2,0,5,26,0,Home,Oakland Raiders,12
Alex Smith,Kansas City Chiefs,1,26,38,294,3,1,2,-3,0,Away,San Diego Chargers,12
Josh McCown,Chicago Bears,1,36,47,352,2,1,2,4,0,Home,St. Louis Rams,12
Colin Kaepernick,San Francisco 49ers,1,15,24,235,3,0,9,20,0,Home,Washington Redskins,12
Cam Newton,Carolina Panthers,1,19,38,174,1,1,8,51,1,Home,Miami Dolphins,12
Carson Palmer,Arizona Cardinals,1,26,37,314,2,0,0,0,0,Away,Indianapolis Colts,12
Ryan Tannehill,Miami Dolphins,1,28,42,310,1,1,4,36,0,Away,Carolina Panthers,12
Drew Brees,New Orleans Saints,1,23,33,278,2,0,4,-6,0,Home,Atlanta Falcons,12
Tony Romo,Dallas Cowboys,1,23,38,250,2,1,3,1,0,Home,New York Giants,12
Mike Glennon,Tampa Bay Buccaneers,1,14,21,247,2,0,4,-17,0,Home,Detroit Lions,12
Ben Roethlisberger,Pittsburgh Steelers,1,22,34,217,2,0,2,-3,0,Home,Cleveland Browns,12
Joe Flacco,Baltimore Ravens,1,17,26,273,1,1,0,0,0,Away,New York Jets,12
Matt McGloin,Oakland Raiders,1,19,32,260,1,1,2,6,0,Away,Tennessee Titans,12
Matt Flynn,Green Bay Packers,1,21,36,218,1,0,4,24,0,Away,Minnesota Vikings,12
Eli Manning,New York Giants,1,16,30,174,2,0,0,0,0,Away,Dallas Cowboys,12
Matt Ryan,Atlanta Falcons,1,30,39,292,0,0,2,10,0,Away,New Orleans Saints,12
Peyton Manning,Denver Broncos,1,19,36,150,2,1,1,0,0,Home,New England Patriots,12
Andrew Luck,Indianapolis Colts,1,20,39,163,1,1,2,31,0,Home,Arizona Cardinals,12
Christian Ponder,Minnesota Vikings,1,21,30,233,1,0,3,-5,0,Home,Green Bay Packers,12
Brandon Weeden,Cleveland Browns,1,13,30,209,1,1,1,2,0,Away,Pittsburgh Steelers,12
Scott Tolzien,Green Bay Packers,1,7,17,98,0,0,2,25,1,Away,Minnesota Vikings,12
Chad Henne,Jacksonville Jaguars,1,23,32,239,0,0,3,3,0,Home,Houston Texans,12
Kellen Clemens,St. Louis Rams,1,10,22,167,1,0,3,-3,0,Away,Chicago Bears,12
Case Keenum,Houston Texans,1,18,34,169,0,1,1,2,0,Away,Jacksonville Jaguars,12
Robert Griffin III,Washington Redskins,1,17,27,127,0,1,6,22,0,Away,San Francisco 49ers,12
Geno Smith,New York Jets,1,9,22,127,0,2,3,6,0,Home,Baltimore Ravens,12
Jason Campbell,Cleveland Browns,1,14,22,124,0,0,1,-1,0,Away,Pittsburgh Steelers,12
Tyrod Taylor,Baltimore Ravens,1,0,1,0,0,0,4,7,0,Away,New York Jets,12
Peyton Manning,Denver Broncos,1,22,35,403,5,2,3,-3,0,Home,Kansas City Chiefs,13
Cam Newton,Carolina Panthers,1,18,29,263,2,2,5,68,1,Away,Tampa Bay Buccaneers,13
Russell Wilson,Seattle Seahawks,1,22,30,310,3,0,8,47,0,Away,New Orleans Saints,13
Brandon Weeden,Cleveland Browns,1,24,40,370,3,2,2,5,0,Away,Jacksonville Jaguars,13
Matthew Stafford,Detroit Lions,1,22,35,330,3,2,1,8,0,Away,Green Bay Packers,13
Alex Smith,Kansas City Chiefs,1,26,42,293,2,1,4,46,0,Away,Denver Broncos,13
Carson Palmer,Arizona Cardinals,1,24,41,302,3,2,1,-1,0,Home,Philadelphia Eagles,13
Ryan Tannehill,Miami Dolphins,1,28,43,331,2,1,3,22,0,Home,New York Jets,13
Tom Brady,New England Patriots,1,29,41,371,2,1,0,0,0,Home,Houston Texans,13
Nick Foles,Philadelphia Eagles,1,21,34,237,3,0,9,22,0,Away,Arizona Cardinals,13
Josh McCown,Chicago Bears,1,23,36,355,2,0,0,0,0,Home,Minnesota Vikings,13
Ryan Fitzpatrick,Tennessee Titans,1,21,37,201,1,3,8,54,1,Home,Indianapolis Colts,13
Robert Griffin III,Washington Redskins,1,24,32,207,1,0,12,88,0,Away,New York Giants,13
Ben Roethlisberger,Pittsburgh Steelers,1,28,44,257,2,0,1,11,0,Home,Baltimore Ravens,13
Matt Ryan,Atlanta Falcons,1,28,47,311,1,0,2,17,0,Home,Buffalo Bills,13
EJ Manuel,Buffalo Bills,1,18,32,210,1,0,4,3,1,Away,Atlanta Falcons,13
Case Keenum,Houston Texans,1,15,30,272,0,1,3,6,1,Away,New England Patriots,13
Colin Kaepernick,San Francisco 49ers,1,19,28,275,1,0,4,21,0,Away,St. Louis Rams,13
Chad Henne,Jacksonville Jaguars,1,22,40,195,2,1,0,0,0,Home,Cleveland Browns,13
Joe Flacco,Baltimore Ravens,1,24,35,251,1,0,4,7,0,Away,Pittsburgh Steelers,13
Kellen Clemens,St. Louis Rams,1,19,37,218,1,1,3,21,0,Home,San Francisco 49ers,13
Philip Rivers,San Diego Chargers,1,23,37,252,1,1,1,4,0,Away,Cincinnati Bengals,13
Matt Cassel,Minnesota Vikings,1,20,33,243,1,1,1,0,0,Away,Chicago Bears,13
Eli Manning,New York Giants,1,22,28,235,1,1,3,0,0,Home,Washington Redskins,13
Tony Romo,Dallas Cowboys,1,23,32,225,1,0,1,-1,0,Away,Oakland Raiders,13
Andy Dalton,Cincinnati Bengals,1,14,23,190,1,1,3,9,0,Home,San Diego Chargers,13
Andrew Luck,Indianapolis Colts,1,17,32,200,0,1,5,42,0,Away,Tennessee Titans,13
Matt McGloin,Oakland Raiders,1,18,30,255,0,1,2,-1,0,Home,Dallas Cowboys,13
Drew Brees,New Orleans Saints,1,23,38,147,1,0,1,-1,0,Home,Seattle Seahawks,13
Mike Glennon,Tampa Bay Buccaneers,1,14,21,180,0,1,2,3,0,Home,Carolina Panthers,13
Matt Flynn,Green Bay Packers,1,10,20,139,0,1,2,4,0,Home,Detroit Lions,13
Matt Simms,New York Jets,1,9,18,79,0,1,2,2,0,Away,Miami Dolphins,13
Christian Ponder,Minnesota Vikings,1,3,8,40,0,0,0,0,0,Away,Chicago Bears,13
Geno Smith,New York Jets,1,4,10,29,0,1,1,2,0,Away,Miami Dolphins,13
Derek Anderson,Carolina Panthers,1,0,0,0,0,0,1,2,0,Away,Tampa Bay Buccaneers,13
Shaun Hill,Detroit Lions,1,0,0,0,0,0,2,-2,0,Away,Green Bay Packers,13
Josh McCown,Chicago Bears,1,27,36,348,4,0,3,16,1,Away,Dallas Cowboys,14
Peyton Manning,Denver Broncos,1,39,59,397,4,0,3,-1,0,Away,Tennessee Titans,14
Andrew Luck,Indianapolis Colts,1,29,46,326,4,0,2,32,0,Home,Cincinnati Bengals,14
Jason Campbell,Cleveland Browns,1,29,44,391,3,0,2,27,0,Home,New England Patriots,14
Andy Dalton,Cincinnati Bengals,1,24,35,275,3,0,5,11,1,Away,Indianapolis Colts,14
Drew Brees,New Orleans Saints,1,30,42,313,4,0,3,3,0,Away,Carolina Panthers,14
Ben Roethlisberger,Pittsburgh Steelers,1,23,39,349,3,0,1,8,0,Away,Miami Dolphins,14
Tom Brady,New England Patriots,1,32,52,418,2,1,2,1,0,Away,Cleveland Browns,14
Ryan Tannehill,Miami Dolphins,1,20,33,200,3,1,2,56,0,Home,Pittsburgh Steelers,14
Joe Flacco,Baltimore Ravens,1,28,50,245,3,3,1,22,0,Away,Minnesota Vikings,14
Geno Smith,New York Jets,1,16,25,219,1,1,5,50,1,Away,Oakland Raiders,14
Philip Rivers,San Diego Chargers,1,21,28,249,3,0,0,0,0,Away,New York Giants,14
Matt McGloin,Oakland Raiders,1,18,31,245,2,1,2,20,0,Home,New York Jets,14
Matt Cassel,Minnesota Vikings,1,17,38,265,2,0,2,6,0,Home,Baltimore Ravens,14
Nick Foles,Philadelphia Eagles,1,11,22,179,1,1,6,23,1,Away,Detroit Lions,14
Matt Flynn,Green Bay Packers,1,24,32,258,1,1,6,28,0,Away,Atlanta Falcons,14
Matt Ryan,Atlanta Falcons,1,20,35,206,2,1,0,0,0,Home,Green Bay Packers,14
Carson Palmer,Arizona Cardinals,1,27,32,269,1,0,1,-1,0,Away,St. Louis Rams,14
Chad Henne,Jacksonville Jaguars,1,12,27,117,2,0,4,33,0,Away,Houston Texans,14
Tony Romo,Dallas Cowboys,1,11,20,104,3,0,1,-1,0,Home,Chicago Bears,14
Eli Manning,New York Giants,1,20,32,259,1,2,0,0,0,Home,San Diego Chargers,14
Cam Newton,Carolina Panthers,1,22,34,160,1,0,6,48,0,Home,New Orleans Saints,14
Colin Kaepernick,San Francisco 49ers,1,15,29,175,1,1,9,31,0,Away,Seattle Seahawks,14
Alex Smith,Kansas City Chiefs,1,14,20,137,2,0,2,7,0,Home,Washington Redskins,14
Robert Griffin III,Washington Redskins,1,12,26,164,1,1,4,29,0,Away,Kansas City Chiefs,14
Matt Schaub,Houston Texans,1,17,29,198,1,1,1,7,0,Home,Jacksonville Jaguars,14
Russell Wilson,Seattle Seahawks,1,15,25,199,1,1,1,2,0,Home,San Francisco 49ers,14
Case Keenum,Houston Texans,1,16,29,159,1,1,1,13,0,Home,Jacksonville Jaguars,14
Ryan Fitzpatrick,Tennessee Titans,1,13,24,172,1,1,1,4,0,Home,Denver Broncos,14
Mike Glennon,Tampa Bay Buccaneers,1,9,25,90,2,2,1,0,0,Away,Buffalo Bills,14
EJ Manuel,Buffalo Bills,1,18,33,184,0,4,5,29,0,Home,Tampa Bay Buccaneers,14
Kellen Clemens,St. Louis Rams,1,16,27,181,0,2,2,10,0,Home,Arizona Cardinals,14
Matthew Stafford,Detroit Lions,1,10,25,148,0,0,6,-1,0,Home,Philadelphia Eagles,14
Kirk Cousins,Washington Redskins,1,7,16,59,0,0,0,0,0,Away,Kansas City Chiefs,14
Kyle Orton,Dallas Cowboys,1,3,5,40,0,0,0,0,0,Home,Chicago Bears,14
Chase Daniel,Kansas City Chiefs,1,1,3,17,0,1,3,-3,0,Home,Washington Redskins,14
Charlie Whitehurst,San Diego Chargers,1,0,0,0,0,0,3,-2,0,Away,New York Giants,14
Ryan Fitzpatrick,Tennessee Titans,1,36,58,402,4,2,3,22,0,Away,Arizona Cardinals,15
Nick Foles,Philadelphia Eagles,1,30,48,428,3,1,5,41,0,Home,Minnesota Vikings,15
Alex Smith,Kansas City Chiefs,1,17,20,287,5,0,4,17,0,Home,Oakland Raiders,15
Matt Cassel,Minnesota Vikings,1,26,35,382,2,1,3,19,1,Away,Philadelphia Eagles,15
Kirk Cousins,Washington Redskins,1,29,45,381,3,2,0,0,0,Home,Atlanta Falcons,15
Matt Flynn,Green Bay Packers,1,26,39,299,4,1,3,-3,0,Home,Dallas Cowboys,15
Drew Brees,New Orleans Saints,1,39,56,393,1,2,2,8,1,Home,St. Louis Rams,15
Ryan Tannehill,Miami Dolphins,1,25,37,312,3,0,1,-1,0,Away,New England Patriots,15
EJ Manuel,Buffalo Bills,1,17,24,193,2,1,10,37,1,Home,Jacksonville Jaguars,15
Jay Cutler,Chicago Bears,1,22,31,265,3,2,3,11,0,Home,Cleveland Browns,15
Tom Brady,New England Patriots,1,34,55,364,2,1,0,0,0,Home,Miami Dolphins,15
Tony Romo,Dallas Cowboys,1,29,48,358,2,2,0,0,0,Away,Green Bay Packers,15
Matt McGloin,Oakland Raiders,1,18,36,297,2,4,1,0,0,Away,Kansas City Chiefs,15
Peyton Manning,Denver Broncos,1,27,41,289,2,1,0,0,0,Away,San Diego Chargers,15
Chad Henne,Jacksonville Jaguars,1,21,36,237,2,2,4,22,0,Away,Buffalo Bills,15
Colin Kaepernick,San Francisco 49ers,1,19,29,203,2,0,7,39,0,Home,Tampa Bay Buccaneers,15
Andy Dalton,Cincinnati Bengals,1,25,44,230,2,0,4,20,0,Home,Pittsburgh Steelers,15
Andrew Luck,Indianapolis Colts,1,19,32,180,2,1,5,29,0,Away,Houston Texans,15
Jason Campbell,Cleveland Browns,1,23,39,273,1,2,1,17,0,Away,Chicago Bears,15
Russell Wilson,Seattle Seahawks,1,18,27,206,1,1,8,50,0,Home,New York Giants,15
Cam Newton,Carolina Panthers,1,16,24,273,1,0,7,12,0,Away,New York Jets,15
Philip Rivers,San Diego Chargers,1,12,20,166,2,0,3,9,0,Home,Denver Broncos,15
Mike Glennon,Tampa Bay Buccaneers,1,18,34,179,2,1,0,0,0,Away,San Francisco 49ers,15
Geno Smith,New York Jets,1,15,28,167,1,1,6,44,0,Home,Carolina Panthers,15
Matthew Stafford,Detroit Lions,1,18,34,235,1,3,2,9,0,Away,Baltimore Ravens,15
Kellen Clemens,St. Louis Rams,1,14,20,158,2,0,3,5,0,Away,New Orleans Saints,15
Carson Palmer,Arizona Cardinals,1,20,30,231,1,0,2,-1,0,Home,Tennessee Titans,15
Matt Ryan,Atlanta Falcons,1,29,38,210,1,1,1,-1,0,Away,Washington Redskins,15
Ben Roethlisberger,Pittsburgh Steelers,1,20,25,191,1,1,0,0,0,Away,Cincinnati Bengals,15
Joe Flacco,Baltimore Ravens,1,20,38,222,0,0,2,13,0,Home,Detroit Lions,15
Case Keenum,Houston Texans,1,18,34,168,0,2,1,2,0,Home,Indianapolis Colts,15
Eli Manning,New York Giants,1,18,31,156,0,5,0,0,0,Away,Seattle Seahawks,15
Curtis Painter,New York Giants,1,4,4,30,0,0,0,0,0,Away,Seattle Seahawks,15
Chase Daniel,Kansas City Chiefs,1,3,5,31,0,0,1,-1,0,Home,Oakland Raiders,15
Tarvaris Jackson,Seattle Seahawks,1,2,2,16,0,0,0,0,0,Home,New York Giants,15
Peyton Manning,Denver Broncos,1,32,51,400,4,0,0,0,0,Home,Houston Texans,16
Andy Dalton,Cincinnati Bengals,1,27,38,366,4,0,1,10,0,Away,Minnesota Vikings,16
Geno Smith,New York Jets,1,20,36,214,2,0,10,48,1,Away,Cleveland Browns,16
Matt Ryan,Atlanta Falcons,1,37,48,348,2,2,0,0,0,Home,San Francisco 49ers,16
Colin Kaepernick,San Francisco 49ers,1,13,21,197,1,0,6,51,1,Away,Atlanta Falcons,16
Ben Roethlisberger,Pittsburgh Steelers,1,16,28,167,2,1,1,13,1,Home,Green Bay Packers,16
Nick Foles,Philadelphia Eagles,1,21,25,230,2,0,2,17,0,Away,Chicago Bears,16
Chad Henne,Jacksonville Jaguars,1,24,34,237,2,1,1,1,0,Away,Tennessee Titans,16
Tony Romo,Dallas Cowboys,1,17,27,226,2,1,1,-1,0,Home,Washington Redskins,16
Joe Flacco,Baltimore Ravens,1,22,38,260,0,2,2,0,1,Away,New England Patriots,16
Drew Brees,New Orleans Saints,1,30,44,281,1,2,1,9,0,Home,Carolina Panthers,16
Jay Cutler,Chicago Bears,1,20,35,222,1,1,2,15,0,Home,Philadelphia Eagles,16
Eli Manning,New York Giants,1,23,42,256,1,1,2,-2,0,Home,Detroit Lions,16
Andrew Luck,Indianapolis Colts,1,26,37,241,1,0,6,5,0,Home,Kansas City Chiefs,16
Matt Flynn,Green Bay Packers,1,21,39,232,1,1,2,8,0,Away,Pittsburgh Steelers,16
Kirk Cousins,Washington Redskins,1,21,36,197,1,1,2,10,0,Away,Dallas Cowboys,16
Philip Rivers,San Diego Chargers,1,19,29,201,1,1,4,-3,0,Away,Oakland Raiders,16
Cam Newton,Carolina Panthers,1,13,22,181,1,1,4,6,0,Away,New Orleans Saints,16
Matt Schaub,Houston Texans,1,18,37,176,1,2,1,5,0,Away,Denver Broncos,16
Ryan Fitzpatrick,Tennessee Titans,1,17,26,181,1,1,3,1,0,Home,Jacksonville Jaguars,16
Tom Brady,New England Patriots,1,14,26,172,1,0,0,0,0,Home,Baltimore Ravens,16
Carson Palmer,Arizona Cardinals,1,13,25,178,1,4,5,-3,0,Home,Seattle Seahawks,16
Russell Wilson,Seattle Seahawks,1,11,27,108,1,1,2,32,0,Away,Arizona Cardinals,16
Alex Smith,Kansas City Chiefs,1,16,29,153,0,2,6,47,0,Away,Indianapolis Colts,16
Matt Cassel,Minnesota Vikings,1,13,27,114,1,3,3,16,0,Home,Cincinnati Bengals,16
Jason Campbell,Cleveland Browns,1,18,40,178,0,2,2,21,0,Home,New York Jets,16
Matthew Stafford,Detroit Lions,1,25,42,222,0,2,1,-1,0,Away,New York Giants,16
Thaddeus Lewis,Buffalo Bills,1,15,25,193,0,1,8,13,0,Away,Miami Dolphins,16
Matt McGloin,Oakland Raiders,1,20,36,206,0,1,1,5,0,Home,San Diego Chargers,16
Mike Glennon,Tampa Bay Buccaneers,1,16,26,158,0,0,2,3,0,Home,St. Louis Rams,16
Kellen Clemens,St. Louis Rams,1,16,20,158,0,0,4,0,0,Away,Tampa Bay Buccaneers,16
Ryan Tannehill,Miami Dolphins,1,10,27,82,0,0,0,0,0,Home,Buffalo Bills,16
Tyrod Taylor,Baltimore Ravens,1,1,4,2,0,1,3,39,0,Away,New England Patriots,16
Matt Moore,Miami Dolphins,1,2,6,53,0,2,0,0,0,Home,Buffalo Bills,16
Josh McCown,Chicago Bears,1,2,4,20,0,0,1,-3,0,Home,Philadelphia Eagles,16
Josh Johnson,Cincinnati Bengals,1,0,0,0,0,0,4,3,0,Away,Minnesota Vikings,16
Luke McCown,New Orleans Saints,1,0,1,0,0,0,0,0,0,Home,Carolina Panthers,16
Michael Vick,Philadelphia Eagles,1,0,0,0,0,0,2,-2,0,Away,Chicago Bears,16
Drew Brees,New Orleans Saints,1,24,31,381,4,0,2,8,1,Away,Tampa Bay Buccaneers,17
Andy Dalton,Cincinnati Bengals,1,21,36,281,2,4,6,23,1,Away,Baltimore Ravens,17
Peyton Manning,Denver Broncos,1,25,28,266,4,0,0,0,0,Home,Oakland Raiders,17
Carson Palmer,Arizona Cardinals,1,28,49,407,2,1,1,-1,0,Away,San Francisco 49ers,17
Kyle Orton,Dallas Cowboys,1,30,46,358,2,2,1,8,0,Away,Philadelphia Eagles,17
Colin Kaepernick,San Francisco 49ers,1,21,34,310,2,0,4,24,0,Home,Arizona Cardinals,17
Aaron Rodgers,Green Bay Packers,1,25,39,318,2,2,1,5,0,Home,Chicago Bears,17
Philip Rivers,San Diego Chargers,1,22,33,229,3,1,3,2,0,Away,Kansas City Chiefs,17
Cam Newton,Carolina Panthers,1,15,27,149,2,1,12,72,0,Home,Atlanta Falcons,17
Matt Ryan,Atlanta Falcons,1,28,40,280,2,1,2,-1,0,Away,Carolina Panthers,17
Nick Foles,Philadelphia Eagles,1,17,26,263,2,0,5,-5,0,Home,Dallas Cowboys,17
Chad Henne,Jacksonville Jaguars,1,30,51,331,1,1,1,0,0,Home,Indianapolis Colts,17
Chase Daniel,Kansas City Chiefs,1,21,30,200,1,0,7,59,0,Home,San Diego Chargers,17
Geno Smith,New York Jets,1,17,27,190,0,0,10,44,1,Home,Miami Dolphins,17
Jay Cutler,Chicago Bears,1,15,24,226,2,1,0,0,0,Away,Green Bay Packers,17
Mike Glennon,Tampa Bay Buccaneers,1,22,41,219,2,1,0,0,0,Home,New Orleans Saints,17
Andrew Luck,Indianapolis Colts,1,26,37,282,1,0,2,7,0,Away,Jacksonville Jaguars,17
Thaddeus Lewis,Buffalo Bills,1,16,29,247,1,0,2,4,0,Home,New England Patriots,17
Jason Campbell,Cleveland Browns,1,23,41,240,1,1,1,6,0,Home,Pittsburgh Steelers,17
Ryan Tannehill,Miami Dolphins,1,20,40,204,1,3,2,19,0,Away,New York Jets,17
Matthew Stafford,Detroit Lions,1,22,33,217,1,0,0,0,0,Home,Minnesota Vikings,17
Matt Cassel,Minnesota Vikings,1,20,33,189,1,1,4,5,0,Away,Detroit Lions,17
Ben Roethlisberger,Pittsburgh Steelers,1,19,31,179,1,2,4,9,0,Away,Cleveland Browns,17
Joe Flacco,Baltimore Ravens,1,30,50,192,1,3,1,1,0,Home,Cincinnati Bengals,17
Russell Wilson,Seattle Seahawks,1,15,23,172,1,0,5,-1,0,Away,St. Louis Rams,17
Matt Schaub,Houston Texans,1,22,34,229,0,2,2,7,0,Home,Tennessee Titans,17
Kellen Clemens,St. Louis Rams,1,21,30,157,1,2,2,2,0,Home,Seattle Seahawks,17
Eli Manning,New York Giants,1,10,24,152,1,1,0,0,0,Away,Washington Redskins,17
Tom Brady,New England Patriots,1,14,24,122,1,1,4,-3,0,Away,Buffalo Bills,17
Kirk Cousins,Washington Redskins,1,19,49,169,0,2,1,3,0,Home,New York Giants,17
Ryan Fitzpatrick,Tennessee Titans,1,15,24,166,0,1,2,-2,0,Away,Houston Texans,17
Brock Osweiler,Denver Broncos,1,9,13,85,0,0,1,-1,0,Home,Oakland Raiders,17
Matt Hasselbeck,Indianapolis Colts,1,3,4,25,0,0,1,-1,0,Away,Jacksonville Jaguars,17
Curtis Painter,New York Giants,1,2,8,11,0,1,3,-2,0,Away,Washington Redskins,17
Luke McCown,New Orleans Saints,1,0,0,0,0,0,1,-2,0,Away,Tampa Bay Buccaneers,17
Aaron Rodgers,Green Bay Packers,1,34,42,480,4,0,3,-3,0,Away,Washington Redskins,2
Michael Vick,Philadelphia Eagles,1,24,37,428,2,0,6,23,1,Away,San Diego Chargers,2
Philip Rivers,San Diego Chargers,1,36,47,419,3,0,3,11,0,Home,Philadelphia Eagles,2
Sam Bradford,St. Louis Rams,1,32,55,352,3,1,3,25,0,Home,Atlanta Falcons,2
Robert Griffin III,Washington Redskins,1,26,40,320,3,1,4,1,0,Home,Green Bay Packers,2
Jay Cutler,Chicago Bears,1,28,39,290,3,2,3,9,0,Away,Minnesota Vikings,2
Matt Schaub,Houston Texans,1,26,48,298,3,2,0,0,0,Away,Tennessee Titans,2
Matt Ryan,Atlanta Falcons,1,33,43,374,2,0,0,0,0,Away,St. Louis Rams,2
Alex Smith,Kansas City Chiefs,1,21,36,223,2,0,8,57,0,Away,Dallas Cowboys,2
Andrew Luck,Indianapolis Colts,1,25,43,321,1,1,4,38,0,Away,Miami Dolphins,2
Peyton Manning,Denver Broncos,1,30,43,307,2,0,3,-3,0,Home,New York Giants,2
Eli Manning,New York Giants,1,28,49,362,1,4,0,0,0,Away,Denver Broncos,2
Matthew Stafford,Detroit Lions,1,24,36,278,2,0,2,1,0,Home,Arizona Cardinals,2
Cam Newton,Carolina Panthers,1,21,38,229,2,1,4,15,0,Home,Buffalo Bills,2
Drew Brees,New Orleans Saints,1,26,46,322,1,2,0,0,0,Home,Tampa Bay Buccaneers,2
EJ Manuel,Buffalo Bills,1,27,39,296,1,1,4,13,0,Away,Carolina Panthers,2
Ryan Tannehill,Miami Dolphins,1,23,34,319,1,0,4,1,0,Home,Indianapolis Colts,2
Tony Romo,Dallas Cowboys,1,30,42,298,1,0,2,3,0,Home,Kansas City Chiefs,2
Andy Dalton,Cincinnati Bengals,1,25,45,280,1,0,3,10,0,Away,Pittsburgh Steelers,2
Christian Ponder,Minnesota Vikings,1,16,30,227,1,1,6,18,0,Home,Chicago Bears,2
Ben Roethlisberger,Pittsburgh Steelers,1,20,37,251,1,1,1,6,0,Home,Cincinnati Bengals,2
Chad Henne,Jacksonville Jaguars,1,25,38,241,1,0,2,9,0,Home,Oakland Raiders,2
Jake Locker,Tennessee Titans,1,17,30,148,2,0,2,10,0,Home,Houston Texans,2
Carson Palmer,Arizona Cardinals,1,22,39,248,1,1,2,-2,0,Away,Detroit Lions,2
Joe Flacco,Baltimore Ravens,1,22,33,211,1,0,4,6,0,Away,Cleveland Browns,2
Colin Kaepernick,San Francisco 49ers,1,13,28,127,0,3,9,87,0,Home,Seattle Seahawks,2
Russell Wilson,Seattle Seahawks,1,8,19,142,1,1,10,33,0,Away,San Francisco 49ers,2
Tom Brady,New England Patriots,1,19,39,185,1,0,2,-2,0,Away,New York Jets,2
Geno Smith,New York Jets,1,15,35,214,0,3,3,17,0,Home,New England Patriots,2
Brandon Weeden,Cleveland Browns,1,21,33,227,0,0,2,7,0,Home,Baltimore Ravens,2
Josh Freeman,Tampa Bay Buccaneers,1,9,22,125,1,1,3,16,0,Away,New Orleans Saints,2
Jason Campbell,Cleveland Browns,1,1,4,6,0,0,0,0,0,Home,Baltimore Ravens,2
Nick Foles,Philadelphia Eagles,1,0,1,0,0,0,0,0,0,Away,San Diego Chargers,2
Drew Brees,New Orleans Saints,1,29,46,342,3,1,6,21,1,Away,Arizona Cardinals,3
Cam Newton,Carolina Panthers,1,15,27,223,3,1,7,45,1,Away,New York Giants,3
Geno Smith,New York Jets,1,16,29,331,2,2,4,14,1,Away,Buffalo Bills,3
Jake Locker,Tennessee Titans,1,23,37,299,1,0,5,68,1,Away,San Diego Chargers,3
Peyton Manning,Denver Broncos,1,32,37,374,3,0,3,-2,0,Away,Oakland Raiders,3
Ben Roethlisberger,Pittsburgh Steelers,1,26,41,406,2,2,2,7,0,Away,Chicago Bears,3
Christian Ponder,Minnesota Vikings,1,25,42,228,0,1,5,46,2,Away,Cleveland Browns,3
Brian Hoyer,Cleveland Browns,1,30,54,321,3,3,1,-2,0,Home,Minnesota Vikings,3
Russell Wilson,Seattle Seahawks,1,14,21,202,4,1,2,14,0,Away,Jacksonville Jaguars,3
Matthew Stafford,Detroit Lions,1,25,42,385,2,1,1,2,0,Home,Washington Redskins,3
Michael Vick,Philadelphia Eagles,1,13,30,201,1,2,5,95,0,Away,Kansas City Chiefs,3
Tony Romo,Dallas Cowboys,1,17,24,210,3,0,0,0,0,Away,St. Louis Rams,3
Ryan Tannehill,Miami Dolphins,1,24,35,236,2,1,2,7,0,Away,Atlanta Falcons,3
EJ Manuel,Buffalo Bills,1,19,42,243,1,0,6,40,0,Home,New York Jets,3
Andy Dalton,Cincinnati Bengals,1,20,28,235,2,1,4,3,0,Away,Green Bay Packers,3
Robert Griffin III,Washington Redskins,1,32,50,326,0,1,6,37,0,Away,Detroit Lions,3
Tom Brady,New England Patriots,1,25,36,225,2,1,5,5,0,Away,Tampa Bay Buccaneers,3
Matt Ryan,Atlanta Falcons,1,23,38,231,2,1,0,0,0,Home,Miami Dolphins,3
Aaron Rodgers,Green Bay Packers,1,26,43,244,1,2,3,24,0,Home,Cincinnati Bengals,3
Alex Smith,Kansas City Chiefs,1,22,35,273,0,0,10,33,0,Home,Philadelphia Eagles,3
Tarvaris Jackson,Seattle Seahawks,1,7,8,129,1,0,3,2,1,Away,Jacksonville Jaguars,3
Andrew Luck,Indianapolis Colts,1,18,27,164,0,0,4,24,1,Home,San Francisco 49ers,3
Sam Bradford,St. Louis Rams,1,29,48,240,1,0,0,0,0,Home,Dallas Cowboys,3
Philip Rivers,San Diego Chargers,1,20,24,184,1,0,0,0,0,Home,Tennessee Titans,3
Jay Cutler,Chicago Bears,1,20,30,159,1,0,4,11,0,Home,Pittsburgh Steelers,3
Chad Henne,Jacksonville Jaguars,1,18,38,235,0,2,2,5,0,Home,Seattle Seahawks,3
Josh Freeman,Tampa Bay Buccaneers,1,19,41,236,0,1,1,4,0,Home,New England Patriots,3
Matt Schaub,Houston Texans,1,25,35,194,0,1,0,0,0,Home,Baltimore Ravens,3
Colin Kaepernick,San Francisco 49ers,1,13,27,150,0,1,7,20,0,Away,Indianapolis Colts,3
Carson Palmer,Arizona Cardinals,1,18,35,187,0,2,0,0,0,Home,New Orleans Saints,3
Joe Flacco,Baltimore Ravens,1,16,24,171,0,0,0,0,0,Away,Houston Texans,3
Eli Manning,New York Giants,1,12,23,119,0,1,1,14,0,Home,Carolina Panthers,3
Matt Flynn,Oakland Raiders,1,1,2,19,0,0,0,0,0,Home,Denver Broncos,3
Curtis Painter,New York Giants,1,2,4,16,0,1,0,0,0,Home,Carolina Panthers,3
Derek Anderson,Carolina Panthers,1,0,0,0,0,0,2,-1,0,Away,New York Giants,3
Drew Brees,New Orleans Saints,1,30,39,413,4,0,4,2,0,Away,Miami Dolphins,4
Peyton Manning,Denver Broncos,1,28,34,327,4,0,0,0,0,Away,Philadelphia Eagles,4
Philip Rivers,San Diego Chargers,1,35,42,401,3,1,0,0,0,Away,Dallas Cowboys,4
Alex Smith,Kansas City Chiefs,1,24,41,288,3,2,7,37,0,Away,New York Giants,4
Matt Ryan,Atlanta Falcons,1,34,54,421,2,1,0,0,0,Away,New England Patriots,4
Matt Schaub,Houston Texans,1,31,49,355,2,2,1,5,0,Away,Seattle Seahawks,4
Joe Flacco,Baltimore Ravens,1,25,50,347,2,5,0,0,0,Home,Buffalo Bills,4
Jay Cutler,Chicago Bears,1,27,47,317,2,3,1,9,0,Home,Detroit Lions,4
Tom Brady,New England Patriots,1,20,31,316,2,0,5,-2,0,Home,Atlanta Falcons,4
Andrew Luck,Indianapolis Colts,1,22,36,260,2,1,2,26,0,Home,Jacksonville Jaguars,4
Ben Roethlisberger,Pittsburgh Steelers,1,36,51,383,1,1,0,0,0,Home,Minnesota Vikings,4
Matthew Stafford,Detroit Lions,1,23,35,242,1,1,5,8,1,Away,Chicago Bears,4
Brian Hoyer,Cleveland Browns,1,25,38,269,2,0,4,7,0,Away,Cincinnati Bengals,4
Tony Romo,Dallas Cowboys,1,27,37,244,2,0,1,15,0,Home,San Diego Chargers,4
Ryan Tannehill,Miami Dolphins,1,22,35,249,1,3,4,48,0,Home,New Orleans Saints,4
Jake Locker,Tennessee Titans,1,18,24,149,3,0,3,17,0,Away,New York Jets,4
Matt Cassel,Minnesota Vikings,1,16,25,248,2,0,2,5,0,Away,Pittsburgh Steelers,4
Geno Smith,New York Jets,1,23,34,289,1,2,3,7,0,Home,Tennessee Titans,4
Colin Kaepernick,San Francisco 49ers,1,15,23,167,2,0,3,11,0,Home,St. Louis Rams,4
Carson Palmer,Arizona Cardinals,1,21,38,248,1,2,4,6,0,Home,Tampa Bay Buccaneers,4
Michael Vick,Philadelphia Eagles,1,14,27,248,0,0,8,41,0,Home,Denver Broncos,4
Robert Griffin III,Washington Redskins,1,18,31,227,1,0,3,10,0,Home,Oakland Raiders,4
Eli Manning,New York Giants,1,18,37,217,1,1,2,12,0,Home,Kansas City Chiefs,4
Matt Flynn,Oakland Raiders,1,21,32,227,1,1,3,4,0,Away,Washington Redskins,4
Russell Wilson,Seattle Seahawks,1,12,23,123,0,1,10,77,0,Home,Houston Texans,4
Sam Bradford,St. Louis Rams,1,19,41,202,1,1,3,-4,0,Away,San Francisco 49ers,4
Mike Glennon,Tampa Bay Buccaneers,1,24,43,193,1,2,2,-1,0,Away,Arizona Cardinals,4
EJ Manuel,Buffalo Bills,1,10,22,167,1,2,11,1,0,Away,Baltimore Ravens,4
Andy Dalton,Cincinnati Bengals,1,23,42,206,0,1,4,13,0,Home,Cleveland Browns,4
Blaine Gabbert,Jacksonville Jaguars,1,17,32,179,0,3,2,10,0,Away,Indianapolis Colts,4
Ryan Fitzpatrick,Tennessee Titans,1,3,8,108,1,0,2,-2,0,Away,New York Jets,4
Nick Foles,Philadelphia Eagles,1,3,4,49,1,0,0,0,0,Home,Denver Broncos,4
Matt Hasselbeck,Indianapolis Colts,1,2,3,37,0,0,0,0,0,Home,Jacksonville Jaguars,4
Brock Osweiler,Denver Broncos,1,2,3,10,0,0,2,3,0,Away,Philadelphia Eagles,4
Chase Daniel,Kansas City Chiefs,1,0,0,0,0,0,2,-2,0,Away,New York Giants,4
Tony Romo,Dallas Cowboys,1,25,36,506,5,1,1,7,0,Away,Denver Broncos,5
Peyton Manning,Denver Broncos,1,33,42,414,4,1,4,-8,1,Home,Dallas Cowboys,5
Russell Wilson,Seattle Seahawks,1,15,31,210,2,1,13,102,0,Home,Indianapolis Colts,5
Jay Cutler,Chicago Bears,1,24,33,358,2,0,4,27,0,Away,New Orleans Saints,5
Philip Rivers,San Diego Chargers,1,36,49,411,2,3,0,0,0,Home,Oakland Raiders,5
Ryan Fitzpatrick,Tennessee Titans,1,21,41,247,1,2,6,50,1,Away,Kansas City Chiefs,5
Eli Manning,New York Giants,1,24,52,334,2,3,0,0,0,Away,Philadelphia Eagles,5
Geno Smith,New York Jets,1,16,20,199,3,0,3,21,0,Home,Atlanta Falcons,5
Matt Ryan,Atlanta Falcons,1,36,45,319,2,0,0,0,0,Away,New York Jets,5
Sam Bradford,St. Louis Rams,1,19,34,222,3,0,5,4,0,Away,Jacksonville Jaguars,5
Drew Brees,New Orleans Saints,1,29,35,288,2,0,0,0,0,Home,Chicago Bears,5
Andrew Luck,Indianapolis Colts,1,16,29,229,2,0,4,9,0,Away,Seattle Seahawks,5
Ryan Tannehill,Miami Dolphins,1,21,40,307,1,0,2,6,0,Away,Baltimore Ravens,5
Aaron Rodgers,Green Bay Packers,1,20,30,274,1,0,5,8,0,Away,Detroit Lions,5
Nick Foles,Philadelphia Eagles,1,16,25,197,2,0,3,1,0,Home,New York Giants,5
Cam Newton,Carolina Panthers,1,21,39,308,0,3,4,25,0,Home,Arizona Cardinals,5
Matthew Stafford,Detroit Lions,1,25,40,262,1,0,1,-1,0,Home,Green Bay Packers,5
Joe Flacco,Baltimore Ravens,1,19,32,269,0,1,2,13,0,Home,Miami Dolphins,5
Brandon Weeden,Cleveland Browns,1,13,24,197,1,0,3,0,0,Away,Buffalo Bills,5
Blaine Gabbert,Jacksonville Jaguars,1,9,19,181,1,2,3,6,0,Home,St. Louis Rams,5
Alex Smith,Kansas City Chiefs,1,20,39,245,0,1,3,10,0,Home,Tennessee Titans,5
Michael Vick,Philadelphia Eagles,1,6,14,105,0,0,7,79,0,Home,New York Giants,5
Andy Dalton,Cincinnati Bengals,1,20,27,212,0,1,6,25,0,Away,New England Patriots,5
Carson Palmer,Arizona Cardinals,1,19,28,175,1,3,3,-3,0,Away,Carolina Panthers,5
Colin Kaepernick,San Francisco 49ers,1,6,15,113,1,0,1,14,0,Away,Houston Texans,5
Tom Brady,New England Patriots,1,18,38,197,0,1,0,0,0,Home,Cincinnati Bengals,5
Chad Henne,Jacksonville Jaguars,1,7,13,89,1,0,1,2,0,Home,St. Louis Rams,5
Matt Schaub,Houston Texans,1,19,35,173,0,3,0,0,0,Home,San Francisco 49ers,5
EJ Manuel,Buffalo Bills,1,11,20,129,0,0,1,14,0,Home,Cleveland Browns,5
Jeff Tuel,Buffalo Bills,1,8,20,80,0,1,0,0,0,Home,Cleveland Browns,5
Brian Hoyer,Cleveland Browns,1,2,4,25,0,0,1,11,0,Away,Buffalo Bills,5
T.J. Yates,Houston Texans,1,3,5,15,0,0,1,0,0,Home,San Francisco 49ers,5
Colt McCoy,San Francisco 49ers,1,0,0,0,0,0,3,-3,0,Away,Houston Texans,5
Cam Newton,Carolina Panthers,1,20,26,242,3,0,9,30,1,Home,Minnesota Vikings,6
Nick Foles,Philadelphia Eagles,1,22,31,296,3,0,3,2,1,Home,Tampa Bay Buccaneers,6
Andy Dalton,Cincinnati Bengals,1,26,40,337,3,1,7,17,0,Home,Buffalo Bills,6
Matthew Stafford,Detroit Lions,1,25,43,248,4,1,2,6,0,Home,Cleveland Browns,6
Thaddeus Lewis,Buffalo Bills,1,19,32,216,2,0,7,17,1,Away,Cincinnati Bengals,6
Joe Flacco,Baltimore Ravens,1,20,34,342,2,0,1,6,0,Away,Green Bay Packers,6
Mike Glennon,Tampa Bay Buccaneers,1,26,43,273,2,1,3,20,0,Away,Philadelphia Eagles,6
Brandon Weeden,Cleveland Browns,1,26,43,292,2,2,2,10,0,Away,Detroit Lions,6
Jay Cutler,Chicago Bears,1,24,36,262,2,0,3,20,0,Away,New York Giants,6
Carson Palmer,Arizona Cardinals,1,25,41,298,2,2,0,0,0,Home,San Francisco 49ers,6
Colin Kaepernick,San Francisco 49ers,1,16,29,252,2,1,4,18,0,Away,Arizona Cardinals,6
Peyton Manning,Denver Broncos,1,28,42,295,2,1,5,-7,0,Away,Jacksonville Jaguars,6
Aaron Rodgers,Green Bay Packers,1,17,32,315,1,1,5,21,0,Home,Baltimore Ravens,6
Drew Brees,New Orleans Saints,1,17,36,236,2,1,2,11,0,Home,New England Patriots,6
Robert Griffin III,Washington Redskins,1,19,39,246,0,1,9,77,0,Home,Dallas Cowboys,6
Tom Brady,New England Patriots,1,25,43,269,1,1,2,16,0,Away,New Orleans Saints,6
Russell Wilson,Seattle Seahawks,1,23,31,257,0,0,10,61,0,Away,Tennessee Titans,6
Ben Roethlisberger,Pittsburgh Steelers,1,23,30,264,1,0,2,11,0,Home,New York Jets,6
Sam Bradford,St. Louis Rams,1,12,16,117,3,0,1,4,0,Home,Houston Texans,6
Matt Cassel,Minnesota Vikings,1,32,44,241,1,2,2,7,0,Away,Carolina Panthers,6
Eli Manning,New York Giants,1,14,26,239,1,3,0,0,0,Home,Chicago Bears,6
Philip Rivers,San Diego Chargers,1,22,33,237,1,0,1,-1,0,Away,Indianapolis Colts,6
Chad Henne,Jacksonville Jaguars,1,27,42,303,0,2,2,-3,0,Home,Denver Broncos,6
Tony Romo,Dallas Cowboys,1,18,30,170,1,1,0,0,0,Away,Washington Redskins,6
Andrew Luck,Indianapolis Colts,1,18,30,202,0,1,4,19,0,Home,San Diego Chargers,6
Ryan Fitzpatrick,Tennessee Titans,1,17,29,171,0,2,6,33,0,Home,Seattle Seahawks,6
Geno Smith,New York Jets,1,19,34,201,0,2,3,8,0,Away,Pittsburgh Steelers,6
Matt Schaub,Houston Texans,1,15,21,186,0,0,0,0,0,Away,St. Louis Rams,6
Alex Smith,Kansas City Chiefs,1,14,31,128,0,0,4,29,0,Away,Oakland Raiders,6
T.J. Yates,Houston Texans,1,12,17,98,0,2,0,0,0,Away,St. Louis Rams,6
Derek Anderson,Carolina Panthers,1,0,0,0,0,0,2,-1,0,Home,Minnesota Vikings,6
Andrew Luck,Indianapolis Colts,1,21,38,228,3,0,4,29,1,Away,Denver Broncos,7
Robert Griffin III,Washington Redskins,1,18,29,298,2,1,11,84,0,Away,Chicago Bears,7
Andy Dalton,Cincinnati Bengals,1,24,34,372,3,0,1,6,0,Home,Detroit Lions,7
Peyton Manning,Denver Broncos,1,29,49,386,3,1,1,-1,0,Home,Indianapolis Colts,7
Matthew Stafford,Detroit Lions,1,28,51,357,3,0,0,0,0,Away,Cincinnati Bengals,7
Jake Locker,Tennessee Titans,1,25,41,326,2,1,3,29,0,Away,San Francisco 49ers,7
Russell Wilson,Seattle Seahawks,1,18,29,235,3,0,8,29,0,Home,Arizona Cardinals,7
Aaron Rodgers,Green Bay Packers,1,25,36,260,3,0,4,12,0,Away,Cleveland Browns,7
Geno Smith,New York Jets,1,17,33,233,1,1,6,32,1,Away,New England Patriots,7
Matt Ryan,Atlanta Falcons,1,20,26,273,3,0,3,-12,0,Away,Tampa Bay Buccaneers,7
Colin Kaepernick,San Francisco 49ers,1,13,21,199,0,0,11,68,1,Home,Tennessee Titans,7
Ryan Tannehill,Miami Dolphins,1,19,37,194,3,2,3,5,0,Away,Buffalo Bills,7
Mike Glennon,Tampa Bay Buccaneers,1,26,44,256,2,0,1,13,0,Home,Atlanta Falcons,7
Alex Smith,Kansas City Chiefs,1,23,34,240,0,1,6,28,1,Away,Houston Texans,7
Tony Romo,Dallas Cowboys,1,28,47,317,1,2,4,2,0,Home,Philadelphia Eagles,7
Philip Rivers,San Diego Chargers,1,22,26,285,1,0,2,4,0,Home,Jacksonville Jaguars,7
Case Keenum,Houston Texans,1,15,25,271,1,0,3,10,0,Home,Kansas City Chiefs,7
Josh McCown,Chicago Bears,1,14,20,204,1,0,4,33,0,Home,Washington Redskins,7
Carson Palmer,Arizona Cardinals,1,30,45,258,1,2,2,5,0,Away,Seattle Seahawks,7
Sam Bradford,St. Louis Rams,1,21,30,255,1,1,1,1,0,Home,Carolina Panthers,7
Cam Newton,Carolina Panthers,1,15,17,204,1,0,10,26,0,Away,St. Louis Rams,7
Chad Henne,Jacksonville Jaguars,1,23,36,318,0,1,4,5,0,Away,San Diego Chargers,7
Joe Flacco,Baltimore Ravens,1,24,34,215,1,0,2,14,0,Home,Pittsburgh Steelers,7
Eli Manning,New York Giants,1,23,39,200,1,0,3,5,0,Away,Minnesota Vikings,7
Ben Roethlisberger,Pittsburgh Steelers,1,17,23,160,1,0,3,25,0,Away,Baltimore Ravens,7
Brandon Weeden,Cleveland Browns,1,17,42,149,1,1,2,20,0,Home,Green Bay Packers,7
Tom Brady,New England Patriots,1,22,46,228,0,1,0,0,0,Home,New York Jets,7
Thaddeus Lewis,Buffalo Bills,1,21,32,202,0,1,5,13,0,Home,Miami Dolphins,7
Josh Freeman,Minnesota Vikings,1,20,53,190,0,1,0,0,0,Home,New York Giants,7
Nick Foles,Philadelphia Eagles,1,11,29,80,0,0,3,25,0,Away,Dallas Cowboys,7
Matt Barkley,Philadelphia Eagles,1,11,20,129,0,3,0,0,0,Away,Dallas Cowboys,7
Jay Cutler,Chicago Bears,1,3,8,28,0,1,0,0,0,Home,Washington Redskins,7
Kellen Clemens,St. Louis Rams,1,2,4,19,0,0,0,0,0,Home,Carolina Panthers,7
Charlie Whitehurst,San Diego Chargers,1,0,0,0,0,0,3,-3,0,Home,Jacksonville Jaguars,7
Drew Brees,New Orleans Saints,1,26,34,332,5,0,4,-1,0,Away,Buffalo Bills,8
Andy Dalton,Cincinnati Bengals,1,19,30,325,5,1,0,0,0,Away,New York Jets,8
Matthew Stafford,Detroit Lions,1,33,48,488,1,2,3,12,1,Away,Dallas Cowboys,8
Peyton Manning,Denver Broncos,1,30,44,354,4,3,4,-3,0,Away,Washington Redskins,8
Cam Newton,Carolina Panthers,1,23,32,221,2,0,11,50,1,Home,Tampa Bay Buccaneers,8
Colin Kaepernick,San Francisco 49ers,1,10,16,164,1,0,7,54,2,Home,Jacksonville Jaguars,8
Aaron Rodgers,Green Bay Packers,1,24,29,285,2,0,6,31,0,Home,Minnesota Vikings,8
Jason Campbell,Cleveland Browns,1,22,36,293,2,0,3,17,0,Home,Kansas City Chiefs,8
Alex Smith,Kansas City Chiefs,1,24,36,225,2,0,6,40,0,Away,Cleveland Browns,8
Tony Romo,Dallas Cowboys,1,14,30,206,3,0,3,6,0,Home,Detroit Lions,8
Matt Ryan,Atlanta Falcons,1,34,61,301,1,4,1,13,0,Home,Arizona Cardinals,8
Ryan Tannehill,Miami Dolphins,1,22,42,192,2,2,1,12,0,Home,New England Patriots,8
Mike Glennon,Tampa Bay Buccaneers,1,30,51,275,1,0,3,2,0,Away,Carolina Panthers,8
Ben Roethlisberger,Pittsburgh Steelers,1,29,45,275,1,2,1,1,0,Home,Oakland Raiders,8
Carson Palmer,Arizona Cardinals,1,13,18,172,2,1,1,9,0,Away,Atlanta Falcons,8
Christian Ponder,Minnesota Vikings,1,14,21,145,0,0,5,38,1,Away,Green Bay Packers,8
Russell Wilson,Seattle Seahawks,1,10,18,139,2,0,3,16,0,Home,St. Louis Rams,8
Thaddeus Lewis,Buffalo Bills,1,22,39,234,1,1,2,5,0,Home,New Orleans Saints,8
Chad Henne,Jacksonville Jaguars,1,29,45,228,1,0,1,1,0,Away,San Francisco 49ers,8
Eli Manning,New York Giants,1,25,39,246,0,0,1,-1,0,Home,Philadelphia Eagles,8
Robert Griffin III,Washington Redskins,1,15,30,132,1,2,5,7,0,Home,Denver Broncos,8
Tom Brady,New England Patriots,1,13,22,116,1,1,4,5,0,Away,Miami Dolphins,8
Kellen Clemens,St. Louis Rams,1,15,31,158,0,2,2,11,0,Away,Seattle Seahawks,8
Geno Smith,New York Jets,1,20,30,159,0,2,2,8,0,Home,Cincinnati Bengals,8
Matt Barkley,Philadelphia Eagles,1,17,26,158,0,1,0,0,0,Away,New York Giants,8
Matt Simms,New York Jets,1,3,7,17,0,0,3,35,0,Home,Cincinnati Bengals,8
Kirk Cousins,Washington Redskins,1,5,9,48,0,2,1,1,0,Home,Denver Broncos,8
Josh Johnson,Cincinnati Bengals,1,0,0,0,0,0,3,17,0,Away,New York Jets,8
Michael Vick,Philadelphia Eagles,1,6,9,31,0,1,1,1,0,Away,New York Giants,8
Colt McCoy,San Francisco 49ers,1,1,1,13,0,0,0,0,0,Home,Jacksonville Jaguars,8
Nick Foles,Philadelphia Eagles,1,22,28,406,7,0,3,14,0,Home,Oakland Raiders,9
Tom Brady,New England Patriots,1,23,33,432,4,0,1,-1,0,Away,Pittsburgh Steelers,9
Ben Roethlisberger,Pittsburgh Steelers,1,28,48,400,4,2,2,-1,0,Home,New England Patriots,9
Case Keenum,Houston Texans,1,20,34,350,3,0,3,26,0,Away,Indianapolis Colts,9
Russell Wilson,Seattle Seahawks,1,19,26,217,2,2,6,36,1,Away,Tampa Bay Buccaneers,9
Jason Campbell,Cleveland Browns,1,23,35,262,3,0,3,20,0,Away,Baltimore Ravens,9
Drew Brees,New Orleans Saints,1,30,51,382,2,2,1,-1,0,Home,New York Jets,9
Philip Rivers,San Diego Chargers,1,29,46,341,2,2,2,14,0,Home,Washington Redskins,9
Tony Romo,Dallas Cowboys,1,34,51,337,2,1,1,8,0,Away,Minnesota Vikings,9
Andrew Luck,Indianapolis Colts,1,18,40,271,3,0,0,0,0,Home,Houston Texans,9
Christian Ponder,Minnesota Vikings,1,25,37,236,1,1,4,29,1,Home,Dallas Cowboys,9
Cam Newton,Carolina Panthers,1,23,37,249,1,2,5,22,1,Away,Atlanta Falcons,9
Josh McCown,Chicago Bears,1,22,41,272,2,0,1,20,0,Home,Green Bay Packers,9
Joe Flacco,Baltimore Ravens,1,24,41,250,2,1,3,25,0,Home,Cleveland Browns,9
Andy Dalton,Cincinnati Bengals,1,32,53,338,0,3,5,12,0,Home,Miami Dolphins,9
Mike Glennon,Tampa Bay Buccaneers,1,17,23,168,2,0,4,13,0,Home,Seattle Seahawks,9
Jeff Tuel,Buffalo Bills,1,18,39,229,1,2,3,17,0,Away,Kansas City Chiefs,9
Ryan Tannehill,Miami Dolphins,1,20,28,208,0,0,1,1,1,Away,Cincinnati Bengals,9
Robert Griffin III,Washington Redskins,1,23,32,291,0,1,6,17,0,Away,San Diego Chargers,9
Jake Locker,Tennessee Titans,1,13,22,185,0,2,3,10,1,Home,St. Louis Rams,9
Kellen Clemens,St. Louis Rams,1,20,35,210,1,0,1,16,0,Away,Tennessee Titans,9
Matt Ryan,Atlanta Falcons,1,20,27,219,1,3,2,2,0,Home,Carolina Panthers,9
Geno Smith,New York Jets,1,8,19,115,0,0,6,18,1,Away,New Orleans Saints,9
Alex Smith,Kansas City Chiefs,1,19,29,124,0,0,4,7,0,Home,Buffalo Bills,9
Seneca Wallace,Green Bay Packers,1,11,19,114,0,1,0,0,0,Away,Chicago Bears,9
Matt McGloin,Oakland Raiders,1,7,15,87,0,0,0,0,0,Away,Philadelphia Eagles,9
Aaron Rodgers,Green Bay Packers,1,1,2,27,0,0,1,9,0,Away,Chicago Bears,9
Matt Barkley,Philadelphia Eagles,1,2,3,13,0,0,2,-2,0,Home,Oakland Raiders,9
Brandon Weeden,Cleveland Browns,1,1,2,-2,0,0,0,0,0,Away,Baltimore Ravens,9
