Player,Team,G,ReceivingTarget,ReceivingRec,ReceivingYard,ReceivingTD,Home or Away,Opponent,Week
Zach Miller,Chicago Bears,1,5,5,107,2,Home,St. Louis Rams,10
Rob Gronkowski,New England Patriots,1,7,5,113,1,Home,New York Giants,10
Jordan Reed,Washington Redskins,1,4,3,29,2,Away,New Orleans Saints,10
Brent Celek,Philadelphia Eagles,1,4,4,134,0,Away,Miami Dolphins,10
Gary Barnidge,Cleveland Browns,1,8,6,65,1,Home,Pittsburgh Steelers,10
Justin Perillo,Green Bay Packers,1,6,5,58,1,Away,Detroit Lions,10
Crockett Gillmore,Baltimore Ravens,1,4,4,42,1,Away,Jacksonville Jaguars,10
Maxx Williams,Baltimore Ravens,1,4,4,40,1,Away,Jacksonville Jaguars,10
Richard Rodgers,Green Bay Packers,1,5,5,32,1,Away,Detroit Lions,10
Jermaine Gresham,Arizona Cardinals,1,3,2,26,1,Home,Seattle Seahawks,10
Ed Dickson,Carolina Panthers,1,3,3,21,1,Home,Tennessee Titans,10
Greg Olsen,Carolina Panthers,1,8,8,80,0,Home,Tennessee Titans,10
Rhett Ellison,Minnesota Vikings,1,2,2,18,1,Home,Oakland Raiders,10
Clive Walford,Oakland Raiders,1,3,2,18,1,Away,Minnesota Vikings,10
Zach Ertz,Philadelphia Eagles,1,10,7,68,0,Away,Miami Dolphins,10
Brandon Pettigrew,Detroit Lions,1,4,1,2,1,Home,Green Bay Packers,10
Scott Chandler,New England Patriots,1,3,1,1,1,Home,New York Giants,10
Will Tye,New York Giants,1,7,5,56,0,Away,New England Patriots,10
Charles Clay,Buffalo Bills,1,6,5,52,0,Home,New York Jets,10
Delanie Walker,Tennessee Titans,1,4,3,52,0,Away,Carolina Panthers,10
Mychal Rivera,Oakland Raiders,1,7,6,46,0,Away,Minnesota Vikings,10
Jason Witten,Dallas Cowboys,1,5,5,42,0,Home,Tampa Bay Buccaneers,10
Jimmy Graham,Seattle Seahawks,1,8,3,41,0,Away,Arizona Cardinals,10
Heath Miller,Pittsburgh Steelers,1,7,4,40,0,Away,Cleveland Browns,10
Ryan Griffin,Houston Texans,1,6,3,36,0,Home,Cincinnati Bengals,10
Travis Kelce,Kansas City Chiefs,1,9,5,36,0,Home,Denver Broncos,10
Nick Boyle,Baltimore Ravens,1,3,3,35,0,Away,Jacksonville Jaguars,10
Jared Cook,St. Louis Rams,1,3,2,35,0,Away,Chicago Bears,10
Brandon Myers,Tampa Bay Buccaneers,1,4,3,35,0,Away,Dallas Cowboys,10
C.J. Fiedorowicz,Houston Texans,1,2,2,30,0,Home,Cincinnati Bengals,10
Eric Ebron,Detroit Lions,1,8,4,28,0,Home,Green Bay Packers,10
Tyler Eifert,Cincinnati Bengals,1,7,3,26,0,Away,Houston Texans,10
Julius Thomas,Jacksonville Jaguars,1,5,2,23,0,Home,Baltimore Ravens,10
Gavin Escobar,Dallas Cowboys,1,1,1,22,0,Home,Tampa Bay Buccaneers,10
Darren Fells,Arizona Cardinals,1,4,3,21,0,Home,Seattle Seahawks,10
Vernon Davis,Denver Broncos,1,4,2,19,0,Away,Kansas City Chiefs,10
Anthony Fasano,Tennessee Titans,1,4,1,19,0,Away,Carolina Panthers,10
Ben Watson,New Orleans Saints,1,5,3,19,0,Home,Washington Redskins,10
Martellus Bennett,Chicago Bears,1,3,3,18,0,Home,St. Louis Rams,10
Jerome Cunningham,New York Giants,1,2,1,16,0,Away,New England Patriots,10
Derek Carrier,Washington Redskins,1,1,1,14,0,Away,New Orleans Saints,10
Owen Daniels,Denver Broncos,1,5,1,14,0,Away,Kansas City Chiefs,10
Marcedes Lewis,Jacksonville Jaguars,1,2,1,9,0,Home,Baltimore Ravens,10
Virgil Green,Denver Broncos,1,1,1,8,0,Away,Kansas City Chiefs,10
Dion Sims,Miami Dolphins,1,1,1,8,0,Home,Philadelphia Eagles,10
Ryan Hewitt,Cincinnati Bengals,1,1,1,7,0,Away,Houston Texans,10
MyCole Pruitt,Minnesota Vikings,1,2,2,7,0,Home,Oakland Raiders,10
Kyle Rudolph,Minnesota Vikings,1,4,1,7,0,Home,Oakland Raiders,10
Cameron Brate,Tampa Bay Buccaneers,1,2,1,6,0,Away,Dallas Cowboys,10
Brian Parker,Kansas City Chiefs,1,1,1,6,0,Home,Denver Broncos,10
Jordan Cameron,Miami Dolphins,1,3,1,5,0,Home,Philadelphia Eagles,10
Lance Kendricks,St. Louis Rams,1,3,1,4,0,Away,Chicago Bears,10
Jesse James,Pittsburgh Steelers,1,1,1,2,0,Away,Cleveland Browns,10
Lee Smith,Oakland Raiders,1,1,1,1,0,Away,Minnesota Vikings,10
Kellen Davis,New York Jets,1,1,0,0,0,Away,Buffalo Bills,10
Luke Stocker,Tampa Bay Buccaneers,1,1,0,0,0,Away,Dallas Cowboys,10
Michael Williams,New England Patriots,1,1,0,0,0,Home,New York Giants,10
Luke Willson,Seattle Seahawks,1,1,0,0,0,Away,Arizona Cardinals,10
Kyle Rudolph,Minnesota Vikings,1,9,6,106,1,Away,Green Bay Packers,11
Tyler Eifert,Cincinnati Bengals,1,3,3,22,2,Home,Arizona Cardinals,11
Vance McDonald,San Francisco 49ers,1,4,4,65,1,Home,Seattle Seahawks,11
Greg Olsen,Carolina Panthers,1,6,3,54,1,Away,Washington Redskins,11
Delanie Walker,Tennessee Titans,1,10,8,109,0,Home,Jacksonville Jaguars,11
Cameron Brate,Tampa Bay Buccaneers,1,4,3,47,1,Home,Philadelphia Eagles,11
Lance Kendricks,St. Louis Rams,1,4,2,43,1,Home,Baltimore Ravens,11
Crockett Gillmore,Baltimore Ravens,1,8,5,101,0,Away,St. Louis Rams,11
Julius Thomas,Jacksonville Jaguars,1,8,5,28,1,Away,Tennessee Titans,11
Jordan Cameron,Miami Dolphins,1,5,2,21,1,Away,Dallas Cowboys,11
Brent Celek,Philadelphia Eagles,1,10,7,79,0,Away,Tampa Bay Buccaneers,11
Darren Fells,Arizona Cardinals,1,2,1,18,1,Away,Cincinnati Bengals,11
Owen Daniels,Denver Broncos,1,5,4,69,0,Home,Chicago Bears,11
Vernon Davis,Denver Broncos,1,6,6,68,0,Home,Chicago Bears,11
Zach Miller,Chicago Bears,1,6,3,47,0,Away,Denver Broncos,11
Travis Kelce,Kansas City Chiefs,1,7,5,46,0,Home,San Diego Chargers,11
Jordan Reed,Washington Redskins,1,8,6,46,0,Home,Carolina Panthers,11
Coby Fleener,Indianapolis Colts,1,5,3,45,0,Home,Atlanta Falcons,11
Jimmy Graham,Seattle Seahawks,1,3,3,39,0,Away,San Francisco 49ers,11
Rob Gronkowski,New England Patriots,1,7,2,37,0,Away,Buffalo Bills,11
Garrett Celek,San Francisco 49ers,1,3,2,35,0,Home,Seattle Seahawks,11
Jared Cook,St. Louis Rams,1,6,4,31,0,Home,Baltimore Ravens,11
Jason Witten,Dallas Cowboys,1,3,2,27,0,Home,Miami Dolphins,11
Martellus Bennett,Chicago Bears,1,6,2,26,0,Away,Denver Broncos,11
Demetrius Harris,Kansas City Chiefs,1,2,2,26,0,Home,San Diego Chargers,11
Clive Walford,Oakland Raiders,1,3,2,25,0,Home,Detroit Lions,11
Mychal Rivera,Oakland Raiders,1,2,1,21,0,Home,Detroit Lions,11
Gavin Escobar,Dallas Cowboys,1,3,2,20,0,Home,Miami Dolphins,11
Maxx Williams,Baltimore Ravens,1,4,3,20,0,Away,St. Louis Rams,11
Rhett Ellison,Minnesota Vikings,1,3,2,19,0,Away,Green Bay Packers,11
Clay Harbor,Jacksonville Jaguars,1,2,2,17,0,Away,Tennessee Titans,11
Phillip Supernaw,Tennessee Titans,1,2,2,16,0,Home,Jacksonville Jaguars,11
Jacob Tamme,Atlanta Falcons,1,3,1,16,0,Away,Indianapolis Colts,11
Luke Willson,Seattle Seahawks,1,2,2,15,0,Away,San Francisco 49ers,11
Charles Clay,Buffalo Bills,1,3,1,14,0,Home,New England Patriots,11
Anthony Fasano,Tennessee Titans,1,2,2,14,0,Home,Jacksonville Jaguars,11
Zach Ertz,Philadelphia Eagles,1,4,2,12,0,Away,Tampa Bay Buccaneers,11
Ladarius Green,San Diego Chargers,1,3,1,9,0,Away,Kansas City Chiefs,11
Virgil Green,Denver Broncos,1,1,1,9,0,Home,Chicago Bears,11
Brandon Pettigrew,Detroit Lions,1,1,1,8,0,Away,Oakland Raiders,11
MyCole Pruitt,Minnesota Vikings,1,1,1,8,0,Away,Green Bay Packers,11
Dwayne Allen,Indianapolis Colts,1,1,1,7,0,Home,Atlanta Falcons,11
Derek Carrier,Washington Redskins,1,3,2,7,0,Home,Carolina Panthers,11
Cooper Helfet,Seattle Seahawks,1,1,1,7,0,Away,San Francisco 49ers,11
Richard Rodgers,Green Bay Packers,1,5,3,7,0,Home,Minnesota Vikings,11
Antonio Gates,San Diego Chargers,1,3,1,6,0,Away,Kansas City Chiefs,11
Ryan Griffin,Houston Texans,1,2,2,6,0,Away,New York Jets,11
Scott Chandler,New England Patriots,1,2,1,3,0,Away,Buffalo Bills,11
Trey Burton,Philadelphia Eagles,1,1,0,0,0,Away,Tampa Bay Buccaneers,11
Kellen Davis,New York Jets,1,0,0,0,0,Home,Houston Texans,11
Ed Dickson,Carolina Panthers,1,1,0,0,0,Away,Washington Redskins,11
Eric Ebron,Detroit Lions,1,2,0,0,0,Away,Oakland Raiders,11
Chris Gragg,Buffalo Bills,1,1,0,0,0,Home,New England Patriots,11
Tyler Kroft,Cincinnati Bengals,1,1,0,0,0,Home,Arizona Cardinals,11
Marcedes Lewis,Jacksonville Jaguars,1,2,0,0,0,Away,Tennessee Titans,11
Craig Stevens,Tennessee Titans,1,1,0,0,0,Home,Jacksonville Jaguars,11
Rob Gronkowski,New England Patriots,1,8,5,94,3,Away,Pittsburgh Steelers,1
Austin Seferian-Jenkins,Tampa Bay Buccaneers,1,7,5,110,2,Away,Tennessee Titans,1
Travis Kelce,Kansas City Chiefs,1,6,6,106,2,Home,Houston Texans,1
Tyler Eifert,Cincinnati Bengals,1,12,9,104,2,Home,Oakland Raiders,1
Jason Witten,Dallas Cowboys,1,8,8,60,2,Away,New York Giants,1
Darren Fells,Arizona Cardinals,1,5,4,82,1,Away,New Orleans Saints,1
Ladarius Green,San Diego Chargers,1,6,5,74,1,Away,Detroit Lions,1
Jordan Reed,Washington Redskins,1,11,7,63,1,Away,Miami Dolphins,1
Martellus Bennett,Chicago Bears,1,7,5,55,1,Away,Green Bay Packers,1
Eric Ebron,Detroit Lions,1,5,4,53,1,Home,San Diego Chargers,1
Jimmy Graham,Seattle Seahawks,1,8,6,51,1,Home,St. Louis Rams,1
Delanie Walker,Tennessee Titans,1,3,3,43,1,Home,Tampa Bay Buccaneers,1
Lance Kendricks,St. Louis Rams,1,2,2,42,1,Away,Seattle Seahawks,1
Jared Cook,St. Louis Rams,1,6,5,85,0,Away,Seattle Seahawks,1
Heath Miller,Pittsburgh Steelers,1,11,8,84,0,Home,New England Patriots,1
Dwayne Allen,Indianapolis Colts,1,6,3,17,1,Home,Buffalo Bills,1
Jordan Cameron,Miami Dolphins,1,7,4,73,0,Home,Washington Redskins,1
Gavin Escobar,Dallas Cowboys,1,2,2,8,1,Away,New York Giants,1
Scott Chandler,New England Patriots,1,1,1,1,1,Away,Pittsburgh Steelers,1
Kyle Rudolph,Minnesota Vikings,1,7,5,53,0,Home,San Francisco 49ers,1
Vernon Davis,San Francisco 49ers,1,6,3,47,0,Away,Minnesota Vikings,1
Zach Ertz,Philadelphia Eagles,1,8,3,46,0,Home,Atlanta Falcons,1
Charles Clay,Buffalo Bills,1,4,4,43,0,Away,Indianapolis Colts,1
Garrett Celek,San Francisco 49ers,1,4,3,40,0,Away,Minnesota Vikings,1
Gary Barnidge,Cleveland Browns,1,5,3,38,0,Home,New York Jets,1
Richard Rodgers,Green Bay Packers,1,3,3,27,0,Home,Chicago Bears,1
Daniel Fells,New York Giants,1,4,3,33,0,Home,Dallas Cowboys,1
Crockett Gillmore,Baltimore Ravens,1,4,2,23,0,Home,Denver Broncos,1
Larry Donnell,New York Giants,1,4,3,21,0,Home,Dallas Cowboys,1
Jacob Tamme,Atlanta Falcons,1,3,3,19,0,Away,Philadelphia Eagles,1
Ben Watson,New Orleans Saints,1,5,3,19,0,Home,Arizona Cardinals,1
Anthony Fasano,Tennessee Titans,1,1,1,18,0,Home,Tampa Bay Buccaneers,1
Ryan Griffin,Houston Texans,1,4,1,18,0,Away,Kansas City Chiefs,1
C.J. Fiedorowicz,Houston Texans,1,1,1,15,0,Away,Kansas City Chiefs,1
Maxx Williams,Baltimore Ravens,1,2,1,15,0,Home,Denver Broncos,1
Malcolm Johnson,Cleveland Browns,1,2,2,14,0,Home,New York Jets,1
Jim Dray,Cleveland Browns,1,3,1,13,0,Home,New York Jets,1
Greg Olsen,Carolina Panthers,1,3,1,11,0,Home,Jacksonville Jaguars,1
Ed Dickson,Carolina Panthers,1,2,1,9,0,Home,Jacksonville Jaguars,1
Derek Carrier,Washington Redskins,1,2,2,8,0,Away,Miami Dolphins,1
Brent Celek,Philadelphia Eagles,1,1,1,6,0,Home,Atlanta Falcons,1
Owen Daniels,Denver Broncos,1,2,2,5,0,Away,Baltimore Ravens,1
Coby Fleener,Indianapolis Colts,1,1,1,5,0,Home,Buffalo Bills,1
Vance McDonald,San Francisco 49ers,1,1,1,5,0,Away,Minnesota Vikings,1
Jermaine Gresham,Arizona Cardinals,1,1,1,4,0,Away,New Orleans Saints,1
Mychal Rivera,Oakland Raiders,1,2,1,4,0,Away,Cincinnati Bengals,1
Levine Toilolo,Atlanta Falcons,1,1,1,4,0,Away,Philadelphia Eagles,1
Rhett Ellison,Minnesota Vikings,1,2,1,3,0,Home,San Francisco 49ers,1
Clive Walford,Oakland Raiders,1,2,1,1,0,Away,Cincinnati Bengals,1
Jeff Cumberland,New York Jets,1,0,0,0,0,Away,Cleveland Browns,1
Clay Harbor,Jacksonville Jaguars,1,1,0,0,0,Away,Carolina Panthers,1
Nic Jacobs,Jacksonville Jaguars,1,1,0,0,0,Away,Carolina Panthers,1
Julius Thomas,Jacksonville Jaguars,1,10,9,116,1,Away,San Diego Chargers,12
Antonio Gates,San Diego Chargers,1,6,4,53,2,Home,Jacksonville Jaguars,12
Rob Gronkowski,New England Patriots,1,10,6,88,1,Home,Denver Broncos,12
Ryan Griffin,Houston Texans,1,5,4,72,1,Away,New Orleans Saints,12
Vance McDonald,San Francisco 49ers,1,7,6,71,1,Away,Arizona Cardinals,12
Travis Kelce,Kansas City Chiefs,1,7,4,69,1,Away,Buffalo Bills,12
Scott Chandler,New England Patriots,1,11,5,58,1,Home,Denver Broncos,12
Cameron Brate,Tampa Bay Buccaneers,1,6,5,53,1,Home,Indianapolis Colts,12
Tyler Eifert,Cincinnati Bengals,1,4,3,40,1,Away,St. Louis Rams,12
Jordan Reed,Washington Redskins,1,9,8,98,0,Away,New York Giants,12
Gary Barnidge,Cleveland Browns,1,11,7,91,0,Away,Baltimore Ravens,12
Delanie Walker,Tennessee Titans,1,8,6,91,0,Away,Oakland Raiders,12
Craig Stevens,Tennessee Titans,1,2,1,20,1,Away,Oakland Raiders,12
Jimmy Graham,Seattle Seahawks,1,8,4,75,0,Away,Pittsburgh Steelers,12
Will Tye,New York Giants,1,8,6,74,0,Home,Washington Redskins,12
Brent Celek,Philadelphia Eagles,1,4,2,10,1,Home,Detroit Lions,12
Zach Miller,Chicago Bears,1,7,2,10,1,Home,Green Bay Packers,12
Greg Olsen,Carolina Panthers,1,9,5,70,0,Home,Dallas Cowboys,12
Jacob Tamme,Atlanta Falcons,1,6,5,69,0,Away,Minnesota Vikings,12
Blake Bell,San Francisco 49ers,1,3,3,67,0,Away,Arizona Cardinals,12
Jared Cook,St. Louis Rams,1,6,4,58,0,Home,Cincinnati Bengals,12
Kyle Rudolph,Minnesota Vikings,1,10,7,53,0,Home,Atlanta Falcons,12
Ben Watson,New Orleans Saints,1,9,4,53,0,Home,Houston Texans,12
Trey Burton,Philadelphia Eagles,1,2,2,49,0,Home,Detroit Lions,12
Owen Daniels,Denver Broncos,1,6,5,48,0,Away,New England Patriots,12
Heath Miller,Pittsburgh Steelers,1,6,5,45,0,Home,Seattle Seahawks,12
Jason Witten,Dallas Cowboys,1,6,4,36,0,Away,Carolina Panthers,12
Charles Clay,Buffalo Bills,1,8,5,31,0,Home,Kansas City Chiefs,12
Richard Rodgers,Green Bay Packers,1,7,4,30,0,Away,Chicago Bears,12
Ryan Hewitt,Cincinnati Bengals,1,2,2,29,0,Away,St. Louis Rams,12
Eric Ebron,Detroit Lions,1,3,2,28,0,Away,Philadelphia Eagles,12
Mychal Rivera,Oakland Raiders,1,2,2,28,0,Home,Tennessee Titans,12
Coby Fleener,Indianapolis Colts,1,3,3,27,0,Away,Tampa Bay Buccaneers,12
Marcedes Lewis,Jacksonville Jaguars,1,2,1,24,0,Away,San Diego Chargers,12
Rhett Ellison,Minnesota Vikings,1,2,1,23,0,Home,Atlanta Falcons,12
Anthony Fasano,Tennessee Titans,1,2,2,22,0,Away,Oakland Raiders,12
Brandon Pettigrew,Detroit Lions,1,2,1,21,0,Away,Philadelphia Eagles,12
C.J. Fiedorowicz,Houston Texans,1,2,2,20,0,Away,New Orleans Saints,12
Crockett Gillmore,Baltimore Ravens,1,4,3,20,0,Home,Cleveland Browns,12
Dwayne Allen,Indianapolis Colts,1,4,2,19,0,Away,Tampa Bay Buccaneers,12
Ladarius Green,San Diego Chargers,1,1,1,19,0,Home,Jacksonville Jaguars,12
Lance Kendricks,St. Louis Rams,1,4,3,17,0,Home,Cincinnati Bengals,12
Clive Walford,Oakland Raiders,1,2,1,14,0,Home,Tennessee Titans,12
Jordan Cameron,Miami Dolphins,1,3,2,13,0,Home,New York Jets,12
Clay Harbor,Jacksonville Jaguars,1,2,1,12,0,Away,San Diego Chargers,12
Luke Willson,Seattle Seahawks,1,1,1,12,0,Away,Pittsburgh Steelers,12
Nick Boyle,Baltimore Ravens,1,3,1,10,0,Home,Cleveland Browns,12
Vernon Davis,Denver Broncos,1,2,2,10,0,Away,New England Patriots,12
Jermaine Gresham,Arizona Cardinals,1,3,1,9,0,Home,San Francisco 49ers,12
Justin Perillo,Green Bay Packers,1,2,2,9,0,Away,Chicago Bears,12
Jesse James,Pittsburgh Steelers,1,2,1,8,0,Home,Seattle Seahawks,12
Khari Lee,Chicago Bears,1,1,1,7,0,Home,Green Bay Packers,12
Derek Carrier,Washington Redskins,1,1,1,6,0,Away,New York Giants,12
Matt Spaeth,Pittsburgh Steelers,1,1,1,6,0,Home,Seattle Seahawks,12
Jack Doyle,Indianapolis Colts,1,1,1,5,0,Away,Tampa Bay Buccaneers,12
Tyler Kroft,Cincinnati Bengals,1,1,1,4,0,Away,St. Louis Rams,12
Jerome Cunningham,New York Giants,1,4,1,2,0,Home,Washington Redskins,12
Cory Harkey,St. Louis Rams,1,1,1,2,0,Home,Cincinnati Bengals,12
Lee Smith,Oakland Raiders,1,1,1,2,0,Home,Tennessee Titans,12
Asante Cleveland,New England Patriots,1,1,1,1,0,Home,Denver Broncos,12
Malcolm Johnson,Cleveland Browns,1,1,1,1,0,Away,Baltimore Ravens,12
E.J. Bibbs,Cleveland Browns,1,1,0,0,0,Away,Baltimore Ravens,12
Kellen Davis,New York Jets,1,0,0,0,0,Away,Miami Dolphins,12
Ed Dickson,Carolina Panthers,1,1,0,0,0,Home,Dallas Cowboys,12
Jim Dray,Cleveland Browns,1,1,0,0,0,Away,Baltimore Ravens,12
Josh Hill,New Orleans Saints,1,1,0,0,0,Home,Houston Texans,12
Michael Hoomanawanui,New Orleans Saints,1,1,0,0,0,Home,Houston Texans,12
Luke Stocker,Tampa Bay Buccaneers,1,1,0,0,0,Home,Indianapolis Colts,12
Dion Sims,Miami Dolphins,1,1,1,-1,0,Home,New York Jets,12
Gavin Escobar,Dallas Cowboys,1,1,1,-2,0,Away,Carolina Panthers,12
Richard Rodgers,Green Bay Packers,1,8,8,146,1,Home,Detroit Lions,13
Delanie Walker,Tennessee Titans,1,12,8,92,1,Away,Jacksonville Jaguars,13
Greg Olsen,Carolina Panthers,1,12,9,129,0,Home,New Orleans Saints,13
Charles Clay,Buffalo Bills,1,7,4,66,1,Away,Houston Texans,13
Scott Chandler,New England Patriots,1,7,4,61,1,Away,Philadelphia Eagles,13
Ben Watson,New Orleans Saints,1,8,4,38,1,Away,Carolina Panthers,13
Ryan Griffin,Houston Texans,1,5,3,29,1,Home,Buffalo Bills,13
Julius Thomas,Jacksonville Jaguars,1,5,2,15,1,Home,Tennessee Titans,13
Craig Stevens,Tennessee Titans,1,2,2,11,1,Away,Jacksonville Jaguars,13
Will Tye,New York Giants,1,4,3,70,0,Away,New York Jets,13
Eric Ebron,Detroit Lions,1,2,2,9,1,Away,Green Bay Packers,13
Zach Ertz,Philadelphia Eagles,1,4,2,9,1,Home,New England Patriots,13
Lee Smith,Oakland Raiders,1,1,1,5,1,Away,Kansas City Chiefs,13
Gary Barnidge,Cleveland Browns,1,8,5,59,0,Away,Cincinnati Bengals,13
Clive Walford,Oakland Raiders,1,5,5,53,0,Away,Kansas City Chiefs,13
Antonio Gates,San Diego Chargers,1,9,6,50,0,Away,Denver Broncos,13
Jason Witten,Dallas Cowboys,1,9,5,45,0,Home,Washington Redskins,13
Travis Kelce,Kansas City Chiefs,1,3,2,42,0,Home,Oakland Raiders,13
Luke Willson,Seattle Seahawks,1,3,2,36,0,Home,Minnesota Vikings,13
Jordan Reed,Washington Redskins,1,8,3,33,0,Away,Dallas Cowboys,13
Austin Seferian-Jenkins,Tampa Bay Buccaneers,1,6,3,31,0,Away,Atlanta Falcons,13
Jesse James,Pittsburgh Steelers,1,5,3,30,0,Away,Indianapolis Colts,13
Ed Dickson,Carolina Panthers,1,3,3,27,0,Home,New Orleans Saints,13
Jacob Tamme,Atlanta Falcons,1,4,3,26,0,Home,Tampa Bay Buccaneers,13
Vernon Davis,Denver Broncos,1,3,2,25,0,Home,San Diego Chargers,13
Jared Cook,St. Louis Rams,1,9,3,22,0,Away,Arizona Cardinals,13
Darren Fells,Arizona Cardinals,1,1,1,22,0,Home,St. Louis Rams,13
Virgil Green,Denver Broncos,1,1,1,22,0,Home,San Diego Chargers,13
Ladarius Green,San Diego Chargers,1,6,2,21,0,Away,Denver Broncos,13
Coby Fleener,Indianapolis Colts,1,8,4,20,0,Home,Pittsburgh Steelers,13
Michael Hoomanawanui,New Orleans Saints,1,1,1,19,0,Away,Carolina Panthers,13
Vance McDonald,San Francisco 49ers,1,3,2,18,0,Home,Chicago Bears,13
Tyler Kroft,Cincinnati Bengals,1,1,1,17,0,Home,Cleveland Browns,13
Brent Celek,Philadelphia Eagles,1,1,1,16,0,Home,New England Patriots,13
Nick Boyle,Baltimore Ravens,1,4,3,15,0,Home,Miami Dolphins,13
Martellus Bennett,Chicago Bears,1,4,3,14,0,Away,San Francisco 49ers,13
Owen Daniels,Denver Broncos,1,3,2,13,0,Home,San Diego Chargers,13
Jermaine Gresham,Arizona Cardinals,1,1,1,13,0,Home,St. Louis Rams,13
Cooper Helfet,Seattle Seahawks,1,4,1,13,0,Home,Minnesota Vikings,13
Mychal Rivera,Oakland Raiders,1,3,2,13,0,Away,Kansas City Chiefs,13
Kyle Rudolph,Minnesota Vikings,1,4,3,13,0,Away,Seattle Seahawks,13
Cameron Brate,Tampa Bay Buccaneers,1,2,2,12,0,Away,Atlanta Falcons,13
James Hanna,Dallas Cowboys,1,1,1,11,0,Home,Washington Redskins,13
Josh Hill,New Orleans Saints,1,3,2,11,0,Away,Carolina Panthers,13
Kellen Davis,New York Jets,1,3,1,8,0,Home,New York Giants,13
C.J. Fiedorowicz,Houston Texans,1,1,1,8,0,Home,Buffalo Bills,13
John Phillips,San Diego Chargers,1,1,1,8,0,Away,Denver Broncos,13
E.J. Bibbs,Cleveland Browns,1,1,1,7,0,Away,Cincinnati Bengals,13
Crockett Gillmore,Baltimore Ravens,1,1,1,7,0,Home,Miami Dolphins,13
Ryan Hewitt,Cincinnati Bengals,1,1,1,7,0,Home,Cleveland Browns,13
Marcedes Lewis,Jacksonville Jaguars,1,1,1,7,0,Home,Tennessee Titans,13
Dwayne Allen,Indianapolis Colts,1,1,1,6,0,Home,Pittsburgh Steelers,13
Zach Miller,Chicago Bears,1,1,1,6,0,Away,San Francisco 49ers,13
Blake Bell,San Francisco 49ers,1,3,1,5,0,Home,Chicago Bears,13
Jordan Cameron,Miami Dolphins,1,3,1,4,0,Away,Baltimore Ravens,13
Cory Harkey,St. Louis Rams,1,1,1,4,0,Away,Arizona Cardinals,13
MyCole Pruitt,Minnesota Vikings,1,1,1,4,0,Away,Seattle Seahawks,13
Dion Sims,Miami Dolphins,1,2,1,4,0,Away,Baltimore Ravens,13
Luke Stocker,Tampa Bay Buccaneers,1,1,1,4,0,Away,Atlanta Falcons,13
C.J. Uzomah,Cincinnati Bengals,1,1,1,4,0,Home,Cleveland Browns,13
David Johnson,San Diego Chargers,1,0,0,0,0,Away,Denver Broncos,13
Rhett Ellison,Minnesota Vikings,1,1,0,0,0,Away,Seattle Seahawks,13
Malcolm Johnson,Cleveland Browns,1,1,0,0,0,Away,Cincinnati Bengals,13
Jordan Reed,Washington Redskins,1,9,9,120,1,Home,Chicago Bears,14
Rob Gronkowski,New England Patriots,1,4,4,87,1,Home,Houston Texans,14
Zach Miller,Chicago Bears,1,6,5,85,1,Away,Washington Redskins,14
Gary Barnidge,Cleveland Browns,1,7,5,84,1,Away,San Francisco 49ers,14
Julius Thomas,Jacksonville Jaguars,1,7,5,54,1,Away,Indianapolis Colts,14
Mychal Rivera,Oakland Raiders,1,4,3,49,1,Home,Denver Broncos,14
Zach Ertz,Philadelphia Eagles,1,7,5,98,0,Away,Buffalo Bills,14
Will Tye,New York Giants,1,5,5,30,1,Home,Miami Dolphins,14
Antonio Gates,San Diego Chargers,1,8,6,76,0,Home,Kansas City Chiefs,14
Vernon Davis,Denver Broncos,1,9,7,74,0,Away,Oakland Raiders,14
Delanie Walker,Tennessee Titans,1,13,7,71,0,Home,New York Jets,14
Ben Watson,New Orleans Saints,1,11,7,70,0,Home,Tampa Bay Buccaneers,14
Heath Miller,Pittsburgh Steelers,1,10,10,66,0,Home,Cincinnati Bengals,14
Kyle Rudolph,Minnesota Vikings,1,6,6,67,0,Home,Arizona Cardinals,14
Ed Dickson,Carolina Panthers,1,1,1,4,1,Away,Atlanta Falcons,14
Richard Rodgers,Green Bay Packers,1,2,1,3,1,Away,Dallas Cowboys,14
Greg Olsen,Carolina Panthers,1,4,3,52,0,Away,Atlanta Falcons,14
Blake Bell,San Francisco 49ers,1,3,3,49,0,Home,Cleveland Browns,14
Clive Walford,Oakland Raiders,1,7,3,47,0,Home,Denver Broncos,14
Owen Daniels,Denver Broncos,1,4,3,43,0,Away,Oakland Raiders,14
Darren Fells,Arizona Cardinals,1,4,3,43,0,Away,Minnesota Vikings,14
Tyler Eifert,Cincinnati Bengals,1,2,2,42,0,Away,Pittsburgh Steelers,14
Rhett Ellison,Minnesota Vikings,1,1,1,41,0,Home,Arizona Cardinals,14
Jason Witten,Dallas Cowboys,1,9,5,40,0,Home,Green Bay Packers,14
MyCole Pruitt,Minnesota Vikings,1,2,2,36,0,Home,Arizona Cardinals,14
Jordan Cameron,Miami Dolphins,1,4,3,35,0,Away,New York Giants,14
Tyler Kroft,Cincinnati Bengals,1,3,2,31,0,Away,Pittsburgh Steelers,14
Austin Seferian-Jenkins,Tampa Bay Buccaneers,1,6,3,31,0,Away,New Orleans Saints,14
Eric Ebron,Detroit Lions,1,5,3,27,0,Home,St. Louis Rams,14
Ladarius Green,San Diego Chargers,1,6,2,26,0,Home,Kansas City Chiefs,14
Jacob Tamme,Atlanta Falcons,1,5,4,26,0,Home,Carolina Panthers,14
Clay Harbor,Jacksonville Jaguars,1,2,2,21,0,Away,Indianapolis Colts,14
Ryan Griffin,Houston Texans,1,6,1,20,0,Away,New England Patriots,14
Cooper Helfet,Seattle Seahawks,1,2,2,20,0,Home,Baltimore Ravens,14
Demetrius Harris,Kansas City Chiefs,1,2,2,18,0,Away,San Diego Chargers,14
Travis Kelce,Kansas City Chiefs,1,5,3,18,0,Away,San Diego Chargers,14
Cameron Brate,Tampa Bay Buccaneers,1,3,2,16,0,Away,New Orleans Saints,14
Phillip Supernaw,Tennessee Titans,1,2,1,16,0,Home,New York Jets,14
Marcedes Lewis,Jacksonville Jaguars,1,2,1,14,0,Away,Indianapolis Colts,14
Dion Sims,Miami Dolphins,1,5,3,14,0,Away,New York Giants,14
Jared Cook,St. Louis Rams,1,1,1,11,0,Away,Detroit Lions,14
Chris Gragg,Buffalo Bills,1,2,1,11,0,Home,Philadelphia Eagles,14
Scott Simonson,Carolina Panthers,1,1,1,10,0,Away,Atlanta Falcons,14
Charles Clay,Buffalo Bills,1,2,1,9,0,Home,Philadelphia Eagles,14
Ryan Hewitt,Cincinnati Bengals,1,1,1,9,0,Away,Pittsburgh Steelers,14
Luke Willson,Seattle Seahawks,1,2,1,8,0,Home,Baltimore Ravens,14
Derek Carrier,Washington Redskins,1,1,1,7,0,Home,Chicago Bears,14
Brandon Pettigrew,Detroit Lions,1,1,1,7,0,Home,St. Louis Rams,14
Coby Fleener,Indianapolis Colts,1,4,1,6,0,Home,Jacksonville Jaguars,14
Josh Hill,New Orleans Saints,1,2,1,6,0,Home,Tampa Bay Buccaneers,14
Brian Leonhardt,San Francisco 49ers,1,1,1,4,0,Home,Cleveland Browns,14
Justin Perillo,Green Bay Packers,1,1,1,3,0,Away,Dallas Cowboys,14
Brent Celek,Philadelphia Eagles,1,2,1,1,0,Away,Buffalo Bills,14
Jeff Cumberland,New York Jets,1,1,0,0,0,Away,Tennessee Titans,14
Anthony Fasano,Tennessee Titans,1,1,0,0,0,Home,New York Jets,14
Virgil Green,Denver Broncos,1,1,0,0,0,Away,Oakland Raiders,14
Lance Kendricks,St. Louis Rams,1,1,0,0,0,Away,Detroit Lions,14
Khari Lee,Chicago Bears,1,1,0,0,0,Away,Washington Redskins,14
Levine Toilolo,Atlanta Falcons,1,1,0,0,0,Home,Carolina Panthers,14
Maxx Williams,Baltimore Ravens,1,0,0,0,0,Away,Seattle Seahawks,14
Dwayne Allen,Indianapolis Colts,1,3,2,-3,0,Home,Jacksonville Jaguars,14
Jordan Reed,Washington Redskins,1,7,7,84,2,Away,Buffalo Bills,15
Delanie Walker,Tennessee Titans,1,5,2,64,2,Home,New England Patriots,15
Greg Olsen,Carolina Panthers,1,8,6,79,1,Home,New York Giants,15
Zach Ertz,Philadelphia Eagles,1,13,8,78,1,Away,Arizona Cardinals,15
Rob Gronkowski,New England Patriots,1,11,5,54,1,Away,Tennessee Titans,15
Ben Watson,New Orleans Saints,1,12,6,49,1,Away,Detroit Lions,15
Will Tye,New York Giants,1,8,5,43,1,Away,Carolina Panthers,15
Tyler Kroft,Cincinnati Bengals,1,3,3,31,1,Home,San Francisco 49ers,15
Gary Barnidge,Cleveland Browns,1,4,3,29,1,Home,Seattle Seahawks,15
Austin Seferian-Jenkins,Tampa Bay Buccaneers,1,6,3,29,1,Home,St. Louis Rams,15
Antonio Gates,San Diego Chargers,1,9,6,88,0,Away,Miami Dolphins,15
Luke Stocker,Tampa Bay Buccaneers,1,3,3,25,1,Home,St. Louis Rams,15
Eric Ebron,Detroit Lions,1,5,4,79,0,Home,New Orleans Saints,15
Julius Thomas,Jacksonville Jaguars,1,9,6,79,0,Away,Atlanta Falcons,15
Travis Kelce,Kansas City Chiefs,1,7,6,73,0,Home,Baltimore Ravens,15
Jared Cook,St. Louis Rams,1,6,4,64,0,Away,Tampa Bay Buccaneers,15
Zach Miller,Chicago Bears,1,6,6,57,0,Home,Minnesota Vikings,15
Darren Fells,Arizona Cardinals,1,3,3,54,0,Home,Philadelphia Eagles,15
Jason Witten,Dallas Cowboys,1,5,5,49,0,Away,New York Jets,15
Blake Bell,San Francisco 49ers,1,8,4,43,0,Away,Cincinnati Bengals,15
Nick O'Leary,Buffalo Bills,1,1,1,37,0,Home,Washington Redskins,15
Brent Celek,Philadelphia Eagles,1,2,2,31,0,Away,Arizona Cardinals,15
Maxx Williams,Baltimore Ravens,1,6,5,31,0,Away,Kansas City Chiefs,15
Ryan Griffin,Houston Texans,1,2,2,30,0,Home,Indianapolis Colts,15
Lance Kendricks,St. Louis Rams,1,3,3,27,0,Away,Tampa Bay Buccaneers,15
Marcedes Lewis,Jacksonville Jaguars,1,3,1,26,0,Away,Atlanta Falcons,15
Anthony Fasano,Tennessee Titans,1,4,3,21,0,Home,New England Patriots,15
Kyle Rudolph,Minnesota Vikings,1,2,2,21,0,Away,Chicago Bears,15
Cameron Brate,Tampa Bay Buccaneers,1,5,3,20,0,Home,St. Louis Rams,15
Mychal Rivera,Oakland Raiders,1,6,3,20,0,Away,Green Bay Packers,15
James Hanna,Dallas Cowboys,1,1,1,17,0,Away,New York Jets,15
Luke Willson,Seattle Seahawks,1,2,2,17,0,Away,Cleveland Browns,15
Chris Gragg,Buffalo Bills,1,1,1,16,0,Home,Washington Redskins,15
Owen Daniels,Denver Broncos,1,5,2,14,0,Home,Pittsburgh Steelers,15
Ladarius Green,San Diego Chargers,1,3,2,13,0,Away,Miami Dolphins,15
Coby Fleener,Indianapolis Colts,1,3,1,12,0,Away,Houston Texans,15
Heath Miller,Pittsburgh Steelers,1,5,3,12,0,Away,Denver Broncos,15
Vance McDonald,San Francisco 49ers,1,4,1,10,0,Away,Cincinnati Bengals,15
Clive Walford,Oakland Raiders,1,7,2,10,0,Away,Green Bay Packers,15
Kellen Davis,New York Jets,1,2,1,9,0,Home,Dallas Cowboys,15
Ryan Hewitt,Cincinnati Bengals,1,2,1,9,0,Home,San Francisco 49ers,15
Robert Housler,Chicago Bears,1,1,1,9,0,Home,Minnesota Vikings,15
Dion Sims,Miami Dolphins,1,1,1,9,0,Home,San Diego Chargers,15
Jerome Cunningham,New York Giants,1,3,1,7,0,Away,Carolina Panthers,15
Richard Rodgers,Green Bay Packers,1,4,1,7,0,Home,Oakland Raiders,15
Michael Williams,New England Patriots,1,1,1,7,0,Away,Tennessee Titans,15
Dwayne Allen,Indianapolis Colts,1,2,1,5,0,Away,Houston Texans,15
Jordan Cameron,Miami Dolphins,1,1,1,5,0,Home,San Diego Chargers,15
Vernon Davis,Denver Broncos,1,3,1,5,0,Home,Pittsburgh Steelers,15
Cooper Helfet,Seattle Seahawks,1,2,1,5,0,Away,Cleveland Browns,15
Justin Perillo,Green Bay Packers,1,1,1,5,0,Home,Oakland Raiders,15
Craig Stevens,Tennessee Titans,1,1,1,5,0,Home,New England Patriots,15
Jim Dray,Cleveland Browns,1,3,0,0,0,Home,Seattle Seahawks,15
C.J. Fiedorowicz,Houston Texans,1,3,0,0,0,Home,Indianapolis Colts,15
Michael Hoomanawanui,New Orleans Saints,1,0,0,0,0,Away,Detroit Lions,15
Tony Moeaki,Atlanta Falcons,1,1,0,0,0,Home,Jacksonville Jaguars,15
Jacob Tamme,Atlanta Falcons,1,1,0,0,0,Home,Jacksonville Jaguars,15
Levine Toilolo,Atlanta Falcons,1,1,0,0,0,Home,Jacksonville Jaguars,15
Tim Wright,Detroit Lions,1,1,0,0,0,Home,New Orleans Saints,15
Jordan Reed,Washington Redskins,1,11,9,129,2,Home,Philadelphia Eagles,16
Zach Ertz,Philadelphia Eagles,1,17,13,122,0,Away,Washington Redskins,16
Vance McDonald,San Francisco 49ers,1,7,5,61,1,Home,Detroit Lions,16
Austin Seferian-Jenkins,Tampa Bay Buccaneers,1,4,2,60,1,Away,Chicago Bears,16
Kyle Rudolph,Minnesota Vikings,1,3,2,53,1,Away,New York Giants,16
Travis Kelce,Kansas City Chiefs,1,8,6,43,1,Away,Cleveland Browns,16
Rob Gronkowski,New England Patriots,1,6,4,86,0,Home,New York Jets,16
Michael Hoomanawanui,New Orleans Saints,1,1,1,17,1,Away,Jacksonville Jaguars,16
Owen Daniels,Denver Broncos,1,7,5,70,0,Away,Cincinnati Bengals,16
Zach Miller,Chicago Bears,1,8,7,69,0,Home,Tampa Bay Buccaneers,16
Delanie Walker,Tennessee Titans,1,15,9,59,0,Away,Houston Texans,16
Eric Ebron,Detroit Lions,1,5,4,49,0,Away,San Francisco 49ers,16
Heath Miller,Pittsburgh Steelers,1,6,5,49,0,Home,Baltimore Ravens,16
Gary Barnidge,Cleveland Browns,1,8,3,47,0,Home,Kansas City Chiefs,16
Cameron Brate,Tampa Bay Buccaneers,1,1,1,46,0,Away,Chicago Bears,16
Tyler Kroft,Cincinnati Bengals,1,6,4,46,0,Home,Denver Broncos,16
Cooper Helfet,Seattle Seahawks,1,6,4,43,0,Away,St. Louis Rams,16
Greg Olsen,Carolina Panthers,1,6,4,40,0,Home,Atlanta Falcons,16
Jordan Cameron,Miami Dolphins,1,3,3,34,0,Away,Indianapolis Colts,16
Jacob Tamme,Atlanta Falcons,1,4,4,29,0,Away,Carolina Panthers,16
Will Tye,New York Giants,1,4,3,28,0,Home,Minnesota Vikings,16
Ladarius Green,San Diego Chargers,1,7,2,27,0,Home,Oakland Raiders,16
Matt LaCosse,New York Giants,1,3,3,22,0,Home,Minnesota Vikings,16
Clive Walford,Oakland Raiders,1,3,1,22,0,Away,San Diego Chargers,16
Jerome Cunningham,New York Giants,1,2,2,21,0,Home,Minnesota Vikings,16
Anthony Fasano,Tennessee Titans,1,7,2,21,0,Away,Houston Texans,16
Chris Gragg,Buffalo Bills,1,3,2,19,0,Away,Dallas Cowboys,16
Brent Celek,Philadelphia Eagles,1,1,1,18,0,Away,Washington Redskins,16
Jim Dray,Cleveland Browns,1,3,1,18,0,Home,Kansas City Chiefs,16
Andrew Quarless,Green Bay Packers,1,2,2,17,0,Home,Arizona Cardinals,16
Lee Smith,Oakland Raiders,1,1,1,17,0,Away,San Diego Chargers,16
Maxx Williams,Baltimore Ravens,1,5,2,16,0,Away,Pittsburgh Steelers,16
Coby Fleener,Indianapolis Colts,1,4,2,13,0,Home,Miami Dolphins,16
Ryan Griffin,Houston Texans,1,1,1,13,0,Home,Tennessee Titans,16
Marcedes Lewis,Jacksonville Jaguars,1,1,1,13,0,Home,New Orleans Saints,16
Josh Hill,New Orleans Saints,1,3,2,12,0,Away,Jacksonville Jaguars,16
Julius Thomas,Jacksonville Jaguars,1,2,2,12,0,Home,New Orleans Saints,16
Jason Witten,Dallas Cowboys,1,2,1,12,0,Home,Buffalo Bills,16
Antonio Gates,San Diego Chargers,1,2,2,11,0,Home,Oakland Raiders,16
James Hanna,Dallas Cowboys,1,4,1,10,0,Home,Buffalo Bills,16
John Phillips,San Diego Chargers,1,1,1,9,0,Home,Oakland Raiders,16
Virgil Green,Denver Broncos,1,1,1,8,0,Away,Cincinnati Bengals,16
Dion Sims,Miami Dolphins,1,1,1,8,0,Away,Indianapolis Colts,16
Craig Stevens,Tennessee Titans,1,1,1,8,0,Away,Houston Texans,16
Jack Doyle,Indianapolis Colts,1,3,2,7,0,Home,Miami Dolphins,16
Jermaine Gresham,Arizona Cardinals,1,2,1,7,0,Away,Green Bay Packers,16
Clay Harbor,Jacksonville Jaguars,1,1,1,7,0,Home,New Orleans Saints,16
Luke Stocker,Tampa Bay Buccaneers,1,1,1,7,0,Away,Chicago Bears,16
C.J. Fiedorowicz,Houston Texans,1,1,1,6,0,Home,Tennessee Titans,16
Jared Cook,St. Louis Rams,1,2,1,5,0,Home,Seattle Seahawks,16
Ben Watson,New Orleans Saints,1,2,1,5,0,Away,Jacksonville Jaguars,16
David Johnson,San Diego Chargers,1,1,1,4,0,Home,Oakland Raiders,16
Jesse James,Pittsburgh Steelers,1,1,1,3,0,Home,Baltimore Ravens,16
Richard Rodgers,Green Bay Packers,1,3,1,2,0,Home,Arizona Cardinals,16
Dwayne Allen,Indianapolis Colts,1,1,0,0,0,Home,Miami Dolphins,16
Blake Bell,San Francisco 49ers,1,1,0,0,0,Home,Detroit Lions,16
Kellen Davis,New York Jets,1,0,0,0,0,Away,New England Patriots,16
Ed Dickson,Carolina Panthers,1,1,0,0,0,Home,Atlanta Falcons,16
Rhett Ellison,Minnesota Vikings,1,1,0,0,0,Away,New York Giants,16
Lance Kendricks,St. Louis Rams,1,2,0,0,0,Home,Seattle Seahawks,16
Nick O'Leary,Buffalo Bills,1,1,0,0,0,Away,Dallas Cowboys,16
Brian Parker,Kansas City Chiefs,1,1,0,0,0,Away,Cleveland Browns,16
Alex Smith,Washington Redskins,1,1,0,0,0,Home,Philadelphia Eagles,16
Michael Williams,New England Patriots,1,1,0,0,0,Home,New York Jets,16
Luke Willson,Seattle Seahawks,1,1,0,0,0,Away,St. Louis Rams,16
Zach Ertz,Philadelphia Eagles,1,9,9,152,0,Home,New York Giants,17
Coby Fleener,Indianapolis Colts,1,7,7,88,1,Away,Tennessee Titans,17
Delanie Walker,Tennessee Titans,1,14,9,94,0,Home,Indianapolis Colts,17
Will Tye,New York Giants,1,8,5,67,1,Away,Philadelphia Eagles,17
Richard Rodgers,Green Bay Packers,1,8,7,59,1,Away,Minnesota Vikings,17
Ben Watson,New Orleans Saints,1,10,6,59,1,Home,Atlanta Falcons,17
Jason Witten,Dallas Cowboys,1,8,6,58,1,Away,Washington Redskins,17
Tyler Eifert,Cincinnati Bengals,1,4,4,51,1,Away,Baltimore Ravens,17
Tony Moeaki,Atlanta Falcons,1,3,2,47,1,Away,New Orleans Saints,17
Antonio Gates,San Diego Chargers,1,5,3,34,1,Home,Denver Broncos,17
Chase Coffman,Seattle Seahawks,1,5,4,29,1,Home,Arizona Cardinals,17
Eric Ebron,Detroit Lions,1,7,5,25,1,Home,Chicago Bears,17
Heath Miller,Pittsburgh Steelers,1,4,3,18,1,Home,Cleveland Browns,17
Demetrius Harris,Kansas City Chiefs,1,3,1,15,1,Away,Oakland Raiders,17
Tim Wright,Detroit Lions,1,1,1,9,1,Home,Chicago Bears,17
Gary Barnidge,Cleveland Browns,1,13,8,66,0,Away,Pittsburgh Steelers,17
Jordan Cameron,Miami Dolphins,1,4,2,6,1,Away,New England Patriots,17
Jacob Tamme,Atlanta Falcons,1,5,4,61,0,Away,New Orleans Saints,17
Maxx Williams,Baltimore Ravens,1,10,6,53,0,Home,Cincinnati Bengals,17
Austin Seferian-Jenkins,Tampa Bay Buccaneers,1,7,3,48,0,Home,Carolina Panthers,17
Clive Walford,Oakland Raiders,1,4,4,46,0,Home,Kansas City Chiefs,17
Marcedes Lewis,Jacksonville Jaguars,1,1,1,45,0,Home,Houston Texans,17
Jordan Reed,Washington Redskins,1,4,4,45,0,Home,Dallas Cowboys,17
Cooper Helfet,Seattle Seahawks,1,6,4,42,0,Home,Arizona Cardinals,17
Dion Sims,Miami Dolphins,1,3,3,40,0,Away,New England Patriots,17
Brent Celek,Philadelphia Eagles,1,2,2,38,0,Home,New York Giants,17
Lance Kendricks,St. Louis Rams,1,5,5,37,0,Home,San Francisco 49ers,17
Vance McDonald,San Francisco 49ers,1,5,3,37,0,Away,St. Louis Rams,17
Jermaine Gresham,Arizona Cardinals,1,3,2,36,0,Away,Seattle Seahawks,17
James Hanna,Dallas Cowboys,1,3,3,28,0,Away,Washington Redskins,17
Ryan Griffin,Houston Texans,1,3,3,27,0,Away,Jacksonville Jaguars,17
Rob Gronkowski,New England Patriots,1,7,2,18,0,Home,Miami Dolphins,17
Clay Harbor,Jacksonville Jaguars,1,1,1,18,0,Home,Houston Texans,17
Robert Housler,Chicago Bears,1,2,2,18,0,Away,Detroit Lions,17
Greg Olsen,Carolina Panthers,1,2,2,16,0,Away,Tampa Bay Buccaneers,17
Owen Daniels,Denver Broncos,1,1,1,15,0,Away,San Diego Chargers,17
C.J. Fiedorowicz,Houston Texans,1,3,2,14,0,Away,Jacksonville Jaguars,17
Virgil Green,Denver Broncos,1,1,1,14,0,Away,San Diego Chargers,17
Cory Harkey,St. Louis Rams,1,1,1,12,0,Home,San Francisco 49ers,17
Mychal Rivera,Oakland Raiders,1,2,2,12,0,Home,Kansas City Chiefs,17
Julius Thomas,Jacksonville Jaguars,1,6,2,12,0,Home,Houston Texans,17
Cameron Brate,Tampa Bay Buccaneers,1,2,1,10,0,Home,Carolina Panthers,17
Travis Kelce,Kansas City Chiefs,1,2,1,10,0,Away,Oakland Raiders,17
Troy Niklas,Arizona Cardinals,1,1,1,8,0,Away,Seattle Seahawks,17
Levine Toilolo,Atlanta Falcons,1,2,1,8,0,Away,New Orleans Saints,17
Darren Fells,Arizona Cardinals,1,2,1,7,0,Away,Seattle Seahawks,17
Blake Bell,San Francisco 49ers,1,2,1,5,0,Away,St. Louis Rams,17
Trey Burton,Philadelphia Eagles,1,1,1,5,0,Home,New York Giants,17
Josh Hill,New Orleans Saints,1,3,1,4,0,Home,Atlanta Falcons,17
Michael Hoomanawanui,New Orleans Saints,1,1,1,4,0,Home,Atlanta Falcons,17
Jack Doyle,Indianapolis Colts,1,1,1,3,0,Away,Tennessee Titans,17
Luke Stocker,Tampa Bay Buccaneers,1,1,1,3,0,Home,Carolina Panthers,17
Scott Chandler,New England Patriots,1,1,0,0,0,Home,Miami Dolphins,17
Jared Cook,St. Louis Rams,1,4,0,0,0,Home,San Francisco 49ers,17
Kellen Davis,New York Jets,1,1,0,0,0,Home,Buffalo Bills,17
Ed Dickson,Carolina Panthers,1,3,2,0,0,Away,Tampa Bay Buccaneers,17
Nick O'Leary,Buffalo Bills,1,1,0,0,0,Away,New York Jets,17
MyCole Pruitt,Minnesota Vikings,1,1,0,0,0,Home,Green Bay Packers,17
Andrew Quarless,Green Bay Packers,1,1,0,0,0,Away,Minnesota Vikings,17
Kyle Rudolph,Minnesota Vikings,1,1,0,0,0,Home,Green Bay Packers,17
Alex Smith,Washington Redskins,1,1,0,0,0,Home,Dallas Cowboys,17
Rhett Ellison,Minnesota Vikings,1,1,1,-2,0,Home,Green Bay Packers,17
Crockett Gillmore,Baltimore Ravens,1,6,5,88,2,Home,Oakland Raiders,2
Rob Gronkowski,New England Patriots,1,13,7,113,1,Home,Buffalo Bills,2
Anthony Fasano,Tennessee Titans,1,7,5,84,1,Home,Cleveland Browns,2
Tyler Eifert,Cincinnati Bengals,1,5,4,49,1,Away,San Diego Chargers,2
Eric Ebron,Detroit Lions,1,10,5,43,1,Home,Minnesota Vikings,2
Kyle Rudolph,Minnesota Vikings,1,7,5,30,1,Away,Detroit Lions,2
Larry Donnell,New York Giants,1,6,4,28,1,Away,Atlanta Falcons,2
Richard Rodgers,Green Bay Packers,1,4,3,23,1,Away,Seattle Seahawks,2
Jordan Reed,Washington Redskins,1,6,6,82,0,Away,St. Louis Rams,2
Charles Clay,Buffalo Bills,1,6,3,19,1,Away,New England Patriots,2
Jake Stoneburner,Miami Dolphins,1,2,2,18,1,Home,Jacksonville Jaguars,2
Jacob Tamme,Atlanta Falcons,1,6,4,77,0,Home,New York Giants,2
Heath Miller,Pittsburgh Steelers,1,2,2,15,1,Away,San Francisco 49ers,2
Virgil Green,Denver Broncos,1,3,2,12,1,Home,Kansas City Chiefs,2
Greg Olsen,Carolina Panthers,1,14,6,70,0,Away,Houston Texans,2
Garrett Graham,Houston Texans,1,5,1,7,1,Home,Carolina Panthers,2
Jordan Cameron,Miami Dolphins,1,4,3,62,0,Home,Jacksonville Jaguars,2
Vernon Davis,San Francisco 49ers,1,7,5,62,0,Home,Pittsburgh Steelers,2
Travis Kelce,Kansas City Chiefs,1,5,4,58,0,Away,Denver Broncos,2
Jason Witten,Dallas Cowboys,1,8,7,56,0,Home,Philadelphia Eagles,2
James O'Shaughnessy,Kansas City Chiefs,1,2,2,54,0,Away,Denver Broncos,2
Martellus Bennett,Chicago Bears,1,6,4,48,0,Away,Arizona Cardinals,2
Jared Cook,St. Louis Rams,1,7,5,47,0,Home,Washington Redskins,2
Ladarius Green,San Diego Chargers,1,6,5,47,0,Home,Cincinnati Bengals,2
Chase Coffman,Tennessee Titans,1,6,4,42,0,Home,Cleveland Browns,2
Luke Willson,Seattle Seahawks,1,4,2,36,0,Home,Green Bay Packers,2
Austin Seferian-Jenkins,Tampa Bay Buccaneers,1,3,2,29,0,Home,New Orleans Saints,2
Scott Chandler,New England Patriots,1,5,3,23,0,Home,Buffalo Bills,2
Owen Daniels,Denver Broncos,1,5,3,19,0,Home,Kansas City Chiefs,2
C.J. Fiedorowicz,Houston Texans,1,1,1,19,0,Home,Carolina Panthers,2
Gary Barnidge,Cleveland Browns,1,1,1,17,0,Away,Tennessee Titans,2
Zach Ertz,Philadelphia Eagles,1,7,3,17,0,Away,Dallas Cowboys,2
Gavin Escobar,Dallas Cowboys,1,3,2,16,0,Home,Philadelphia Eagles,2
Lance Kendricks,St. Louis Rams,1,2,1,15,0,Home,Washington Redskins,2
Mychal Rivera,Oakland Raiders,1,5,3,15,0,Away,Baltimore Ravens,2
Michael Williams,New England Patriots,1,1,1,15,0,Home,Buffalo Bills,2
Zach Miller,Chicago Bears,1,2,2,14,0,Away,Arizona Cardinals,2
Craig Stevens,Tennessee Titans,1,1,1,13,0,Home,Cleveland Browns,2
Ben Watson,New Orleans Saints,1,4,2,12,0,Away,Tampa Bay Buccaneers,2
Blake Bell,San Francisco 49ers,1,3,1,11,0,Home,Pittsburgh Steelers,2
Jimmy Graham,Seattle Seahawks,1,2,1,11,0,Home,Green Bay Packers,2
Garrett Celek,San Francisco 49ers,1,2,2,10,0,Home,Pittsburgh Steelers,2
Maxx Williams,Baltimore Ravens,1,1,1,8,0,Home,Oakland Raiders,2
Lee Smith,Oakland Raiders,1,1,1,6,0,Away,Baltimore Ravens,2
Jermaine Gresham,Arizona Cardinals,1,1,1,5,0,Home,Chicago Bears,2
Clive Walford,Oakland Raiders,1,2,1,4,0,Away,Baltimore Ravens,2
Jerome Cunningham,New York Giants,1,3,1,3,0,Away,Atlanta Falcons,2
Josh Hill,New Orleans Saints,1,4,1,2,0,Away,Tampa Bay Buccaneers,2
Matthew Mulligan,Buffalo Bills,1,1,1,2,0,Away,New England Patriots,2
Jeff Cumberland,New York Jets,1,0,0,0,0,Home,Indianapolis Colts,2
Coby Fleener,Indianapolis Colts,1,0,0,0,0,Away,New York Jets,2
Marcedes Lewis,Jacksonville Jaguars,1,4,0,0,0,Away,Miami Dolphins,2
Geoff Swaim,Dallas Cowboys,1,1,1,0,0,Home,Philadelphia Eagles,2
Greg Olsen,Carolina Panthers,1,11,8,134,2,Away,New Orleans Saints,3
Gary Barnidge,Cleveland Browns,1,10,6,105,1,Away,Oakland Raiders,3
Jimmy Graham,Seattle Seahawks,1,8,7,83,1,Away,Chicago Bears,3
Charles Clay,Buffalo Bills,1,7,5,82,1,Home,Miami Dolphins,3
Clay Harbor,Jacksonville Jaguars,1,5,3,43,1,Home,New England Patriots,3
Rob Gronkowski,New England Patriots,1,7,4,101,0,Away,Jacksonville Jaguars,3
Jordan Reed,Washington Redskins,1,9,6,96,0,Home,New York Giants,3
Owen Daniels,Denver Broncos,1,9,5,28,1,Home,Detroit Lions,3
Travis Kelce,Kansas City Chiefs,1,10,6,80,0,Home,Green Bay Packers,3
Delanie Walker,Tennessee Titans,1,10,7,68,0,Away,Indianapolis Colts,3
Jason Witten,Dallas Cowboys,1,8,6,65,0,Away,Atlanta Falcons,3
Eric Ebron,Detroit Lions,1,5,4,61,0,Away,Denver Broncos,3
Coby Fleener,Indianapolis Colts,1,6,4,51,0,Home,Tennessee Titans,3
Maxx Williams,Baltimore Ravens,1,7,3,44,0,Away,Cincinnati Bengals,3
Ben Watson,New Orleans Saints,1,4,4,42,0,Home,Carolina Panthers,3
Crockett Gillmore,Baltimore Ravens,1,3,3,40,0,Away,Cincinnati Bengals,3
John Phillips,San Diego Chargers,1,4,4,35,0,Home,Minnesota Vikings,3
Jermaine Gresham,Arizona Cardinals,1,3,2,34,0,Away,San Francisco 49ers,3
Larry Donnell,New York Giants,1,6,3,32,0,Away,Washington Redskins,3
Jack Doyle,Indianapolis Colts,1,3,3,32,0,Home,Tennessee Titans,3
Zach Ertz,Philadelphia Eagles,1,2,2,30,0,Home,New York Jets,3
Garrett Celek,San Francisco 49ers,1,3,3,29,0,Home,Arizona Cardinals,3
Craig Stevens,Tennessee Titans,1,2,2,29,0,Away,Indianapolis Colts,3
Daniel Fells,New York Giants,1,3,3,27,0,Away,Washington Redskins,3
Anthony Fasano,Tennessee Titans,1,2,1,26,0,Away,Indianapolis Colts,3
Virgil Green,Denver Broncos,1,1,1,26,0,Home,Detroit Lions,3
Scott Chandler,New England Patriots,1,2,2,25,0,Away,Jacksonville Jaguars,3
Zach Miller,Chicago Bears,1,1,1,21,0,Home,Seattle Seahawks,3
Nick Boyle,Baltimore Ravens,1,2,2,19,0,Away,Cincinnati Bengals,3
Ed Dickson,Carolina Panthers,1,3,2,19,0,Away,New Orleans Saints,3
Brandon Myers,Tampa Bay Buccaneers,1,4,3,18,0,Home,Houston Texans,3
Heath Miller,Pittsburgh Steelers,1,3,2,17,0,Home,St. Louis Rams,3
Jordan Cameron,Miami Dolphins,1,8,3,16,0,Away,Buffalo Bills,3
Martellus Bennett,Chicago Bears,1,5,4,15,0,Home,Seattle Seahawks,3
Richard Rodgers,Green Bay Packers,1,4,2,15,0,Away,Kansas City Chiefs,3
Andrew Quarless,Green Bay Packers,1,2,2,14,0,Away,Kansas City Chiefs,3
Kyle Rudolph,Minnesota Vikings,1,5,2,14,0,Away,San Diego Chargers,3
Darren Fells,Arizona Cardinals,1,2,1,13,0,Away,San Francisco 49ers,3
Jake Stoneburner,Miami Dolphins,1,1,1,13,0,Away,Buffalo Bills,3
Lance Kendricks,St. Louis Rams,1,5,2,12,0,Away,Pittsburgh Steelers,3
Jeff Cumberland,New York Jets,1,4,2,10,0,Away,Philadelphia Eagles,3
Josh Hill,New Orleans Saints,1,1,1,10,0,Home,Carolina Panthers,3
Garrett Graham,Houston Texans,1,1,1,9,0,Away,Tampa Bay Buccaneers,3
Lee Smith,Oakland Raiders,1,1,1,8,0,Home,Cleveland Browns,3
Jacob Tamme,Atlanta Falcons,1,1,1,8,0,Home,Dallas Cowboys,3
Jared Cook,St. Louis Rams,1,3,1,7,0,Away,Pittsburgh Steelers,3
Levine Toilolo,Atlanta Falcons,1,1,1,6,0,Home,Dallas Cowboys,3
David Johnson,San Diego Chargers,1,0,0,0,0,Home,Minnesota Vikings,3
Blake Bell,San Francisco 49ers,1,1,1,0,0,Home,Arizona Cardinals,3
Tyler Eifert,Cincinnati Bengals,1,3,0,0,0,Home,Baltimore Ravens,3
Marcedes Lewis,Jacksonville Jaguars,1,2,0,0,0,Home,New England Patriots,3
Martellus Bennett,Chicago Bears,1,13,11,83,1,Away,Oakland Raiders,4
Coby Fleener,Indianapolis Colts,1,12,9,83,1,Away,Jacksonville Jaguars,4
Gary Barnidge,Cleveland Browns,1,6,6,75,1,Home,San Diego Chargers,4
Ladarius Green,San Diego Chargers,1,6,4,53,1,Away,Cleveland Browns,4
Charles Clay,Buffalo Bills,1,13,9,111,0,Away,New York Giants,4
Richard Rodgers,Green Bay Packers,1,6,5,45,1,Home,San Francisco 49ers,4
C.J. Fiedorowicz,Houston Texans,1,3,3,28,1,Home,Atlanta Falcons,4
Jake Stoneburner,Miami Dolphins,1,2,2,16,1,Away,New York Jets,4
Josh Hill,New Orleans Saints,1,2,2,11,1,Away,Dallas Cowboys,4
Brent Celek,Philadelphia Eagles,1,2,1,10,1,Home,Washington Redskins,4
Owen Daniels,Denver Broncos,1,5,2,9,1,Away,Minnesota Vikings,4
Tyler Eifert,Cincinnati Bengals,1,4,3,69,0,Away,Kansas City Chiefs,4
John Phillips,San Diego Chargers,1,2,1,1,1,Away,Cleveland Browns,4
Jason Witten,Dallas Cowboys,1,6,4,57,0,Home,New Orleans Saints,4
Travis Kelce,Kansas City Chiefs,1,7,5,49,0,Home,Cincinnati Bengals,4
Marcedes Lewis,Jacksonville Jaguars,1,8,5,40,0,Home,Indianapolis Colts,4
Larry Donnell,New York Giants,1,7,5,38,0,Home,Buffalo Bills,4
Jordan Reed,Washington Redskins,1,8,5,37,0,Away,Philadelphia Eagles,4
Clay Harbor,Jacksonville Jaguars,1,6,4,31,0,Home,Indianapolis Colts,4
Ben Watson,New Orleans Saints,1,3,3,30,0,Away,Dallas Cowboys,4
Jimmy Graham,Seattle Seahawks,1,5,4,29,0,Away,Detroit Lions,4
Greg Olsen,Carolina Panthers,1,6,2,28,0,Home,Tampa Bay Buccaneers,4
Garrett Celek,San Francisco 49ers,1,5,3,26,0,Away,Green Bay Packers,4
Tim Wright,Detroit Lions,1,2,1,26,0,Home,Seattle Seahawks,4
Jared Cook,St. Louis Rams,1,6,3,22,0,Home,Arizona Cardinals,4
Eric Ebron,Detroit Lions,1,3,2,22,0,Home,Seattle Seahawks,4
Jordan Cameron,Miami Dolphins,1,9,2,19,0,Away,New York Jets,4
Derek Carrier,Washington Redskins,1,2,2,18,0,Away,Philadelphia Eagles,4
Darren Fells,Arizona Cardinals,1,1,1,17,0,Away,St. Louis Rams,4
Darren Waller,Baltimore Ravens,1,2,1,17,0,Home,Pittsburgh Steelers,4
Maxx Williams,Baltimore Ravens,1,4,2,17,0,Home,Pittsburgh Steelers,4
Chris Gragg,Buffalo Bills,1,1,1,15,0,Away,New York Giants,4
Luke Willson,Seattle Seahawks,1,3,2,15,0,Away,Detroit Lions,4
Lee Smith,Oakland Raiders,1,2,2,14,0,Home,Chicago Bears,4
Nick Boyle,Baltimore Ravens,1,4,3,12,0,Home,Pittsburgh Steelers,4
Mychal Rivera,Oakland Raiders,1,3,2,12,0,Home,Chicago Bears,4
Ed Dickson,Carolina Panthers,1,2,1,11,0,Home,Tampa Bay Buccaneers,4
Zach Ertz,Philadelphia Eagles,1,3,2,11,0,Home,Washington Redskins,4
Jermaine Gresham,Arizona Cardinals,1,3,1,8,0,Away,St. Louis Rams,4
Brandon Myers,Tampa Bay Buccaneers,1,3,1,8,0,Away,Carolina Panthers,4
James O'Shaughnessy,Kansas City Chiefs,1,1,1,8,0,Home,Cincinnati Bengals,4
Cameron Brate,Tampa Bay Buccaneers,1,1,1,7,0,Away,Carolina Panthers,4
James Hanna,Dallas Cowboys,1,1,1,7,0,Home,New Orleans Saints,4
Vance McDonald,San Francisco 49ers,1,2,1,7,0,Away,Green Bay Packers,4
Kyle Rudolph,Minnesota Vikings,1,4,2,7,0,Home,Denver Broncos,4
Garrett Graham,Houston Texans,1,6,1,6,0,Home,Atlanta Falcons,4
Cory Harkey,St. Louis Rams,1,1,1,4,0,Home,Arizona Cardinals,4
MarQueis Gray,Buffalo Bills,1,1,1,2,0,Away,New York Giants,4
Heath Miller,Pittsburgh Steelers,1,2,1,1,0,Away,Baltimore Ravens,4
Jeff Cumberland,New York Jets,1,0,0,0,0,Home,Miami Dolphins,4
Gavin Escobar,Dallas Cowboys,1,1,0,0,0,Home,New Orleans Saints,4
David Johnson,San Diego Chargers,1,1,0,0,0,Away,Cleveland Browns,4
Lance Kendricks,St. Louis Rams,1,2,0,0,0,Home,Arizona Cardinals,4
MyCole Pruitt,Minnesota Vikings,1,1,0,0,0,Home,Denver Broncos,4
Levine Toilolo,Atlanta Falcons,1,0,0,0,0,Away,Houston Texans,4
Will Tye,New York Giants,1,1,0,0,0,Home,Buffalo Bills,4
Clive Walford,Oakland Raiders,1,1,0,0,0,Home,Chicago Bears,4
Antonio Gates,San Diego Chargers,1,11,9,92,2,Away,Pittsburgh Steelers,5
Tyler Eifert,Cincinnati Bengals,1,12,8,90,2,Away,Seattle Seahawks,5
Gary Barnidge,Cleveland Browns,1,10,8,139,1,Home,Baltimore Ravens,5
Brent Celek,Philadelphia Eagles,1,3,3,44,1,Away,New Orleans Saints,5
Ben Watson,New Orleans Saints,1,5,3,36,1,Home,Philadelphia Eagles,5
Larry Donnell,New York Giants,1,7,6,35,1,Away,San Francisco 49ers,5
Jacob Tamme,Atlanta Falcons,1,10,8,94,0,Away,Washington Redskins,5
Derek Carrier,Washington Redskins,1,3,2,27,1,Home,Atlanta Falcons,5
Garrett Celek,San Francisco 49ers,1,5,3,26,1,Home,New York Giants,5
Darren Fells,Arizona Cardinals,1,2,2,25,1,Home,Detroit Lions,5
Rob Gronkowski,New England Patriots,1,5,4,67,0,Home,Dallas Cowboys,5
Zach Ertz,Philadelphia Eagles,1,7,5,60,0,Away,New Orleans Saints,5
Ladarius Green,San Diego Chargers,1,5,5,50,0,Away,Pittsburgh Steelers,5
Will Tye,New York Giants,1,4,4,48,0,Away,San Francisco 49ers,5
Heath Miller,Pittsburgh Steelers,1,3,3,46,0,Home,San Diego Chargers,5
Richard Rodgers,Green Bay Packers,1,8,6,45,0,Away,St. Louis Rams,5
Delanie Walker,Tennessee Titans,1,6,4,36,0,Away,Buffalo Bills,5
Travis Kelce,Kansas City Chiefs,1,6,3,35,0,Away,Chicago Bears,5
Brandon Myers,Tampa Bay Buccaneers,1,2,2,34,0,Away,Jacksonville Jaguars,5
Mychal Rivera,Oakland Raiders,1,3,3,33,0,Away,Denver Broncos,5
Clive Walford,Oakland Raiders,1,1,1,33,0,Away,Denver Broncos,5
Jason Witten,Dallas Cowboys,1,6,5,33,0,Away,New England Patriots,5
Martellus Bennett,Chicago Bears,1,11,4,32,0,Home,Kansas City Chiefs,5
Jimmy Graham,Seattle Seahawks,1,5,3,30,0,Home,Cincinnati Bengals,5
Brandon Pettigrew,Detroit Lions,1,5,3,29,0,Away,Arizona Cardinals,5
Nick Boyle,Baltimore Ravens,1,3,3,27,0,Away,Cleveland Browns,5
Dwayne Allen,Indianapolis Colts,1,1,1,21,0,Home,Houston Texans,5
Julius Thomas,Jacksonville Jaguars,1,2,2,20,0,Home,Tampa Bay Buccaneers,5
Luke Willson,Seattle Seahawks,1,3,2,17,0,Home,Cincinnati Bengals,5
Lance Kendricks,St. Louis Rams,1,3,2,16,0,Home,Green Bay Packers,5
Tim Wright,Detroit Lions,1,5,3,12,0,Away,Arizona Cardinals,5
Coby Fleener,Indianapolis Colts,1,3,2,9,0,Home,Houston Texans,5
Vance McDonald,San Francisco 49ers,1,3,2,9,0,Home,New York Giants,5
Jared Cook,St. Louis Rams,1,6,1,8,0,Home,Green Bay Packers,5
Garrett Graham,Houston Texans,1,1,1,8,0,Away,Indianapolis Colts,5
Charles Clay,Buffalo Bills,1,3,1,7,0,Home,Tennessee Titans,5
Jim Dray,Cleveland Browns,1,1,1,7,0,Home,Baltimore Ravens,5
Blake Bell,San Francisco 49ers,1,1,1,6,0,Home,New York Giants,5
Robert Housler,Cleveland Browns,1,1,1,6,0,Home,Baltimore Ravens,5
C.J. Fiedorowicz,Houston Texans,1,1,1,4,0,Away,Indianapolis Colts,5
Michael Hoomanawanui,New Orleans Saints,1,2,2,4,0,Home,Philadelphia Eagles,5
Craig Stevens,Tennessee Titans,1,2,1,1,0,Away,Buffalo Bills,5
Darren Waller,Baltimore Ravens,1,2,1,1,0,Away,Cleveland Browns,5
Owen Daniels,Denver Broncos,1,5,0,0,0,Home,Oakland Raiders,5
Jack Doyle,Indianapolis Colts,1,2,1,0,0,Home,Houston Texans,5
Gavin Escobar,Dallas Cowboys,1,2,0,0,0,Away,New England Patriots,5
Anthony Fasano,Tennessee Titans,1,1,0,0,0,Away,Buffalo Bills,5
Jermaine Gresham,Arizona Cardinals,1,1,0,0,0,Home,Detroit Lions,5
Josh Hill,New Orleans Saints,1,1,0,0,0,Home,Philadelphia Eagles,5
Khari Lee,Chicago Bears,1,1,0,0,0,Home,Kansas City Chiefs,5
Marcedes Lewis,Jacksonville Jaguars,1,4,0,0,0,Home,Tampa Bay Buccaneers,5
Zach Miller,Chicago Bears,1,1,0,0,0,Home,Kansas City Chiefs,5
Matt Spaeth,Pittsburgh Steelers,1,1,0,0,0,Home,San Diego Chargers,5
Maxx Williams,Baltimore Ravens,1,1,1,0,0,Away,Cleveland Browns,5
Greg Olsen,Carolina Panthers,1,11,7,131,1,Home,Seattle Seahawks,6
Ben Watson,New Orleans Saints,1,12,10,127,1,Away,Atlanta Falcons,6
Gary Barnidge,Cleveland Browns,1,9,3,39,2,Away,Denver Broncos,6
Jimmy Graham,Seattle Seahawks,1,12,8,140,0,Away,Carolina Panthers,6
Julius Thomas,Jacksonville Jaguars,1,13,7,78,1,Away,Houston Texans,6
Rob Gronkowski,New England Patriots,1,5,3,50,1,Home,Indianapolis Colts,6
Delanie Walker,Tennessee Titans,1,10,8,97,0,Away,Miami Dolphins,6
Antonio Gates,San Diego Chargers,1,16,9,95,0,Home,Green Bay Packers,6
Ladarius Green,San Diego Chargers,1,4,3,35,1,Home,Green Bay Packers,6
Dion Sims,Miami Dolphins,1,4,4,33,1,Home,Tennessee Titans,6
Jordan Cameron,Miami Dolphins,1,8,3,30,1,Home,Tennessee Titans,6
Tyler Eifert,Cincinnati Bengals,1,4,4,30,1,Home,Buffalo Bills,6
Travis Kelce,Kansas City Chiefs,1,7,5,88,0,Home,Minnesota Vikings,6
Tim Wright,Detroit Lions,1,6,3,17,1,Away,Chicago Bears,6
Kyle Rudolph,Minnesota Vikings,1,5,2,9,1,Away,Kansas City Chiefs,6
Charles Clay,Buffalo Bills,1,13,9,62,0,Away,Cincinnati Bengals,6
Martellus Bennett,Chicago Bears,1,11,6,59,0,Home,Detroit Lions,6
Chris Gragg,Buffalo Bills,1,5,5,54,0,Away,Cincinnati Bengals,6
Zach Ertz,Philadelphia Eagles,1,7,4,43,0,Away,New York Giants,6
Derek Carrier,Washington Redskins,1,4,4,39,0,Home,New York Jets,6
Scott Chandler,New England Patriots,1,3,2,39,0,Home,Indianapolis Colts,6
Josh Hill,New Orleans Saints,1,5,3,38,0,Away,Atlanta Falcons,6
Richard Rodgers,Green Bay Packers,1,5,2,34,0,Away,San Diego Chargers,6
Jacob Tamme,Atlanta Falcons,1,5,3,32,0,Home,New Orleans Saints,6
Crockett Gillmore,Baltimore Ravens,1,6,3,30,0,Home,San Francisco 49ers,6
Larry Donnell,New York Giants,1,5,3,29,0,Home,Philadelphia Eagles,6
Owen Daniels,Denver Broncos,1,3,2,24,0,Home,Cleveland Browns,6
Ed Dickson,Carolina Panthers,1,4,3,24,0,Home,Seattle Seahawks,6
Maxx Williams,Baltimore Ravens,1,4,4,24,0,Home,San Francisco 49ers,6
Dwayne Allen,Indianapolis Colts,1,3,3,23,0,Away,New England Patriots,6
James O'Shaughnessy,Kansas City Chiefs,1,3,2,23,0,Home,Minnesota Vikings,6
Will Tye,New York Giants,1,3,2,22,0,Home,Philadelphia Eagles,6
Justin Perillo,Green Bay Packers,1,2,1,21,0,Away,San Diego Chargers,6
Coby Fleener,Indianapolis Colts,1,6,3,20,0,Away,New England Patriots,6
Levine Toilolo,Atlanta Falcons,1,3,2,18,0,Home,New Orleans Saints,6
Ryan Hewitt,Cincinnati Bengals,1,2,1,16,0,Home,Buffalo Bills,6
Luke Willson,Seattle Seahawks,1,1,1,16,0,Away,Carolina Panthers,6
Demetrius Harris,Kansas City Chiefs,1,2,2,15,0,Home,Minnesota Vikings,6
Troy Niklas,Arizona Cardinals,1,1,1,13,0,Home,Pittsburgh Steelers,6
Rhett Ellison,Minnesota Vikings,1,2,1,11,0,Away,Kansas City Chiefs,6
Vance McDonald,San Francisco 49ers,1,1,1,10,0,Away,Baltimore Ravens,6
Darren Fells,Arizona Cardinals,1,2,1,9,0,Home,Pittsburgh Steelers,6
C.J. Fiedorowicz,Houston Texans,1,2,1,8,0,Home,Jacksonville Jaguars,6
Marcedes Lewis,Jacksonville Jaguars,1,2,1,8,0,Away,Houston Texans,6
Jack Doyle,Indianapolis Colts,1,2,2,7,0,Away,New England Patriots,6
Heath Miller,Pittsburgh Steelers,1,1,1,5,0,Away,Arizona Cardinals,6
Anthony Fasano,Tennessee Titans,1,3,2,1,0,Away,Miami Dolphins,6
Garrett Celek,San Francisco 49ers,1,2,0,0,0,Away,Baltimore Ravens,6
Kellen Davis,New York Jets,1,1,0,0,0,Away,Washington Redskins,6
Vernon Davis,San Francisco 49ers,1,1,0,0,0,Away,Baltimore Ravens,6
Jermaine Gresham,Arizona Cardinals,1,1,0,0,0,Home,Pittsburgh Steelers,6
Michael Hoomanawanui,New Orleans Saints,1,1,0,0,0,Away,Atlanta Falcons,6
Malcolm Johnson,Cleveland Browns,1,1,1,0,0,Away,Denver Broncos,6
Jordan Reed,Washington Redskins,1,13,11,72,2,Away,Tampa Bay Buccaneers,7
Rob Gronkowski,New England Patriots,1,16,11,108,1,Away,New York Jets,7
Eric Ebron,Detroit Lions,1,5,5,89,1,Away,Minnesota Vikings,7
Ladarius Green,San Diego Chargers,1,9,4,45,1,Away,Oakland Raiders,7
Clive Walford,Oakland Raiders,1,2,2,42,1,Home,San Diego Chargers,7
Gary Barnidge,Cleveland Browns,1,7,6,101,0,Home,St. Louis Rams,7
Michael Hoomanawanui,New Orleans Saints,1,5,5,31,1,Home,Indianapolis Colts,7
Travis Kelce,Kansas City Chiefs,1,6,5,73,0,Away,Pittsburgh Steelers,7
Jason Witten,Dallas Cowboys,1,8,6,73,0,Home,New York Giants,7
Kyle Rudolph,Minnesota Vikings,1,2,2,10,1,Home,Detroit Lions,7
Greg Olsen,Carolina Panthers,1,5,3,65,0,Away,Philadelphia Eagles,7
Zach Ertz,Philadelphia Eagles,1,8,5,63,0,Home,Carolina Panthers,7
Jermaine Gresham,Arizona Cardinals,1,6,4,62,0,Away,Baltimore Ravens,7
Vernon Davis,San Francisco 49ers,1,6,4,61,0,Away,Seattle Seahawks,7
Ben Watson,New Orleans Saints,1,5,4,59,0,Home,Indianapolis Colts,7
Delanie Walker,Tennessee Titans,1,9,7,55,0,Away,Atlanta Falcons,7
Crockett Gillmore,Baltimore Ravens,1,7,5,53,0,Home,Arizona Cardinals,7
Coby Fleener,Indianapolis Colts,1,5,3,47,0,Away,New Orleans Saints,7
Jacob Tamme,Atlanta Falcons,1,6,3,36,0,Home,Tennessee Titans,7
Chris Gragg,Buffalo Bills,1,7,2,35,0,Home,Jacksonville Jaguars,7
Scott Chandler,New England Patriots,1,2,2,34,0,Away,New York Jets,7
Jimmy Graham,Seattle Seahawks,1,5,2,31,0,Home,San Francisco 49ers,7
Charles Clay,Buffalo Bills,1,5,3,26,0,Home,Jacksonville Jaguars,7
Jordan Cameron,Miami Dolphins,1,2,2,23,0,Away,Houston Texans,7
Luke Stocker,Tampa Bay Buccaneers,1,4,3,22,0,Home,Washington Redskins,7
Anthony Fasano,Tennessee Titans,1,4,3,21,0,Away,Atlanta Falcons,7
Nick Boyle,Baltimore Ravens,1,2,2,20,0,Home,Arizona Cardinals,7
Jared Cook,St. Louis Rams,1,4,2,19,0,Away,Cleveland Browns,7
Larry Donnell,New York Giants,1,5,4,18,0,Away,Dallas Cowboys,7
Jeff Cumberland,New York Jets,1,3,1,16,0,Home,New England Patriots,7
Derek Carrier,Washington Redskins,1,2,2,15,0,Away,Tampa Bay Buccaneers,7
Marcedes Lewis,Jacksonville Jaguars,1,2,2,13,0,Away,Buffalo Bills,7
MyCole Pruitt,Minnesota Vikings,1,1,1,13,0,Home,Detroit Lions,7
Tim Wright,Detroit Lions,1,1,1,13,0,Away,Minnesota Vikings,7
Brent Celek,Philadelphia Eagles,1,3,2,11,0,Home,Carolina Panthers,7
Tony Moeaki,Atlanta Falcons,1,1,1,11,0,Home,Tennessee Titans,7
Mychal Rivera,Oakland Raiders,1,3,2,11,0,Home,San Diego Chargers,7
Dwayne Allen,Indianapolis Colts,1,1,1,10,0,Away,New Orleans Saints,7
Jim Dray,Cleveland Browns,1,2,2,10,0,Home,St. Louis Rams,7
Garrett Celek,San Francisco 49ers,1,1,1,8,0,Away,Seattle Seahawks,7
Cameron Brate,Tampa Bay Buccaneers,1,1,1,6,0,Home,Washington Redskins,7
James Hanna,Dallas Cowboys,1,1,1,6,0,Home,New York Giants,7
John Phillips,San Diego Chargers,1,1,1,5,0,Away,Oakland Raiders,7
Cory Harkey,St. Louis Rams,1,1,1,4,0,Away,Cleveland Browns,7
Julius Thomas,Jacksonville Jaguars,1,5,1,4,0,Away,Buffalo Bills,7
Michael Williams,New England Patriots,1,2,1,4,0,Away,New York Jets,7
James O'Shaughnessy,Kansas City Chiefs,1,2,1,2,0,Away,Pittsburgh Steelers,7
Vance McDonald,San Francisco 49ers,1,1,1,1,0,Away,Seattle Seahawks,7
Lee Smith,Oakland Raiders,1,2,2,1,0,Home,San Diego Chargers,7
C.J. Fiedorowicz,Houston Texans,1,2,0,0,0,Home,Miami Dolphins,7
Garrett Graham,Houston Texans,1,4,0,0,0,Home,Miami Dolphins,7
Josh Hill,New Orleans Saints,1,1,0,0,0,Home,Indianapolis Colts,7
Nic Jacobs,Jacksonville Jaguars,1,1,0,0,0,Away,Buffalo Bills,7
Heath Miller,Pittsburgh Steelers,1,2,0,0,0,Home,Kansas City Chiefs,7
Brandon Myers,Tampa Bay Buccaneers,1,1,0,0,0,Home,Washington Redskins,7
Will Tye,New York Giants,1,2,0,0,0,Away,Dallas Cowboys,7
Dion Sims,Miami Dolphins,1,2,1,-3,0,Away,Houston Texans,7
Ben Watson,New Orleans Saints,1,10,9,147,1,Away,New York Giants,8
Rob Gronkowski,New England Patriots,1,9,6,113,1,Away,Miami Dolphins,8
Jacob Tamme,Atlanta Falcons,1,12,10,103,1,Away,Tampa Bay Buccaneers,8
Greg Olsen,Carolina Panthers,1,12,6,79,1,Away,Indianapolis Colts,8
Troy Niklas,Arizona Cardinals,1,2,2,12,2,Home,Cleveland Browns,8
Gary Barnidge,Cleveland Browns,1,11,7,53,1,Away,Arizona Cardinals,8
Travis Kelce,Kansas City Chiefs,1,8,6,49,1,Away,Detroit Lions,8
Cameron Brate,Tampa Bay Buccaneers,1,2,2,48,1,Home,Atlanta Falcons,8
Heath Miller,Pittsburgh Steelers,1,13,10,105,0,Away,Cincinnati Bengals,8
Coby Fleener,Indianapolis Colts,1,11,7,43,1,Home,Carolina Panthers,8
Luke Willson,Seattle Seahawks,1,2,2,41,1,Home,Dallas Cowboys,8
Jimmy Graham,Seattle Seahawks,1,10,7,75,0,Home,Dallas Cowboys,8
Crockett Gillmore,Baltimore Ravens,1,4,2,8,1,Away,San Diego Chargers,8
Delanie Walker,Tennessee Titans,1,6,6,62,0,Home,Houston Texans,8
Kellen Davis,New York Jets,1,1,1,1,1,Home,Oakland Raiders,8
Virgil Green,Denver Broncos,1,3,3,61,0,Away,Green Bay Packers,8
Jared Cook,St. Louis Rams,1,3,2,57,0,Away,San Francisco 49ers,8
Antonio Gates,San Diego Chargers,1,5,4,56,0,Home,Baltimore Ravens,8
Owen Daniels,Denver Broncos,1,3,3,44,0,Away,Green Bay Packers,8
Tyler Eifert,Cincinnati Bengals,1,8,4,39,0,Home,Pittsburgh Steelers,8
Jordan Cameron,Miami Dolphins,1,5,2,34,0,Home,New England Patriots,8
Martellus Bennett,Chicago Bears,1,5,3,32,0,Away,Minnesota Vikings,8
Brandon Myers,Tampa Bay Buccaneers,1,3,3,32,0,Home,Atlanta Falcons,8
Vernon Davis,San Francisco 49ers,1,8,6,24,0,Home,St. Louis Rams,8
Eric Ebron,Detroit Lions,1,5,3,24,0,Home,Kansas City Chiefs,8
Larry Donnell,New York Giants,1,1,1,22,0,Home,New Orleans Saints,8
Ryan Hewitt,Cincinnati Bengals,1,1,1,22,0,Home,Pittsburgh Steelers,8
Kyle Rudolph,Minnesota Vikings,1,2,2,22,0,Home,Chicago Bears,8
Jermaine Gresham,Arizona Cardinals,1,4,2,19,0,Home,Cleveland Browns,8
Richard Rodgers,Green Bay Packers,1,4,2,16,0,Home,Denver Broncos,8
Jason Witten,Dallas Cowboys,1,4,2,16,0,Away,Seattle Seahawks,8
Nick Boyle,Baltimore Ravens,1,2,1,15,0,Away,San Diego Chargers,8
C.J. Fiedorowicz,Houston Texans,1,2,2,15,0,Away,Tennessee Titans,8
MyCole Pruitt,Minnesota Vikings,1,3,2,15,0,Home,Chicago Bears,8
Vance McDonald,San Francisco 49ers,1,2,1,13,0,Home,St. Louis Rams,8
Clive Walford,Oakland Raiders,1,3,2,13,0,Away,New York Jets,8
John Phillips,San Diego Chargers,1,2,2,11,0,Home,Baltimore Ravens,8
Ladarius Green,San Diego Chargers,1,1,1,10,0,Home,Baltimore Ravens,8
Scott Chandler,New England Patriots,1,2,1,9,0,Away,Miami Dolphins,8
Anthony Fasano,Tennessee Titans,1,1,1,9,0,Home,Houston Texans,8
Craig Stevens,Tennessee Titans,1,1,1,9,0,Home,Houston Texans,8
Jeff Cumberland,New York Jets,1,3,1,7,0,Home,Oakland Raiders,8
Lance Kendricks,St. Louis Rams,1,2,2,7,0,Away,San Francisco 49ers,8
Levine Toilolo,Atlanta Falcons,1,1,1,7,0,Away,Tampa Bay Buccaneers,8
Will Tye,New York Giants,1,2,2,7,0,Home,New Orleans Saints,8
Justin Perillo,Green Bay Packers,1,1,1,6,0,Home,Denver Broncos,8
Dion Sims,Miami Dolphins,1,1,1,6,0,Home,New England Patriots,8
Lee Smith,Oakland Raiders,1,1,1,6,0,Away,New York Jets,8
Josh Hill,New Orleans Saints,1,2,1,5,0,Away,New York Giants,8
Dwayne Allen,Indianapolis Colts,1,3,1,4,0,Home,Carolina Panthers,8
Matt Spaeth,Pittsburgh Steelers,1,1,1,4,0,Away,Cincinnati Bengals,8
Garrett Celek,San Francisco 49ers,1,1,0,0,0,Home,St. Louis Rams,8
Jim Dray,Cleveland Browns,1,2,0,0,0,Away,Arizona Cardinals,8
Garrett Graham,Houston Texans,1,1,0,0,0,Away,Tennessee Titans,8
James Hanna,Dallas Cowboys,1,2,1,0,0,Away,Seattle Seahawks,8
Demetrius Harris,Kansas City Chiefs,1,1,0,0,0,Away,Detroit Lions,8
Michael Hoomanawanui,New Orleans Saints,1,1,0,0,0,Away,New York Giants,8
Brandon Pettigrew,Detroit Lions,1,1,0,0,0,Home,Kansas City Chiefs,8
Luke Stocker,Tampa Bay Buccaneers,1,1,0,0,0,Home,Atlanta Falcons,8
Tyler Eifert,Cincinnati Bengals,1,6,5,53,3,Away,Cleveland Browns,9
Delanie Walker,Tennessee Titans,1,8,7,95,2,Home,New Orleans Saints,9
Owen Daniels,Denver Broncos,1,9,6,102,1,Home,Indianapolis Colts,9
Richard Rodgers,Green Bay Packers,1,9,5,19,2,Home,Carolina Panthers,9
Garrett Celek,San Francisco 49ers,1,2,2,12,2,Away,Atlanta Falcons,9
Greg Olsen,Carolina Panthers,1,7,4,66,1,Away,Green Bay Packers,9
Martellus Bennett,Chicago Bears,1,9,8,57,1,Home,San Diego Chargers,9
Anthony Fasano,Tennessee Titans,1,3,3,33,1,Home,New Orleans Saints,9
Zach Miller,Chicago Bears,1,2,2,23,1,Home,San Diego Chargers,9
Josh Hill,New Orleans Saints,1,2,2,21,1,Away,Tennessee Titans,9
Jack Doyle,Indianapolis Colts,1,2,2,18,1,Away,Denver Broncos,9
Jordan Reed,Washington Redskins,1,7,3,18,1,Home,New England Patriots,9
Jesse James,Pittsburgh Steelers,1,2,2,13,1,Away,Oakland Raiders,9
Antonio Gates,San Diego Chargers,1,11,6,69,0,Away,Chicago Bears,9
Michael Hoomanawanui,New Orleans Saints,1,3,1,1,1,Away,Tennessee Titans,9
Jacob Tamme,Atlanta Falcons,1,10,6,61,0,Home,San Francisco 49ers,9
Clive Walford,Oakland Raiders,1,5,1,1,1,Home,Pittsburgh Steelers,9
Ben Watson,New Orleans Saints,1,5,5,60,0,Away,Tennessee Titans,9
Rob Gronkowski,New England Patriots,1,5,4,47,0,Away,Washington Redskins,9
Jeff Cumberland,New York Jets,1,3,1,44,0,Away,Jacksonville Jaguars,9
Zach Ertz,Philadelphia Eagles,1,6,5,44,0,Home,Dallas Cowboys,9
Jason Witten,Dallas Cowboys,1,8,6,43,0,Away,Philadelphia Eagles,9
Gary Barnidge,Cleveland Browns,1,7,2,35,0,Home,Cincinnati Bengals,9
Heath Miller,Pittsburgh Steelers,1,6,3,32,0,Away,Oakland Raiders,9
Kyle Rudolph,Minnesota Vikings,1,2,2,30,0,Away,St. Louis Rams,9
Marcedes Lewis,Jacksonville Jaguars,1,1,1,27,0,Home,New York Jets,9
Lance Kendricks,St. Louis Rams,1,2,2,25,0,Home,Minnesota Vikings,9
Craig Stevens,Tennessee Titans,1,3,2,25,0,Home,New Orleans Saints,9
Coby Fleener,Indianapolis Colts,1,6,4,22,0,Away,Denver Broncos,9
Vance McDonald,San Francisco 49ers,1,5,2,19,0,Away,Atlanta Falcons,9
Will Tye,New York Giants,1,6,2,19,0,Home,Tampa Bay Buccaneers,9
Cameron Brate,Tampa Bay Buccaneers,1,1,1,17,0,Away,New York Giants,9
Mychal Rivera,Oakland Raiders,1,3,2,16,0,Home,Pittsburgh Steelers,9
Julius Thomas,Jacksonville Jaguars,1,8,3,14,0,Home,New York Jets,9
Jim Dray,Cleveland Browns,1,1,1,13,0,Home,Cincinnati Bengals,9
Virgil Green,Denver Broncos,1,1,1,13,0,Home,Indianapolis Colts,9
Rhett Ellison,Minnesota Vikings,1,3,2,11,0,Away,St. Louis Rams,9
Jared Cook,St. Louis Rams,1,3,1,10,0,Home,Minnesota Vikings,9
Jerome Cunningham,New York Giants,1,2,2,10,0,Home,Tampa Bay Buccaneers,9
Lee Smith,Oakland Raiders,1,2,1,10,0,Home,Pittsburgh Steelers,9
Dion Sims,Miami Dolphins,1,3,1,9,0,Home,Buffalo Bills,9
Jordan Cameron,Miami Dolphins,1,1,1,6,0,Home,Buffalo Bills,9
Charles Clay,Buffalo Bills,1,1,1,6,0,Away,Miami Dolphins,9
Ed Dickson,Carolina Panthers,1,2,1,6,0,Away,Green Bay Packers,9
Nic Jacobs,Jacksonville Jaguars,1,1,1,6,0,Home,New York Jets,9
MyCole Pruitt,Minnesota Vikings,1,2,1,6,0,Away,St. Louis Rams,9
Scott Chandler,New England Patriots,1,3,1,5,0,Away,Washington Redskins,9
Levine Toilolo,Atlanta Falcons,1,1,1,1,0,Home,San Francisco 49ers,9
Dwayne Allen,Indianapolis Colts,1,3,0,0,0,Away,Denver Broncos,9
Derek Carrier,Washington Redskins,1,2,0,0,0,Home,New England Patriots,9
Kellen Davis,New York Jets,1,1,0,0,0,Away,Jacksonville Jaguars,9
Vernon Davis,Denver Broncos,1,1,0,0,0,Home,Indianapolis Colts,9
James Hanna,Dallas Cowboys,1,1,0,0,0,Away,Philadelphia Eagles,9
