Player,Team,G,ReceivingTarget,ReceivingRec,ReceivingYard,ReceivingTD,Home or Away,Opponent,Week
John Carlson,Minnesota Vikings,1,7,7,98,1,Away,Washington Redskins,10
Julius Thomas,Denver Broncos,1,5,3,96,1,Home,San Diego Chargers,10
Jordan Reed,Washington Redskins,1,9,6,62,1,Home,Minnesota Vikings,10
Delanie Walker,Tennessee Titans,1,8,4,62,1,Away,Jacksonville Jaguars,10
Robert Housler,Arizona Cardinals,1,5,4,57,1,Away,Houston Texans,10
Brandon Bostick,Green Bay Packers,1,3,3,42,1,Away,Philadelphia Eagles,10
Chris Gragg,Buffalo Bills,1,6,4,25,1,Home,Pittsburgh Steelers,10
Brandon Pettigrew,Detroit Lions,1,5,5,70,0,Home,Chicago Bears,10
Taylor Thompson,Tennessee Titans,1,1,1,9,1,Away,Jacksonville Jaguars,10
Logan Paulsen,Washington Redskins,1,3,2,3,1,Home,Minnesota Vikings,10
Antonio Gates,San Diego Chargers,1,8,4,62,0,Away,Denver Broncos,10
Ryan Griffin,Houston Texans,1,1,1,2,1,Home,Arizona Cardinals,10
Dallas Clark,Baltimore Ravens,1,2,1,1,1,Away,Cincinnati Bengals,10
Jimmy Graham,New Orleans Saints,1,5,5,59,0,Away,Dallas Cowboys,10
Tyler Eifert,Cincinnati Bengals,1,10,3,55,0,Home,Baltimore Ravens,10
Marcedes Lewis,Jacksonville Jaguars,1,6,3,39,0,Home,Tennessee Titans,10
Coby Fleener,Indianapolis Colts,1,10,4,33,0,Away,St. Louis Rams,10
Martellus Bennett,Chicago Bears,1,6,4,29,0,Away,Detroit Lions,10
Tony Gonzalez,Atlanta Falcons,1,5,3,29,0,Away,Seattle Seahawks,10
Ed Dickson,Baltimore Ravens,1,4,3,28,0,Away,Cincinnati Bengals,10
Jason Witten,Dallas Cowboys,1,6,2,27,0,Home,New Orleans Saints,10
Joseph Fauria,Detroit Lions,1,2,1,25,0,Home,Chicago Bears,10
Ladarius Green,San Diego Chargers,1,1,1,25,0,Away,Denver Broncos,10
Mychal Rivera,Oakland Raiders,1,2,2,22,0,Home,New York Giants,10
Scott Chandler,Buffalo Bills,1,3,3,21,0,Home,Pittsburgh Steelers,10
Charles Clay,Miami Dolphins,1,8,4,21,0,Home,Tampa Bay Buccaneers,10
Luke Willson,Seattle Seahawks,1,2,1,19,0,Home,Atlanta Falcons,10
Tim Wright,Tampa Bay Buccaneers,1,1,1,19,0,Away,Miami Dolphins,10
Garrett Graham,Houston Texans,1,3,2,18,0,Home,Arizona Cardinals,10
Jared Cook,St. Louis Rams,1,2,1,17,0,Home,Indianapolis Colts,10
Jake Ballard,Arizona Cardinals,1,1,1,15,0,Away,Houston Texans,10
Greg Olsen,Carolina Panthers,1,3,1,14,0,Home,San Francisco 49ers,10
Clay Harbor,Jacksonville Jaguars,1,1,1,13,0,Home,Tennessee Titans,10
James Hanna,Dallas Cowboys,1,3,3,11,0,Home,New Orleans Saints,10
Jim Dray,Arizona Cardinals,1,2,1,9,0,Away,Houston Texans,10
James Casey,Philadelphia Eagles,1,2,1,8,0,Home,Green Bay Packers,10
Michael Palmer,Pittsburgh Steelers,1,1,1,8,0,Away,Buffalo Bills,10
Andrew Quarless,Green Bay Packers,1,4,1,8,0,Away,Philadelphia Eagles,10
Brent Celek,Philadelphia Eagles,1,1,1,7,0,Home,Green Bay Packers,10
Michael Egnew,Miami Dolphins,1,2,1,7,0,Home,Tampa Bay Buccaneers,10
Heath Miller,Pittsburgh Steelers,1,5,1,6,0,Away,Buffalo Bills,10
Craig Stevens,Tennessee Titans,1,1,1,6,0,Away,Jacksonville Jaguars,10
Ben Watson,New Orleans Saints,1,3,1,5,0,Away,Dallas Cowboys,10
Virgil Green,Denver Broncos,1,1,1,4,0,Home,San Diego Chargers,10
Ryan Taylor,Green Bay Packers,1,1,1,4,0,Away,Philadelphia Eagles,10
Alex Smith,Cincinnati Bengals,1,2,1,3,0,Home,Baltimore Ravens,10
Vernon Davis,San Francisco 49ers,1,2,1,2,0,Away,Carolina Panthers,10
Vance McDonald,San Francisco 49ers,1,2,0,0,0,Away,Carolina Panthers,10
Dante Rosario,Chicago Bears,1,2,0,0,0,Away,Detroit Lions,10
Lee Smith,Buffalo Bills,1,1,0,0,0,Home,Pittsburgh Steelers,10
Garrett Graham,Houston Texans,1,13,7,136,1,Away,Oakland Raiders,11
Delanie Walker,Tennessee Titans,1,10,10,91,1,Away,Indianapolis Colts,11
Charles Clay,Miami Dolphins,1,7,6,90,1,Away,San Diego Chargers,11
Rob Gronkowski,New England Patriots,1,7,5,59,1,Home,Carolina Panthers,11
Mychal Rivera,Oakland Raiders,1,6,5,54,1,Home,Houston Texans,11
Antonio Gates,San Diego Chargers,1,6,4,52,1,Home,Miami Dolphins,11
Greg Olsen,Carolina Panthers,1,8,5,52,1,Away,New England Patriots,11
Coby Fleener,Indianapolis Colts,1,10,8,107,0,Home,Tennessee Titans,11
Julius Thomas,Denver Broncos,1,5,3,43,1,Away,Kansas City Chiefs,11
Anthony Fasano,Kansas City Chiefs,1,4,4,37,1,Home,Denver Broncos,11
Vernon Davis,San Francisco 49ers,1,5,4,33,1,Home,New Orleans Saints,11
Jermaine Gresham,Cincinnati Bengals,1,6,2,27,1,Away,Cleveland Browns,11
Jeff Cumberland,New York Jets,1,4,3,25,1,Home,Buffalo Bills,11
Ladarius Green,San Diego Chargers,1,5,4,81,0,Home,Miami Dolphins,11
Robert Housler,Arizona Cardinals,1,9,6,70,0,Home,Jacksonville Jaguars,11
John Carlson,Minnesota Vikings,1,7,5,69,0,Home,Seattle Seahawks,11
Zach Miller,Seattle Seahawks,1,5,4,69,0,Away,Minnesota Vikings,11
Heath Miller,Pittsburgh Steelers,1,10,8,67,0,Away,Detroit Lions,11
Alex Smith,Cincinnati Bengals,1,1,1,2,1,Away,Cleveland Browns,11
Tony Gonzalez,Atlanta Falcons,1,8,6,51,0,Home,Tampa Bay Buccaneers,11
Martellus Bennett,Chicago Bears,1,2,2,48,0,Away,Baltimore Ravens,11
Brent Celek,Philadelphia Eagles,1,1,1,42,0,Away,Washington Redskins,11
Jimmy Graham,New Orleans Saints,1,11,6,41,0,Away,San Francisco 49ers,11
Scott Chandler,Buffalo Bills,1,3,2,40,0,Away,New York Jets,11
Sean McGrath,Kansas City Chiefs,1,3,2,40,0,Home,Denver Broncos,11
Brandon Pettigrew,Detroit Lions,1,5,3,37,0,Home,Pittsburgh Steelers,11
Clay Harbor,Jacksonville Jaguars,1,5,3,32,0,Away,Arizona Cardinals,11
Brandon Myers,New York Giants,1,4,3,32,0,Away,Green Bay Packers,11
Dallas Clark,Baltimore Ravens,1,4,2,31,0,Home,Chicago Bears,11
Zach Ertz,Philadelphia Eagles,1,3,2,31,0,Away,Washington Redskins,11
Jake Ballard,Arizona Cardinals,1,1,1,29,0,Home,Jacksonville Jaguars,11
Jordan Cameron,Cleveland Browns,1,7,6,29,0,Home,Cincinnati Bengals,11
Brandon Bostick,Green Bay Packers,1,1,1,26,0,Home,New York Giants,11
Marcedes Lewis,Jacksonville Jaguars,1,7,3,23,0,Away,Arizona Cardinals,11
Jim Dray,Arizona Cardinals,1,2,2,18,0,Home,Jacksonville Jaguars,11
Andrew Quarless,Green Bay Packers,1,3,2,18,0,Home,New York Giants,11
Kellen Winslow,New York Jets,1,1,1,17,0,Home,Buffalo Bills,11
Ed Dickson,Baltimore Ravens,1,3,1,16,0,Home,Chicago Bears,11
Tyler Eifert,Cincinnati Bengals,1,1,1,15,0,Away,Cleveland Browns,11
Joseph Fauria,Detroit Lions,1,2,1,14,0,Home,Pittsburgh Steelers,11
John Phillips,San Diego Chargers,1,1,1,13,0,Home,Miami Dolphins,11
Tim Wright,Tampa Bay Buccaneers,1,2,1,13,0,Away,Atlanta Falcons,11
Gary Barnidge,Cleveland Browns,1,1,1,12,0,Home,Cincinnati Bengals,11
Jordan Reed,Washington Redskins,1,1,1,12,0,Home,Philadelphia Eagles,11
Weslye Saunders,Indianapolis Colts,1,3,1,11,0,Home,Tennessee Titans,11
Vance McDonald,San Francisco 49ers,1,2,1,10,0,Home,New Orleans Saints,11
Luke Willson,Seattle Seahawks,1,1,1,7,0,Away,Minnesota Vikings,11
Levine Toilolo,Atlanta Falcons,1,2,1,6,0,Home,Tampa Bay Buccaneers,11
Tom Crabtree,Tampa Bay Buccaneers,1,1,1,5,0,Away,Atlanta Falcons,11
Michael Hoomanawanui,New England Patriots,1,1,1,2,0,Home,Carolina Panthers,11
Lee Smith,Buffalo Bills,1,2,1,1,0,Away,New York Jets,11
Matthew Mulligan,New England Patriots,1,1,0,0,0,Home,Carolina Panthers,11
Bear Pascoe,New York Giants,1,1,0,0,0,Away,Green Bay Packers,11
Logan Paulsen,Washington Redskins,1,3,0,0,0,Home,Philadelphia Eagles,11
David Paulson,Pittsburgh Steelers,1,2,0,0,0,Away,Detroit Lions,11
Craig Stevens,Tennessee Titans,1,1,0,0,0,Away,Indianapolis Colts,11
Jared Cook,St. Louis Rams,1,10,7,141,2,Away,Arizona Cardinals,1
Julius Thomas,Denver Broncos,1,7,5,110,2,Away,Baltimore Ravens,1
Vernon Davis,San Francisco 49ers,1,9,6,98,2,Away,Green Bay Packers,1
Jason Witten,Dallas Cowboys,1,9,8,70,2,Away,New York Giants,1
Owen Daniels,Houston Texans,1,7,5,67,2,Home,San Diego Chargers,1
Jordan Cameron,Cleveland Browns,1,13,9,108,1,Away,Miami Dolphins,1
Kellen Winslow,New York Jets,1,8,7,79,1,Away,Tampa Bay Buccaneers,1
Brandon Myers,New York Giants,1,9,7,66,1,Home,Dallas Cowboys,1
Brent Celek,Philadelphia Eagles,1,3,2,56,1,Home,Washington Redskins,1
Jermichael Finley,Green Bay Packers,1,8,5,56,1,Home,San Francisco 49ers,1
Martellus Bennett,Chicago Bears,1,6,3,49,1,Away,Cincinnati Bengals,1
Jimmy Graham,New Orleans Saints,1,7,4,45,1,Away,Atlanta Falcons,1
Tony Gonzalez,Atlanta Falcons,1,6,3,36,1,Home,New Orleans Saints,1
Dallas Clark,Baltimore Ravens,1,12,7,87,0,Home,Denver Broncos,1
Joseph Fauria,Detroit Lions,1,3,3,27,1,Away,Minnesota Vikings,1
Garrett Graham,Houston Texans,1,5,4,27,1,Home,San Diego Chargers,1
Dwayne Allen,Indianapolis Colts,1,2,1,20,1,Away,Oakland Raiders,1
Greg Olsen,Carolina Panthers,1,10,5,56,0,Away,Seattle Seahawks,1
Charles Clay,Miami Dolphins,1,6,5,54,0,Home,Cleveland Browns,1
Antonio Gates,San Diego Chargers,1,4,2,49,0,Away,Houston Texans,1
Tyler Eifert,Cincinnati Bengals,1,5,5,47,0,Home,Chicago Bears,1
Zach Miller,Seattle Seahawks,1,4,3,42,0,Home,Carolina Panthers,1
Jeron Mastrud,Oakland Raiders,1,1,1,41,0,Home,Indianapolis Colts,1
Delanie Walker,Tennessee Titans,1,4,3,40,0,Home,Pittsburgh Steelers,1
Scott Chandler,Buffalo Bills,1,6,4,38,0,Away,New England Patriots,1
Jordan Reed,Washington Redskins,1,6,5,38,0,Away,Philadelphia Eagles,1
Jermaine Gresham,Cincinnati Bengals,1,5,5,35,0,Home,Chicago Bears,1
Allen Reisner,Jacksonville Jaguars,1,5,3,31,0,Away,Kansas City Chiefs,1
Ben Watson,New Orleans Saints,1,3,3,31,0,Away,Atlanta Falcons,1
Kyle Rudolph,Minnesota Vikings,1,4,2,27,0,Home,Detroit Lions,1
Mychal Rivera,Oakland Raiders,1,3,2,26,0,Home,Indianapolis Colts,1
Lance Kendricks,St. Louis Rams,1,4,3,25,0,Away,Arizona Cardinals,1
Vance McDonald,San Francisco 49ers,1,2,1,25,0,Away,Green Bay Packers,1
Fred Davis,Washington Redskins,1,4,2,22,0,Away,Philadelphia Eagles,1
Jim Dray,Arizona Cardinals,1,2,2,21,0,Home,St. Louis Rams,1
Kory Sperry,Arizona Cardinals,1,1,1,16,0,Home,St. Louis Rams,1
Ed Dickson,Baltimore Ravens,1,5,1,13,0,Home,Denver Broncos,1
Zach Ertz,Philadelphia Eagles,1,3,1,11,0,Home,Washington Redskins,1
David Johnson,Pittsburgh Steelers,1,1,1,11,0,Away,Tennessee Titans,1
Gary Barnidge,Cleveland Browns,1,1,1,9,0,Away,Miami Dolphins,1
Anthony Fasano,Kansas City Chiefs,1,5,2,8,0,Home,Jacksonville Jaguars,1
Gavin Escobar,Dallas Cowboys,1,2,1,7,0,Away,New York Giants,1
Coby Fleener,Indianapolis Colts,1,1,1,7,0,Away,Oakland Raiders,1
Brandon Pettigrew,Detroit Lions,1,4,2,6,0,Away,Minnesota Vikings,1
Clay Harbor,Jacksonville Jaguars,1,1,1,5,0,Away,Kansas City Chiefs,1
Michael Hoomanawanui,New England Patriots,1,2,1,5,0,Home,Buffalo Bills,1
Nate Byham,Tampa Bay Buccaneers,1,1,1,1,0,Home,New York Jets,1
John Carlson,Minnesota Vikings,1,1,0,0,0,Home,Detroit Lions,1
John Phillips,San Diego Chargers,1,1,0,0,0,Away,Houston Texans,1
Tony Scheffler,Detroit Lions,1,1,0,0,0,Away,Minnesota Vikings,1
Craig Stevens,Tennessee Titans,1,1,0,0,0,Home,Pittsburgh Steelers,1
Zach Sudfeld,New England Patriots,1,1,0,0,0,Home,Buffalo Bills,1
Jimmy Graham,New Orleans Saints,1,7,5,100,1,Home,Atlanta Falcons,12
Jason Witten,Dallas Cowboys,1,7,4,37,2,Home,New York Giants,12
Rob Gronkowski,New England Patriots,1,10,7,90,1,Away,Denver Broncos,12
Jared Cook,St. Louis Rams,1,5,4,80,1,Away,Chicago Bears,12
Ladarius Green,San Diego Chargers,1,5,3,80,1,Home,Kansas City Chiefs,12
Vernon Davis,San Francisco 49ers,1,7,4,70,1,Home,Washington Redskins,12
Martellus Bennett,Chicago Bears,1,5,4,62,1,Home,St. Louis Rams,12
Coby Fleener,Indianapolis Colts,1,8,4,55,1,Home,Arizona Cardinals,12
Jacob Tamme,Denver Broncos,1,5,5,47,1,Home,New England Patriots,12
Brandon Myers,New York Giants,1,5,3,39,1,Away,Dallas Cowboys,12
Greg Olsen,Carolina Panthers,1,9,5,34,1,Home,Miami Dolphins,12
Brandon Pettigrew,Detroit Lions,1,5,3,32,1,Away,Tampa Bay Buccaneers,12
Rhett Ellison,Minnesota Vikings,1,2,2,26,1,Home,Green Bay Packers,12
Anthony Fasano,Kansas City Chiefs,1,5,4,21,1,Away,San Diego Chargers,12
Tim Wright,Tampa Bay Buccaneers,1,9,8,75,0,Home,Detroit Lions,12
Joseph Fauria,Detroit Lions,1,1,1,10,1,Away,Tampa Bay Buccaneers,12
Ben Watson,New Orleans Saints,1,2,1,1,1,Home,Atlanta Falcons,12
Ed Dickson,Baltimore Ravens,1,5,3,55,0,Away,New York Jets,12
Robert Housler,Arizona Cardinals,1,5,4,51,0,Away,Indianapolis Colts,12
Delanie Walker,Tennessee Titans,1,9,5,46,0,Home,Oakland Raiders,12
Tony Gonzalez,Atlanta Falcons,1,6,4,43,0,Away,New Orleans Saints,12
Heath Miller,Pittsburgh Steelers,1,6,5,41,0,Home,Cleveland Browns,12
Ryan Griffin,Houston Texans,1,2,1,37,0,Away,Jacksonville Jaguars,12
John Carlson,Minnesota Vikings,1,5,3,36,0,Home,Green Bay Packers,12
Kellen Winslow,New York Jets,1,4,2,34,0,Home,Baltimore Ravens,12
Jordan Cameron,Cleveland Browns,1,10,3,32,0,Away,Pittsburgh Steelers,12
Garrett Graham,Houston Texans,1,9,5,32,0,Away,Jacksonville Jaguars,12
Charles Clay,Miami Dolphins,1,7,4,27,0,Away,Carolina Panthers,12
Brandon Bostick,Green Bay Packers,1,5,1,24,0,Away,Minnesota Vikings,12
Dallas Clark,Baltimore Ravens,1,4,3,24,0,Away,New York Jets,12
Vance McDonald,San Francisco 49ers,1,1,1,23,0,Home,Washington Redskins,12
Andrew Quarless,Green Bay Packers,1,3,2,22,0,Away,Minnesota Vikings,12
Antonio Gates,San Diego Chargers,1,8,3,21,0,Home,Kansas City Chiefs,12
Marcedes Lewis,Jacksonville Jaguars,1,1,1,18,0,Home,Houston Texans,12
Mychal Rivera,Oakland Raiders,1,2,1,10,0,Away,Tennessee Titans,12
Jeff Cumberland,New York Jets,1,2,1,9,0,Home,Baltimore Ravens,12
Clay Harbor,Jacksonville Jaguars,1,1,1,8,0,Home,Houston Texans,12
Dion Sims,Miami Dolphins,1,1,1,6,0,Away,Carolina Panthers,12
Levine Toilolo,Atlanta Falcons,1,1,1,6,0,Away,New Orleans Saints,12
Michael Egnew,Miami Dolphins,1,1,1,5,0,Away,Carolina Panthers,12
Gavin Escobar,Dallas Cowboys,1,1,1,5,0,Home,New York Giants,12
Jeron Mastrud,Oakland Raiders,1,1,1,5,0,Away,Tennessee Titans,12
Bear Pascoe,New York Giants,1,2,1,5,0,Away,Dallas Cowboys,12
Justice Cunningham,Indianapolis Colts,1,1,1,4,0,Home,Arizona Cardinals,12
Taylor Thompson,Tennessee Titans,1,2,2,4,0,Home,Oakland Raiders,12
Virgil Green,Denver Broncos,1,2,1,3,0,Home,New England Patriots,12
Jim Dray,Arizona Cardinals,1,1,0,0,0,Away,Indianapolis Colts,12
Joel Dreessen,Denver Broncos,1,1,0,0,0,Home,New England Patriots,12
Nick Kasa,Oakland Raiders,1,1,0,0,0,Away,Tennessee Titans,12
Lance Kendricks,St. Louis Rams,1,1,0,0,0,Away,Chicago Bears,12
Sean McGrath,Kansas City Chiefs,1,1,0,0,0,Away,San Diego Chargers,12
Logan Paulsen,Washington Redskins,1,2,0,0,0,Away,San Francisco 49ers,12
John Phillips,San Diego Chargers,1,1,0,0,0,Home,Kansas City Chiefs,12
Weslye Saunders,Indianapolis Colts,1,2,0,0,0,Home,Arizona Cardinals,12
Craig Stevens,Tennessee Titans,1,1,1,-1,0,Home,Oakland Raiders,12
Zach Ertz,Philadelphia Eagles,1,6,5,68,2,Away,Arizona Cardinals,13
Rob Gronkowski,New England Patriots,1,12,6,127,1,Home,Houston Texans,13
Zach Miller,Seattle Seahawks,1,8,5,86,1,Away,New Orleans Saints,13
Vernon Davis,San Francisco 49ers,1,5,4,82,1,Away,St. Louis Rams,13
Brandon Myers,New York Giants,1,6,5,61,1,Home,Washington Redskins,13
Ladarius Green,San Diego Chargers,1,6,2,45,1,Away,Cincinnati Bengals,13
Tony Gonzalez,Atlanta Falcons,1,7,4,42,1,Home,Buffalo Bills,13
Jimmy Graham,New Orleans Saints,1,9,3,42,1,Home,Seattle Seahawks,13
Logan Paulsen,Washington Redskins,1,4,3,41,1,Away,New York Giants,13
Brent Celek,Philadelphia Eagles,1,6,4,29,1,Away,Arizona Cardinals,13
Anthony Fasano,Kansas City Chiefs,1,5,3,28,1,Away,Denver Broncos,13
Jim Dray,Arizona Cardinals,1,3,3,26,1,Home,Philadelphia Eagles,13
Marcedes Lewis,Jacksonville Jaguars,1,4,3,26,1,Home,Cleveland Browns,13
Heath Miller,Pittsburgh Steelers,1,9,8,86,0,Home,Baltimore Ravens,13
Greg Olsen,Carolina Panthers,1,7,5,85,0,Away,Tampa Bay Buccaneers,13
Clay Harbor,Jacksonville Jaguars,1,3,2,23,1,Home,Cleveland Browns,13
Charles Clay,Miami Dolphins,1,10,7,80,0,Home,New York Jets,13
Scott Chandler,Buffalo Bills,1,6,4,63,0,Away,Atlanta Falcons,13
John Carlson,Minnesota Vikings,1,6,4,61,0,Away,Chicago Bears,13
Jason Witten,Dallas Cowboys,1,3,3,53,0,Away,Oakland Raiders,13
Coby Fleener,Indianapolis Colts,1,5,3,50,0,Away,Tennessee Titans,13
Jared Cook,St. Louis Rams,1,6,3,49,0,Home,San Francisco 49ers,13
Jordan Cameron,Cleveland Browns,1,7,4,43,0,Away,Jacksonville Jaguars,13
Antonio Gates,San Diego Chargers,1,9,5,41,0,Away,Cincinnati Bengals,13
Garrett Graham,Houston Texans,1,11,3,36,0,Away,New England Patriots,13
Mychal Rivera,Oakland Raiders,1,3,2,30,0,Home,Dallas Cowboys,13
Dorin Dickerson,Detroit Lions,1,1,1,26,0,Away,Green Bay Packers,13
Kellen Winslow,New York Jets,1,3,3,26,0,Away,Miami Dolphins,13
Robert Housler,Arizona Cardinals,1,6,3,21,0,Home,Philadelphia Eagles,13
Tim Wright,Tampa Bay Buccaneers,1,3,2,17,0,Home,Carolina Panthers,13
Ed Dickson,Baltimore Ravens,1,2,1,16,0,Away,Pittsburgh Steelers,13
Martellus Bennett,Chicago Bears,1,5,2,14,0,Home,Minnesota Vikings,13
Fred Davis,Washington Redskins,1,4,2,13,0,Away,New York Giants,13
Levine Toilolo,Atlanta Falcons,1,1,1,12,0,Home,Buffalo Bills,13
Sean McGrath,Kansas City Chiefs,1,3,1,11,0,Away,Denver Broncos,13
Bear Pascoe,New York Giants,1,3,2,11,0,Home,Washington Redskins,13
Tyler Eifert,Cincinnati Bengals,1,2,1,9,0,Home,San Diego Chargers,13
Dallas Clark,Baltimore Ravens,1,2,1,8,0,Away,Pittsburgh Steelers,13
Dion Sims,Miami Dolphins,1,2,1,8,0,Home,New York Jets,13
Ryan Taylor,Green Bay Packers,1,1,1,8,0,Home,Detroit Lions,13
Andrew Quarless,Green Bay Packers,1,2,1,7,0,Home,Detroit Lions,13
Jeff Cumberland,New York Jets,1,3,1,6,0,Away,Miami Dolphins,13
Brandon Pettigrew,Detroit Lions,1,2,1,6,0,Away,Green Bay Packers,13
Delanie Walker,Tennessee Titans,1,2,1,5,0,Home,Indianapolis Colts,13
Jacob Tamme,Denver Broncos,1,3,1,3,0,Home,Kansas City Chiefs,13
Virgil Green,Denver Broncos,1,1,1,2,0,Home,Kansas City Chiefs,13
Luke Willson,Seattle Seahawks,1,1,1,2,0,Away,New Orleans Saints,13
Rhett Ellison,Minnesota Vikings,1,1,0,0,0,Away,Chicago Bears,13
Joseph Fauria,Detroit Lions,1,1,0,0,0,Away,Green Bay Packers,13
Jermaine Gresham,Cincinnati Bengals,1,2,0,0,0,Home,San Diego Chargers,13
Taylor Thompson,Tennessee Titans,1,3,0,0,0,Home,Indianapolis Colts,13
Ben Watson,New Orleans Saints,1,1,0,0,0,Home,Seattle Seahawks,13
Charles Clay,Miami Dolphins,1,10,7,97,2,Home,Pittsburgh Steelers,14
Jordan Cameron,Cleveland Browns,1,9,9,121,1,Home,New England Patriots,14
Jimmy Graham,New Orleans Saints,1,11,6,58,2,Away,Carolina Panthers,14
Garrett Graham,Houston Texans,1,14,8,73,1,Home,Jacksonville Jaguars,14
Luke Willson,Seattle Seahawks,1,4,3,70,1,Home,San Francisco 49ers,14
Andrew Quarless,Green Bay Packers,1,7,6,66,1,Away,Atlanta Falcons,14
Gary Barnidge,Cleveland Browns,1,2,2,49,1,Home,New England Patriots,14
Dennis Pitta,Baltimore Ravens,1,11,6,48,1,Away,Minnesota Vikings,14
Logan Paulsen,Washington Redskins,1,5,3,44,1,Away,Kansas City Chiefs,14
Marcedes Lewis,Jacksonville Jaguars,1,4,2,42,1,Away,Houston Texans,14
Jermaine Gresham,Cincinnati Bengals,1,5,5,41,1,Away,Indianapolis Colts,14
Julius Thomas,Denver Broncos,1,7,5,35,1,Away,Tennessee Titans,14
Brandon Myers,New York Giants,1,7,4,26,1,Home,San Diego Chargers,14
Tony Gonzalez,Atlanta Falcons,1,6,3,25,1,Home,Green Bay Packers,14
Vernon Davis,San Francisco 49ers,1,3,2,21,1,Away,Seattle Seahawks,14
Mychal Rivera,Oakland Raiders,1,8,5,21,1,Home,New York Jets,14
Tim Wright,Tampa Bay Buccaneers,1,4,2,21,1,Away,Buffalo Bills,14
Jason Witten,Dallas Cowboys,1,3,1,10,1,Home,Chicago Bears,14
Ed Dickson,Baltimore Ravens,1,5,2,8,1,Away,Minnesota Vikings,14
Kellen Winslow,New York Jets,1,6,3,61,0,Away,Oakland Raiders,14
Heath Miller,Pittsburgh Steelers,1,4,3,56,0,Away,Miami Dolphins,14
Antonio Gates,San Diego Chargers,1,6,4,50,0,Away,New York Giants,14
Jared Cook,St. Louis Rams,1,6,3,49,0,Home,Arizona Cardinals,14
Jacob Tamme,Denver Broncos,1,5,4,47,0,Away,Tennessee Titans,14
Martellus Bennett,Chicago Bears,1,6,5,43,0,Away,Dallas Cowboys,14
Robert Housler,Arizona Cardinals,1,4,3,42,0,Away,St. Louis Rams,14
Greg Olsen,Carolina Panthers,1,12,8,40,0,Home,New Orleans Saints,14
Jim Dray,Arizona Cardinals,1,3,3,32,0,Away,St. Louis Rams,14
Gavin Escobar,Dallas Cowboys,1,2,2,32,0,Home,Chicago Bears,14
Rob Gronkowski,New England Patriots,1,5,2,32,0,Away,Cleveland Browns,14
Coby Fleener,Indianapolis Colts,1,9,5,31,0,Home,Cincinnati Bengals,14
Brent Celek,Philadelphia Eagles,1,3,2,29,0,Away,Detroit Lions,14
Brandon Bostick,Green Bay Packers,1,4,2,28,0,Away,Atlanta Falcons,14
Niles Paul,Washington Redskins,1,1,1,25,0,Away,Kansas City Chiefs,14
Scott Chandler,Buffalo Bills,1,3,2,24,0,Home,Tampa Bay Buccaneers,14
Brandon Pettigrew,Detroit Lions,1,3,1,23,0,Home,Philadelphia Eagles,14
Tyler Eifert,Cincinnati Bengals,1,4,3,20,0,Away,Indianapolis Colts,14
Sean McGrath,Kansas City Chiefs,1,3,2,20,0,Home,Washington Redskins,14
Ben Watson,New Orleans Saints,1,1,1,20,0,Away,Carolina Panthers,14
John Carlson,Minnesota Vikings,1,4,2,19,0,Home,Baltimore Ravens,14
Lance Kendricks,St. Louis Rams,1,2,1,15,0,Home,Arizona Cardinals,14
Matthew Mulligan,New England Patriots,1,1,1,15,0,Away,Cleveland Browns,14
Bear Pascoe,New York Giants,1,1,1,14,0,Home,San Diego Chargers,14
Zach Miller,Seattle Seahawks,1,3,1,13,0,Home,San Francisco 49ers,14
Dante Rosario,Chicago Bears,1,1,1,13,0,Away,Dallas Cowboys,14
Weslye Saunders,Indianapolis Colts,1,2,1,11,0,Home,Cincinnati Bengals,14
Ryan Griffin,Houston Texans,1,3,1,10,0,Home,Jacksonville Jaguars,14
Jack Doyle,Indianapolis Colts,1,1,1,8,0,Home,Cincinnati Bengals,14
Joel Dreessen,Denver Broncos,1,2,1,8,0,Away,Tennessee Titans,14
Dion Sims,Miami Dolphins,1,2,1,7,0,Home,Pittsburgh Steelers,14
Lee Smith,Buffalo Bills,1,1,1,7,0,Home,Tampa Bay Buccaneers,14
Ryan Taylor,Green Bay Packers,1,2,2,7,0,Away,Atlanta Falcons,14
James Hanna,Dallas Cowboys,1,1,1,6,0,Home,Chicago Bears,14
Visanthe Shiancoe,Tennessee Titans,1,2,2,2,0,Home,Denver Broncos,14
Fred Davis,Washington Redskins,1,3,0,0,0,Away,Kansas City Chiefs,14
Dorin Dickerson,Detroit Lions,1,1,0,0,0,Home,Philadelphia Eagles,14
Rhett Ellison,Minnesota Vikings,1,3,0,0,0,Home,Baltimore Ravens,14
Zach Ertz,Philadelphia Eagles,1,1,0,0,0,Away,Detroit Lions,14
Ladarius Green,San Diego Chargers,1,1,0,0,0,Away,New York Giants,14
Alex Smith,Cincinnati Bengals,1,1,0,0,0,Away,Indianapolis Colts,14
Taylor Thompson,Tennessee Titans,1,1,0,0,0,Home,Denver Broncos,14
Tim Wright,Tampa Bay Buccaneers,1,9,7,82,1,Away,San Francisco 49ers,15
Vernon Davis,San Francisco 49ers,1,7,5,79,1,Home,Tampa Bay Buccaneers,15
Jason Witten,Dallas Cowboys,1,8,4,71,1,Away,Green Bay Packers,15
Andrew Quarless,Green Bay Packers,1,6,6,66,1,Home,Dallas Cowboys,15
Tony Gonzalez,Atlanta Falcons,1,7,6,62,1,Away,Washington Redskins,15
Zach Ertz,Philadelphia Eagles,1,9,6,57,1,Home,Minnesota Vikings,15
Marcedes Lewis,Jacksonville Jaguars,1,7,4,54,1,Away,Buffalo Bills,15
Delanie Walker,Tennessee Titans,1,11,8,53,1,Away,Arizona Cardinals,15
Jeff Cumberland,New York Jets,1,4,3,50,1,Home,Carolina Panthers,15
Tyler Eifert,Cincinnati Bengals,1,3,3,33,1,Home,Pittsburgh Steelers,15
Mychal Rivera,Oakland Raiders,1,5,3,30,1,Away,Kansas City Chiefs,15
Greg Olsen,Carolina Panthers,1,8,5,88,0,Away,New York Jets,15
Fred Davis,Washington Redskins,1,3,1,23,1,Home,Atlanta Falcons,15
Joseph Fauria,Detroit Lions,1,1,1,14,1,Away,Baltimore Ravens,15
Sean McGrath,Kansas City Chiefs,1,2,2,14,1,Home,Oakland Raiders,15
Jake Ballard,Arizona Cardinals,1,3,3,13,1,Home,Tennessee Titans,15
Michael Hoomanawanui,New England Patriots,1,3,1,13,1,Home,Miami Dolphins,15
Lance Kendricks,St. Louis Rams,1,3,2,13,1,Away,New Orleans Saints,15
Martellus Bennett,Chicago Bears,1,6,6,71,0,Home,Cleveland Browns,15
Ryan Griffin,Houston Texans,1,6,6,62,0,Home,Indianapolis Colts,15
Scott Chandler,Buffalo Bills,1,5,5,54,0,Home,Jacksonville Jaguars,15
Clay Harbor,Jacksonville Jaguars,1,4,3,52,0,Away,Buffalo Bills,15
Julius Thomas,Denver Broncos,1,8,4,49,0,Away,San Diego Chargers,15
Brandon Myers,New York Giants,1,3,3,37,0,Away,Seattle Seahawks,15
Heath Miller,Pittsburgh Steelers,1,4,4,35,0,Away,Cincinnati Bengals,15
Chris Gragg,Buffalo Bills,1,1,1,28,0,Home,Jacksonville Jaguars,15
Brent Celek,Philadelphia Eagles,1,1,1,25,0,Home,Minnesota Vikings,15
Michael Egnew,Miami Dolphins,1,3,2,25,0,Away,New England Patriots,15
Jimmy Graham,New Orleans Saints,1,6,2,25,0,Home,St. Louis Rams,15
Dennis Pitta,Baltimore Ravens,1,4,2,24,0,Home,Detroit Lions,15
Jordan Cameron,Cleveland Browns,1,6,3,23,0,Away,Chicago Bears,15
Antonio Gates,San Diego Chargers,1,3,2,23,0,Home,Denver Broncos,15
Jermaine Gresham,Cincinnati Bengals,1,5,3,23,0,Home,Pittsburgh Steelers,15
Brandon Pettigrew,Detroit Lions,1,2,2,23,0,Away,Baltimore Ravens,15
Luke Willson,Seattle Seahawks,1,2,2,23,0,Home,New York Giants,15
Logan Paulsen,Washington Redskins,1,7,3,21,0,Home,Atlanta Falcons,15
Gary Barnidge,Cleveland Browns,1,1,1,17,0,Away,Chicago Bears,15
Gavin Escobar,Dallas Cowboys,1,2,1,15,0,Away,Green Bay Packers,15
Bear Pascoe,New York Giants,1,2,2,12,0,Away,Seattle Seahawks,15
Ben Watson,New Orleans Saints,1,3,2,12,0,Home,St. Louis Rams,15
Kellen Winslow,New York Jets,1,1,1,12,0,Home,Carolina Panthers,15
Ed Dickson,Baltimore Ravens,1,3,3,10,0,Home,Detroit Lions,15
Jim Dray,Arizona Cardinals,1,1,1,9,0,Home,Tennessee Titans,15
Jacob Tamme,Denver Broncos,1,2,1,9,0,Away,San Diego Chargers,15
Jared Cook,St. Louis Rams,1,1,1,8,0,Away,New Orleans Saints,15
Zach Miller,Seattle Seahawks,1,3,1,8,0,Home,New York Giants,15
Charles Clay,Miami Dolphins,1,2,1,6,0,Away,New England Patriots,15
Dion Sims,Miami Dolphins,1,1,1,6,0,Away,New England Patriots,15
Brandon Bostick,Green Bay Packers,1,1,0,0,0,Home,Dallas Cowboys,15
Coby Fleener,Indianapolis Colts,1,1,0,0,0,Away,Houston Texans,15
James Hanna,Dallas Cowboys,1,1,0,0,0,Away,Green Bay Packers,15
Nick Kasa,Oakland Raiders,1,1,0,0,0,Away,Kansas City Chiefs,15
Jeron Mastrud,Oakland Raiders,1,1,0,0,0,Away,Kansas City Chiefs,15
Matt Spaeth,Pittsburgh Steelers,1,1,0,0,0,Away,Cincinnati Bengals,15
Ryan Taylor,Green Bay Packers,1,1,0,0,0,Home,Dallas Cowboys,15
Levine Toilolo,Atlanta Falcons,1,1,0,0,0,Away,Washington Redskins,15
Jack Doyle,Indianapolis Colts,1,2,1,-4,0,Away,Houston Texans,15
Julius Thomas,Denver Broncos,1,8,6,78,1,Home,Houston Texans,16
Jimmy Graham,New Orleans Saints,1,11,5,73,1,Home,Carolina Panthers,16
Tony Gonzalez,Atlanta Falcons,1,11,8,63,1,Home,San Francisco 49ers,16
Brent Celek,Philadelphia Eagles,1,4,3,58,1,Away,Chicago Bears,16
Marcedes Lewis,Jacksonville Jaguars,1,6,4,50,1,Away,Tennessee Titans,16
Jermaine Gresham,Cincinnati Bengals,1,3,3,49,1,Away,Minnesota Vikings,16
Martellus Bennett,Chicago Bears,1,8,5,85,0,Home,Philadelphia Eagles,16
Zach Miller,Seattle Seahawks,1,3,1,11,1,Away,Arizona Cardinals,16
Matt Spaeth,Pittsburgh Steelers,1,1,1,11,1,Home,Green Bay Packers,16
Ryan Griffin,Houston Texans,1,5,5,66,0,Away,Denver Broncos,16
Brandon Myers,New York Giants,1,7,4,53,0,Home,Detroit Lions,16
Ed Dickson,Baltimore Ravens,1,5,4,44,0,Away,New England Patriots,16
Joseph Fauria,Detroit Lions,1,7,3,43,0,Away,New York Giants,16
Mychal Rivera,Oakland Raiders,1,3,2,43,0,Home,San Diego Chargers,16
Antonio Gates,San Diego Chargers,1,3,3,42,0,Away,Oakland Raiders,16
Greg Olsen,Carolina Panthers,1,7,4,35,0,Away,New Orleans Saints,16
Delanie Walker,Tennessee Titans,1,7,4,35,0,Home,Jacksonville Jaguars,16
Kellen Winslow,New York Jets,1,5,3,35,0,Away,Cleveland Browns,16
Dennis Pitta,Baltimore Ravens,1,7,4,34,0,Away,New England Patriots,16
Charles Clay,Miami Dolphins,1,7,4,32,0,Home,Buffalo Bills,16
Scott Chandler,Buffalo Bills,1,3,2,31,0,Away,Miami Dolphins,16
Jeff Cumberland,New York Jets,1,3,2,30,0,Away,Cleveland Browns,16
David Paulson,Pittsburgh Steelers,1,1,1,30,0,Home,Green Bay Packers,16
Jared Cook,St. Louis Rams,1,2,2,27,0,Away,Tampa Bay Buccaneers,16
Zach Ertz,Philadelphia Eagles,1,1,1,27,0,Away,Chicago Bears,16
Tim Wright,Tampa Bay Buccaneers,1,6,4,27,0,Home,St. Louis Rams,16
Ben Watson,New Orleans Saints,1,2,2,26,0,Home,Carolina Panthers,16
Lee Smith,Buffalo Bills,1,1,1,24,0,Away,Miami Dolphins,16
Gary Barnidge,Cleveland Browns,1,4,2,23,0,Home,New York Jets,16
Rhett Ellison,Minnesota Vikings,1,3,2,22,0,Home,Cincinnati Bengals,16
Jacob Tamme,Denver Broncos,1,3,3,22,0,Home,Houston Texans,16
Anthony Fasano,Kansas City Chiefs,1,4,1,19,0,Away,Indianapolis Colts,16
Andrew Quarless,Green Bay Packers,1,4,1,19,0,Away,Pittsburgh Steelers,16
Jake Ballard,Arizona Cardinals,1,3,1,17,0,Home,Seattle Seahawks,16
Heath Miller,Pittsburgh Steelers,1,4,3,17,0,Home,Green Bay Packers,16
Jim Dray,Arizona Cardinals,1,3,3,16,0,Home,Seattle Seahawks,16
Jason Witten,Dallas Cowboys,1,2,2,13,0,Home,Washington Redskins,16
Jeron Mastrud,Oakland Raiders,1,3,1,12,0,Home,San Diego Chargers,16
Fred Davis,Washington Redskins,1,1,1,9,0,Away,Dallas Cowboys,16
Michael Hoomanawanui,New England Patriots,1,1,1,9,0,Home,Baltimore Ravens,16
Bear Pascoe,New York Giants,1,2,1,7,0,Home,Detroit Lions,16
Dorin Dickerson,Detroit Lions,1,3,1,8,0,Away,New York Giants,16
Coby Fleener,Indianapolis Colts,1,3,2,8,0,Home,Kansas City Chiefs,16
Virgil Green,Denver Broncos,1,1,1,8,0,Home,Houston Texans,16
Logan Paulsen,Washington Redskins,1,2,2,7,0,Away,Dallas Cowboys,16
Jack Doyle,Indianapolis Colts,1,1,1,6,0,Home,Kansas City Chiefs,16
Tyler Eifert,Cincinnati Bengals,1,1,1,6,0,Away,Minnesota Vikings,16
Weslye Saunders,Indianapolis Colts,1,2,1,6,0,Home,Kansas City Chiefs,16
John Phillips,San Diego Chargers,1,1,1,5,0,Away,Oakland Raiders,16
Lance Kendricks,St. Louis Rams,1,1,1,4,0,Away,Tampa Bay Buccaneers,16
Luke Willson,Seattle Seahawks,1,1,1,3,0,Away,Arizona Cardinals,16
Vernon Davis,San Francisco 49ers,1,3,0,0,0,Away,Atlanta Falcons,16
Ladarius Green,San Diego Chargers,1,1,0,0,0,Away,Oakland Raiders,16
Clay Harbor,Jacksonville Jaguars,1,1,0,0,0,Away,Tennessee Titans,16
Robert Housler,Arizona Cardinals,1,2,0,0,0,Home,Seattle Seahawks,16
Vance McDonald,San Francisco 49ers,1,2,0,0,0,Away,Atlanta Falcons,16
Levine Toilolo,Atlanta Falcons,1,1,0,0,0,Home,San Francisco 49ers,16
Jason Witten,Dallas Cowboys,1,16,12,135,0,Away,Philadelphia Eagles,17
Brent Celek,Philadelphia Eagles,1,5,3,71,1,Home,Dallas Cowboys,17
Jimmy Graham,New Orleans Saints,1,8,5,71,1,Away,Tampa Bay Buccaneers,17
Tim Wright,Tampa Bay Buccaneers,1,10,5,58,1,Home,New Orleans Saints,17
Vernon Davis,San Francisco 49ers,1,5,3,45,1,Home,Arizona Cardinals,17
Greg Olsen,Carolina Panthers,1,8,6,42,1,Home,Atlanta Falcons,17
Antonio Gates,San Diego Chargers,1,5,4,31,1,Away,Kansas City Chiefs,17
Jared Cook,St. Louis Rams,1,7,5,30,1,Home,Seattle Seahawks,17
Ladarius Green,San Diego Chargers,1,2,1,22,1,Away,Kansas City Chiefs,17
Robert Housler,Arizona Cardinals,1,6,5,78,0,Away,San Francisco 49ers,17
Gavin Escobar,Dallas Cowboys,1,1,1,17,1,Away,Philadelphia Eagles,17
Marcedes Lewis,Jacksonville Jaguars,1,6,3,70,0,Home,Indianapolis Colts,17
Jordan Cameron,Cleveland Browns,1,7,5,69,0,Home,Pittsburgh Steelers,17
Nick Kasa,Oakland Raiders,1,2,1,9,1,Away,Denver Broncos,17
Dennis Pitta,Baltimore Ravens,1,11,8,63,0,Home,Cincinnati Bengals,17
Jake Ballard,Arizona Cardinals,1,1,1,1,1,Away,San Francisco 49ers,17
Tony Gonzalez,Atlanta Falcons,1,4,4,56,0,Away,Carolina Panthers,17
Scott Chandler,Buffalo Bills,1,4,3,55,0,Home,New England Patriots,17
Lance Kendricks,St. Louis Rams,1,6,5,54,0,Home,Seattle Seahawks,17
Ryan Griffin,Houston Texans,1,7,3,49,0,Home,Tennessee Titans,17
Charles Clay,Miami Dolphins,1,6,4,43,0,Away,New York Jets,17
Zach Ertz,Philadelphia Eagles,1,5,3,43,0,Home,Dallas Cowboys,17
Julius Thomas,Denver Broncos,1,5,5,36,0,Home,Oakland Raiders,17
Kellen Winslow,New York Jets,1,3,1,34,0,Home,Miami Dolphins,17
Logan Paulsen,Washington Redskins,1,8,4,32,0,Home,New York Giants,17
Andrew Quarless,Green Bay Packers,1,6,2,31,0,Home,Chicago Bears,17
Jeff Cumberland,New York Jets,1,2,1,30,0,Home,Miami Dolphins,17
Jacob Tamme,Denver Broncos,1,4,3,29,0,Home,Oakland Raiders,17
Delanie Walker,Tennessee Titans,1,3,3,29,0,Away,Houston Texans,17
Joel Dreessen,Denver Broncos,1,3,3,26,0,Home,Oakland Raiders,17
Coby Fleener,Indianapolis Colts,1,4,1,25,0,Away,Jacksonville Jaguars,17
Mychal Rivera,Oakland Raiders,1,4,2,23,0,Away,Denver Broncos,17
Zach Miller,Seattle Seahawks,1,5,3,21,0,Away,St. Louis Rams,17
Joseph Fauria,Detroit Lions,1,3,3,20,0,Home,Minnesota Vikings,17
Jim Dray,Arizona Cardinals,1,1,1,18,0,Away,San Francisco 49ers,17
Weslye Saunders,Indianapolis Colts,1,2,1,18,0,Away,Jacksonville Jaguars,17
Heath Miller,Pittsburgh Steelers,1,2,2,17,0,Away,Cleveland Browns,17
Martellus Bennett,Chicago Bears,1,1,1,15,0,Away,Green Bay Packers,17
Virgil Green,Denver Broncos,1,2,2,15,0,Home,Oakland Raiders,17
Rhett Ellison,Minnesota Vikings,1,1,1,13,0,Away,Detroit Lions,17
Clay Harbor,Jacksonville Jaguars,1,2,2,11,0,Home,Indianapolis Colts,17
Sean McGrath,Kansas City Chiefs,1,2,1,11,0,Home,San Diego Chargers,17
Brandon Myers,New York Giants,1,5,2,9,0,Away,Washington Redskins,17
Orson Charles,Cincinnati Bengals,1,2,1,8,0,Away,Baltimore Ravens,17
Alex Smith,Cincinnati Bengals,1,1,1,7,0,Away,Baltimore Ravens,17
Zach Sudfeld,New York Jets,1,1,1,7,0,Home,Miami Dolphins,17
Ben Watson,New Orleans Saints,1,2,1,7,0,Away,Tampa Bay Buccaneers,17
Luke Willson,Seattle Seahawks,1,2,1,4,0,Away,St. Louis Rams,17
Richard Gordon,Kansas City Chiefs,1,1,1,3,0,Home,San Diego Chargers,17
Jack Doyle,Indianapolis Colts,1,1,1,2,0,Away,Jacksonville Jaguars,17
Gary Barnidge,Cleveland Browns,1,1,0,0,0,Home,Pittsburgh Steelers,17
Michael Hoomanawanui,New England Patriots,1,1,0,0,0,Away,Buffalo Bills,17
Niles Paul,Washington Redskins,1,1,0,0,0,Home,New York Giants,17
Jimmy Graham,New Orleans Saints,1,16,10,179,1,Home,Tampa Bay Buccaneers,2
Martellus Bennett,Chicago Bears,1,9,7,76,2,Away,Minnesota Vikings,2
Charles Clay,Miami Dolphins,1,7,5,109,0,Home,Indianapolis Colts,2
Greg Olsen,Carolina Panthers,1,8,7,84,1,Home,Buffalo Bills,2
Coby Fleener,Indianapolis Colts,1,8,4,69,1,Away,Miami Dolphins,2
Jermichael Finley,Green Bay Packers,1,7,6,65,1,Away,Washington Redskins,2
Antonio Gates,San Diego Chargers,1,10,8,124,0,Home,Philadelphia Eagles,2
Julius Thomas,Denver Broncos,1,9,6,47,1,Home,New York Giants,2
Kyle Rudolph,Minnesota Vikings,1,6,3,42,1,Home,Chicago Bears,2
Jordan Cameron,Cleveland Browns,1,7,5,95,0,Home,Baltimore Ravens,2
Clay Harbor,Jacksonville Jaguars,1,4,3,34,1,Home,Oakland Raiders,2
Garrett Graham,Houston Texans,1,5,3,30,1,Away,Tennessee Titans,2
Owen Daniels,Houston Texans,1,5,2,24,1,Away,Tennessee Titans,2
Jordan Reed,Washington Redskins,1,3,3,18,1,Home,Green Bay Packers,2
Brandon Myers,New York Giants,1,10,6,74,0,Away,Denver Broncos,2
Delanie Walker,Tennessee Titans,1,2,1,10,1,Home,Houston Texans,2
Tyler Eifert,Cincinnati Bengals,1,5,3,66,0,Away,Pittsburgh Steelers,2
Jermaine Gresham,Cincinnati Bengals,1,9,6,66,0,Away,Pittsburgh Steelers,2
Zach Ertz,Philadelphia Eagles,1,2,2,58,0,Away,San Diego Chargers,2
David Paulson,Pittsburgh Steelers,1,4,3,49,0,Home,Cincinnati Bengals,2
Nate Byham,Tampa Bay Buccaneers,1,1,1,34,0,Away,New Orleans Saints,2
Tony Gonzalez,Atlanta Falcons,1,8,4,33,0,Away,St. Louis Rams,2
Brandon Pettigrew,Detroit Lions,1,6,3,32,0,Home,Arizona Cardinals,2
Mychal Rivera,Oakland Raiders,1,3,3,32,0,Away,Jacksonville Jaguars,2
Jim Dray,Arizona Cardinals,1,7,5,31,0,Away,Detroit Lions,2
Sean McGrath,Kansas City Chiefs,1,4,2,31,0,Away,Dallas Cowboys,2
Anthony Fasano,Kansas City Chiefs,1,2,2,26,0,Away,Dallas Cowboys,2
Lance Kendricks,St. Louis Rams,1,3,2,23,0,Home,Atlanta Falcons,2
Zach Miller,Seattle Seahawks,1,4,2,22,0,Away,San Francisco 49ers,2
Vernon Davis,San Francisco 49ers,1,5,3,20,0,Home,Seattle Seahawks,2
James Hanna,Dallas Cowboys,1,5,4,20,0,Home,Kansas City Chiefs,2
Vance McDonald,San Francisco 49ers,1,2,1,19,0,Home,Seattle Seahawks,2
Billy Bajema,Baltimore Ravens,1,1,1,18,0,Away,Cleveland Browns,2
Kellen Winslow,New York Jets,1,6,3,16,0,Home,New England Patriots,2
Dominique Jones,Indianapolis Colts,1,2,1,13,0,Away,Miami Dolphins,2
Logan Paulsen,Washington Redskins,1,3,2,13,0,Home,Green Bay Packers,2
Bear Pascoe,New York Giants,1,2,2,12,0,Away,Denver Broncos,2
Jason Witten,Dallas Cowboys,1,8,3,12,0,Home,Kansas City Chiefs,2
Scott Chandler,Buffalo Bills,1,6,3,10,0,Away,Carolina Panthers,2
Jared Cook,St. Louis Rams,1,6,1,10,0,Home,Atlanta Falcons,2
Gavin Escobar,Dallas Cowboys,1,1,1,9,0,Home,Kansas City Chiefs,2
Allen Reisner,Jacksonville Jaguars,1,2,2,9,0,Home,Oakland Raiders,2
Dallas Clark,Baltimore Ravens,1,1,1,8,0,Away,Cleveland Browns,2
John Carlson,Minnesota Vikings,1,2,1,7,0,Home,Chicago Bears,2
Andrew Quarless,Green Bay Packers,1,3,1,7,0,Away,Washington Redskins,2
Virgil Green,Denver Broncos,1,1,1,5,0,Home,New York Giants,2
Mike McNeill,St. Louis Rams,1,1,1,5,0,Home,Atlanta Falcons,2
Levine Toilolo,Atlanta Falcons,1,1,1,4,0,Away,St. Louis Rams,2
Fred Davis,Washington Redskins,1,2,1,3,0,Home,Green Bay Packers,2
James Casey,Philadelphia Eagles,1,1,0,0,0,Away,San Diego Chargers,2
Brent Celek,Philadelphia Eagles,1,1,0,0,0,Away,San Diego Chargers,2
Ed Dickson,Baltimore Ravens,1,1,0,0,0,Away,Cleveland Browns,2
Michael Hoomanawanui,New England Patriots,1,1,0,0,0,Away,New York Jets,2
David Johnson,Pittsburgh Steelers,1,1,0,0,0,Home,Cincinnati Bengals,2
Steve Maneri,Chicago Bears,1,1,0,0,0,Away,Minnesota Vikings,2
Jeron Mastrud,Oakland Raiders,1,1,0,0,0,Away,Jacksonville Jaguars,2
Alex Smith,Cincinnati Bengals,1,1,0,0,0,Away,Pittsburgh Steelers,2
Craig Stevens,Tennessee Titans,1,1,0,0,0,Home,Houston Texans,2
Luke Willson,Seattle Seahawks,1,1,0,0,0,Away,San Francisco 49ers,2
Jimmy Graham,New Orleans Saints,1,15,9,134,2,Away,Arizona Cardinals,3
Jordan Cameron,Cleveland Browns,1,11,6,66,3,Home,Minnesota Vikings,3
Scott Chandler,Buffalo Bills,1,6,5,79,1,Home,New York Jets,3
Zach Miller,Seattle Seahawks,1,3,2,5,2,Away,Jacksonville Jaguars,3
Antonio Gates,San Diego Chargers,1,7,5,55,1,Home,Tennessee Titans,3
Julius Thomas,Denver Broncos,1,4,3,37,1,Away,Oakland Raiders,3
Gavin Escobar,Dallas Cowboys,1,2,1,24,1,Away,St. Louis Rams,3
Luke Willson,Seattle Seahawks,1,5,5,76,0,Away,Jacksonville Jaguars,3
Jason Witten,Dallas Cowboys,1,6,5,67,0,Away,St. Louis Rams,3
Joseph Fauria,Detroit Lions,1,3,1,5,1,Home,Washington Redskins,3
Levine Toilolo,Atlanta Falcons,1,1,1,2,1,Home,Miami Dolphins,3
Dion Sims,Miami Dolphins,1,1,1,1,1,Away,Atlanta Falcons,3
Greg Olsen,Carolina Panthers,1,8,4,54,0,Away,New York Giants,3
David Johnson,Pittsburgh Steelers,1,3,2,51,0,Away,Chicago Bears,3
Logan Paulsen,Washington Redskins,1,6,4,51,0,Away,Detroit Lions,3
Jordan Reed,Washington Redskins,1,6,5,50,0,Away,Detroit Lions,3
Delanie Walker,Tennessee Titans,1,8,5,49,0,Away,San Diego Chargers,3
Ladarius Green,San Diego Chargers,1,2,2,48,0,Home,Tennessee Titans,3
Dallas Clark,Baltimore Ravens,1,7,4,46,0,Away,Houston Texans,3
Jared Cook,St. Louis Rams,1,7,5,44,0,Home,Dallas Cowboys,3
Charles Clay,Miami Dolphins,1,6,4,40,0,Away,Atlanta Falcons,3
Lance Kendricks,St. Louis Rams,1,5,5,36,0,Home,Dallas Cowboys,3
Heath Miller,Pittsburgh Steelers,1,4,3,35,0,Away,Chicago Bears,3
Brandon Myers,New York Giants,1,6,3,33,0,Home,Carolina Panthers,3
Kellen Davis,Seattle Seahawks,1,2,2,31,0,Away,Jacksonville Jaguars,3
Michael Hoomanawanui,New England Patriots,1,2,2,31,0,Away,Tampa Bay Buccaneers,3
Sean McGrath,Kansas City Chiefs,1,4,4,31,0,Home,Philadelphia Eagles,3
Owen Daniels,Houston Texans,1,9,5,29,0,Home,Baltimore Ravens,3
Kyle Rudolph,Minnesota Vikings,1,8,5,28,0,Away,Cleveland Browns,3
Jermaine Gresham,Cincinnati Bengals,1,5,4,27,0,Away,Green Bay Packers,3
Jeff Cumberland,New York Jets,1,3,3,26,0,Away,Buffalo Bills,3
Tony Gonzalez,Atlanta Falcons,1,5,4,24,0,Home,Miami Dolphins,3
Andrew Quarless,Green Bay Packers,1,5,3,21,0,Home,Cincinnati Bengals,3
Mychal Rivera,Oakland Raiders,1,3,2,21,0,Home,Denver Broncos,3
Brent Celek,Philadelphia Eagles,1,5,2,18,0,Away,Kansas City Chiefs,3
Ben Watson,New Orleans Saints,1,2,1,14,0,Away,Arizona Cardinals,3
Coby Fleener,Indianapolis Colts,1,2,2,13,0,Home,San Francisco 49ers,3
Robert Housler,Arizona Cardinals,1,3,1,13,0,Home,New Orleans Saints,3
Ryan Taylor,Green Bay Packers,1,3,2,11,0,Home,Cincinnati Bengals,3
Martellus Bennett,Chicago Bears,1,5,2,10,0,Home,Pittsburgh Steelers,3
Michael Egnew,Miami Dolphins,1,1,1,8,0,Away,Atlanta Falcons,3
Tyler Eifert,Cincinnati Bengals,1,2,1,7,0,Away,Green Bay Packers,3
Vance McDonald,San Francisco 49ers,1,3,1,6,0,Away,Indianapolis Colts,3
David Paulson,Pittsburgh Steelers,1,2,1,6,0,Away,Chicago Bears,3
Tim Wright,Tampa Bay Buccaneers,1,2,1,6,0,Home,New England Patriots,3
Zach Ertz,Philadelphia Eagles,1,1,1,5,0,Away,Kansas City Chiefs,3
Tony Scheffler,Detroit Lions,1,2,2,5,0,Home,Washington Redskins,3
Jacob Tamme,Denver Broncos,1,1,1,5,0,Away,Oakland Raiders,3
Nate Byham,Tampa Bay Buccaneers,1,1,1,3,0,Home,New England Patriots,3
John Carlson,Minnesota Vikings,1,2,1,3,0,Away,Cleveland Browns,3
Virgil Green,Denver Broncos,1,2,1,3,0,Away,Oakland Raiders,3
Bear Pascoe,New York Giants,1,1,1,2,0,Home,Carolina Panthers,3
Richie Brockel,Carolina Panthers,1,0,0,0,0,Away,New York Giants,3
Kevin Brock,Kansas City Chiefs,1,1,0,0,0,Home,Philadelphia Eagles,3
Jermichael Finley,Green Bay Packers,1,1,0,0,0,Home,Cincinnati Bengals,3
Steve Maneri,Chicago Bears,1,1,0,0,0,Home,Pittsburgh Steelers,3
Niles Paul,Washington Redskins,1,1,0,0,0,Away,Detroit Lions,3
Brandon Pettigrew,Detroit Lions,1,2,0,0,0,Home,Washington Redskins,3
Allen Reisner,Jacksonville Jaguars,1,1,0,0,0,Home,Seattle Seahawks,3
D.J. Williams,Jacksonville Jaguars,1,1,0,0,0,Home,Seattle Seahawks,3
Tony Gonzalez,Atlanta Falcons,1,14,12,149,2,Away,New England Patriots,4
Jimmy Graham,New Orleans Saints,1,4,4,100,2,Away,Miami Dolphins,4
Antonio Gates,San Diego Chargers,1,10,10,136,1,Away,Dallas Cowboys,4
Jordan Cameron,Cleveland Browns,1,12,10,91,1,Away,Cincinnati Bengals,4
Coby Fleener,Indianapolis Colts,1,7,5,77,1,Home,Jacksonville Jaguars,4
Garrett Graham,Houston Texans,1,6,5,69,1,Away,Seattle Seahawks,4
Sean McGrath,Kansas City Chiefs,1,5,5,64,1,Away,New York Giants,4
Mychal Rivera,Oakland Raiders,1,6,2,44,1,Away,Washington Redskins,4
Charles Clay,Miami Dolphins,1,6,6,42,1,Home,New Orleans Saints,4
Jeff Cumberland,New York Jets,1,1,1,34,1,Home,Tennessee Titans,4
Martellus Bennett,Chicago Bears,1,12,8,90,0,Home,Detroit Lions,4
Vernon Davis,San Francisco 49ers,1,4,2,18,1,Home,St. Louis Rams,4
Delanie Walker,Tennessee Titans,1,4,3,14,1,Away,New York Jets,4
Kellen Winslow,New York Jets,1,9,6,73,0,Home,Tennessee Titans,4
Owen Daniels,Houston Texans,1,11,6,72,0,Away,Seattle Seahawks,4
Heath Miller,Pittsburgh Steelers,1,8,6,70,0,Home,Minnesota Vikings,4
Lance Kendricks,St. Louis Rams,1,1,1,6,1,Away,San Francisco 49ers,4
Ben Watson,New Orleans Saints,1,2,1,4,1,Away,Miami Dolphins,4
Matthew Mulligan,New England Patriots,1,1,1,1,1,Home,Atlanta Falcons,4
Brent Celek,Philadelphia Eagles,1,6,3,57,0,Home,Denver Broncos,4
Brandon Pettigrew,Detroit Lions,1,7,7,54,0,Away,Chicago Bears,4
Jermaine Gresham,Cincinnati Bengals,1,5,3,53,0,Home,Cleveland Browns,4
Logan Paulsen,Washington Redskins,1,2,2,46,0,Home,Oakland Raiders,4
Jared Cook,St. Louis Rams,1,9,4,45,0,Away,San Francisco 49ers,4
Julius Thomas,Denver Broncos,1,4,4,43,0,Away,Philadelphia Eagles,4
Jason Witten,Dallas Cowboys,1,10,5,43,0,Home,San Diego Chargers,4
Tim Wright,Tampa Bay Buccaneers,1,6,5,41,0,Away,Arizona Cardinals,4
Tyler Eifert,Cincinnati Bengals,1,5,3,39,0,Home,Cleveland Browns,4
Clay Harbor,Jacksonville Jaguars,1,3,2,39,0,Away,Indianapolis Colts,4
Zach Ertz,Philadelphia Eagles,1,2,1,38,0,Home,Denver Broncos,4
Dallas Clark,Baltimore Ravens,1,9,4,34,0,Home,Buffalo Bills,4
Scott Chandler,Buffalo Bills,1,3,2,28,0,Away,Baltimore Ravens,4
Lee Smith,Buffalo Bills,1,2,1,28,0,Away,Baltimore Ravens,4
Kevin Brock,Kansas City Chiefs,1,2,2,27,0,Away,New York Giants,4
Robert Housler,Arizona Cardinals,1,2,1,23,0,Home,Tampa Bay Buccaneers,4
Tony Scheffler,Detroit Lions,1,2,1,22,0,Away,Chicago Bears,4
Dominique Jones,Indianapolis Colts,1,1,1,21,0,Home,Jacksonville Jaguars,4
Niles Paul,Washington Redskins,1,3,2,20,0,Home,Oakland Raiders,4
James Casey,Philadelphia Eagles,1,1,1,12,0,Home,Denver Broncos,4
Ed Dickson,Baltimore Ravens,1,3,2,12,0,Home,Buffalo Bills,4
Jim Dray,Arizona Cardinals,1,1,1,10,0,Home,Tampa Bay Buccaneers,4
Vance McDonald,San Francisco 49ers,1,2,1,9,0,Home,St. Louis Rams,4
David Johnson,Pittsburgh Steelers,1,1,1,8,0,Home,Minnesota Vikings,4
Jeron Mastrud,Oakland Raiders,1,2,1,8,0,Away,Washington Redskins,4
Zach Miller,Seattle Seahawks,1,3,1,7,0,Home,Houston Texans,4
John Phillips,San Diego Chargers,1,1,1,7,0,Away,Dallas Cowboys,4
Kyle Rudolph,Minnesota Vikings,1,2,2,6,0,Away,Pittsburgh Steelers,4
Virgil Green,Denver Broncos,1,1,1,5,0,Away,Philadelphia Eagles,4
John Carlson,Minnesota Vikings,1,2,1,4,0,Away,Pittsburgh Steelers,4
Levine Toilolo,Atlanta Falcons,1,2,1,4,0,Away,New England Patriots,4
Gary Barnidge,Cleveland Browns,1,1,1,2,0,Away,Cincinnati Bengals,4
Fred Davis,Washington Redskins,1,1,0,0,0,Home,Oakland Raiders,4
Brandon Myers,New York Giants,1,1,0,0,0,Home,Kansas City Chiefs,4
Bear Pascoe,New York Giants,1,1,0,0,0,Home,Kansas City Chiefs,4
Allen Reisner,Jacksonville Jaguars,1,1,0,0,0,Away,Indianapolis Colts,4
Dion Sims,Miami Dolphins,1,1,0,0,0,Home,New Orleans Saints,4
Julius Thomas,Denver Broncos,1,12,9,122,2,Home,Dallas Cowboys,5
Jason Witten,Dallas Cowboys,1,10,7,121,1,Away,Denver Broncos,5
Vernon Davis,San Francisco 49ers,1,6,3,88,1,Away,Houston Texans,5
Jeff Cumberland,New York Jets,1,4,3,79,1,Home,Atlanta Falcons,5
Jimmy Graham,New Orleans Saints,1,11,10,135,0,Home,Chicago Bears,5
Charles Clay,Miami Dolphins,1,6,3,52,1,Away,Baltimore Ravens,5
Brent Celek,Philadelphia Eagles,1,3,3,47,1,Home,New York Giants,5
Tony Gonzalez,Atlanta Falcons,1,14,10,97,0,Away,New York Jets,5
Lance Kendricks,St. Louis Rams,1,6,4,37,1,Away,Jacksonville Jaguars,5
Greg Olsen,Carolina Panthers,1,6,5,79,0,Home,Arizona Cardinals,5
Levine Toilolo,Atlanta Falcons,1,2,2,15,1,Away,New York Jets,5
Antonio Gates,San Diego Chargers,1,10,7,74,0,Home,Oakland Raiders,5
Jim Dray,Arizona Cardinals,1,2,2,13,1,Away,Carolina Panthers,5
Kellen Winslow,New York Jets,1,1,1,1,1,Home,Atlanta Falcons,5
Owen Daniels,Houston Texans,1,9,6,60,0,Home,San Francisco 49ers,5
Brandon Pettigrew,Detroit Lions,1,5,4,59,0,Home,Green Bay Packers,5
Martellus Bennett,Chicago Bears,1,5,5,56,0,Away,New Orleans Saints,5
Tony Scheffler,Detroit Lions,1,7,4,55,0,Home,Green Bay Packers,5
Sean McGrath,Kansas City Chiefs,1,6,4,54,0,Home,Tennessee Titans,5
Tyler Eifert,Cincinnati Bengals,1,7,5,53,0,Away,New England Patriots,5
Ed Dickson,Baltimore Ravens,1,2,2,51,0,Home,Miami Dolphins,5
Scott Chandler,Buffalo Bills,1,6,4,49,0,Home,Cleveland Browns,5
Delanie Walker,Tennessee Titans,1,6,4,43,0,Away,Kansas City Chiefs,5
Clay Harbor,Jacksonville Jaguars,1,5,3,39,0,Home,St. Louis Rams,5
Zach Ertz,Philadelphia Eagles,1,3,2,38,0,Home,New York Giants,5
Jordan Cameron,Cleveland Browns,1,5,3,36,0,Away,Buffalo Bills,5
Brandon Myers,New York Giants,1,5,2,35,0,Away,Philadelphia Eagles,5
Jermichael Finley,Green Bay Packers,1,6,6,32,0,Away,Detroit Lions,5
Luke Willson,Seattle Seahawks,1,4,2,28,0,Home,Indianapolis Colts,5
Jared Cook,St. Louis Rams,1,3,3,26,0,Away,Jacksonville Jaguars,5
Gavin Escobar,Dallas Cowboys,1,3,1,25,0,Away,Denver Broncos,5
Jermaine Gresham,Cincinnati Bengals,1,4,4,24,0,Away,New England Patriots,5
Coby Fleener,Indianapolis Colts,1,3,2,15,0,Away,Seattle Seahawks,5
Garrett Graham,Houston Texans,1,5,3,15,0,Home,San Francisco 49ers,5
Mychal Rivera,Oakland Raiders,1,3,1,5,0,Away,San Diego Chargers,5
James Hanna,Dallas Cowboys,1,1,1,3,0,Away,Denver Broncos,5
Gary Barnidge,Cleveland Browns,1,1,1,2,0,Away,Buffalo Bills,5
Michael Hoomanawanui,New England Patriots,1,2,1,2,0,Home,Cincinnati Bengals,5
Kevin Brock,Kansas City Chiefs,1,2,0,0,0,Home,Tennessee Titans,5
Michael Egnew,Miami Dolphins,1,1,0,0,0,Away,Baltimore Ravens,5
Ladarius Green,San Diego Chargers,1,1,0,0,0,Home,Oakland Raiders,5
Robert Housler,Arizona Cardinals,1,2,0,0,0,Away,Carolina Panthers,5
Dante Rosario,Chicago Bears,1,1,0,0,0,Away,New Orleans Saints,5
Lee Smith,Buffalo Bills,1,1,0,0,0,Home,Cleveland Browns,5
Ryan Taylor,Green Bay Packers,1,1,0,0,0,Away,Detroit Lions,5
Ben Watson,New Orleans Saints,1,1,0,0,0,Home,Chicago Bears,5
D.J. Williams,Jacksonville Jaguars,1,1,0,0,0,Home,St. Louis Rams,5
Vernon Davis,San Francisco 49ers,1,11,8,180,2,Away,Arizona Cardinals,6
Joseph Fauria,Detroit Lions,1,3,3,34,3,Home,Cleveland Browns,6
Kyle Rudolph,Minnesota Vikings,1,11,9,97,1,Away,Carolina Panthers,6
Dallas Clark,Baltimore Ravens,1,6,4,81,1,Away,Green Bay Packers,6
Scott Chandler,Buffalo Bills,1,4,2,47,1,Away,Cincinnati Bengals,6
Tim Wright,Tampa Bay Buccaneers,1,9,7,91,0,Away,Philadelphia Eagles,6
Heath Miller,Pittsburgh Steelers,1,7,6,84,0,Home,New York Jets,6
Julius Thomas,Denver Broncos,1,7,4,22,1,Away,Jacksonville Jaguars,6
Jermichael Finley,Green Bay Packers,1,7,3,75,0,Home,Baltimore Ravens,6
Martellus Bennett,Chicago Bears,1,7,6,68,0,Away,New York Giants,6
Jordan Cameron,Cleveland Browns,1,6,5,64,0,Away,Detroit Lions,6
Lance Kendricks,St. Louis Rams,1,2,1,2,1,Home,Houston Texans,6
Ben Watson,New Orleans Saints,1,4,3,61,0,Home,New England Patriots,6
Jeff Cumberland,New York Jets,1,5,4,59,0,Away,Pittsburgh Steelers,6
Jordan Reed,Washington Redskins,1,6,4,58,0,Home,Dallas Cowboys,6
Michael Hoomanawanui,New England Patriots,1,4,4,57,0,Away,New Orleans Saints,6
Jared Cook,St. Louis Rams,1,2,2,45,0,Home,Houston Texans,6
Brandon Pettigrew,Detroit Lions,1,4,4,36,0,Home,Cleveland Browns,6
Robert Housler,Arizona Cardinals,1,5,4,32,0,Home,San Francisco 49ers,6
Clay Harbor,Jacksonville Jaguars,1,3,2,29,0,Home,Denver Broncos,6
Delanie Walker,Tennessee Titans,1,5,4,29,0,Home,Seattle Seahawks,6
Antonio Gates,San Diego Chargers,1,8,4,28,0,Away,Indianapolis Colts,6
Jason Witten,Dallas Cowboys,1,5,3,27,0,Away,Washington Redskins,6
Garrett Graham,Houston Texans,1,4,2,25,0,Away,St. Louis Rams,6
Ladarius Green,San Diego Chargers,1,1,1,25,0,Away,Indianapolis Colts,6
Greg Olsen,Carolina Panthers,1,4,2,19,0,Home,Minnesota Vikings,6
Luke Willson,Seattle Seahawks,1,3,2,17,0,Away,Tennessee Titans,6
Coby Fleener,Indianapolis Colts,1,6,3,16,0,Home,San Diego Chargers,6
Bear Pascoe,New York Giants,1,2,1,14,0,Home,Chicago Bears,6
Tyler Eifert,Cincinnati Bengals,1,3,2,13,0,Home,Buffalo Bills,6
Zach Ertz,Philadelphia Eagles,1,6,3,13,0,Home,Tampa Bay Buccaneers,6
Jeron Mastrud,Oakland Raiders,1,2,1,13,0,Home,Kansas City Chiefs,6
John Carlson,Minnesota Vikings,1,2,2,12,0,Away,Carolina Panthers,6
Brent Celek,Philadelphia Eagles,1,1,1,10,0,Home,Tampa Bay Buccaneers,6
Mychal Rivera,Oakland Raiders,1,3,2,10,0,Home,Kansas City Chiefs,6
Kevin Brock,Kansas City Chiefs,1,1,1,9,0,Away,Oakland Raiders,6
Vance McDonald,San Francisco 49ers,1,1,1,7,0,Away,Arizona Cardinals,6
Gary Barnidge,Cleveland Browns,1,3,2,6,0,Away,Detroit Lions,6
Jermaine Gresham,Cincinnati Bengals,1,4,2,5,0,Home,Buffalo Bills,6
Jim Dray,Arizona Cardinals,1,2,1,4,0,Home,San Francisco 49ers,6
Joel Dreessen,Denver Broncos,1,1,1,4,0,Away,Jacksonville Jaguars,6
Billy Bajema,Baltimore Ravens,1,1,1,0,0,Away,Green Bay Packers,6
Tom Crabtree,Tampa Bay Buccaneers,1,1,0,0,0,Away,Philadelphia Eagles,6
Kellen Davis,Seattle Seahawks,1,1,0,0,0,Away,Tennessee Titans,6
Jimmy Graham,New Orleans Saints,1,6,0,0,0,Home,New England Patriots,6
James Hanna,Dallas Cowboys,1,1,0,0,0,Away,Washington Redskins,6
Sean McGrath,Kansas City Chiefs,1,3,0,0,0,Away,Oakland Raiders,6
Brandon Myers,New York Giants,1,1,0,0,0,Home,Chicago Bears,6
Jordan Reed,Washington Redskins,1,9,9,134,1,Away,Chicago Bears,7
Jermichael Finley,Green Bay Packers,1,5,5,72,1,Away,Cleveland Browns,7
Jordan Cameron,Cleveland Browns,1,9,7,55,1,Home,Green Bay Packers,7
Rob Gronkowski,New England Patriots,1,17,8,114,0,Home,New York Jets,7
Delanie Walker,Tennessee Titans,1,5,3,52,1,Away,San Francisco 49ers,7
Tyler Eifert,Cincinnati Bengals,1,4,3,45,1,Home,Detroit Lions,7
Julius Thomas,Denver Broncos,1,6,5,41,1,Home,Indianapolis Colts,7
Zach Miller,Seattle Seahawks,1,7,5,40,1,Home,Arizona Cardinals,7
Coby Fleener,Indianapolis Colts,1,5,5,38,1,Away,Denver Broncos,7
Heath Miller,Pittsburgh Steelers,1,4,2,17,1,Away,Baltimore Ravens,7
Dallas Clark,Baltimore Ravens,1,4,3,9,1,Home,Pittsburgh Steelers,7
Martellus Bennett,Chicago Bears,1,3,1,7,1,Home,Washington Redskins,7
Charles Clay,Miami Dolphins,1,3,1,7,1,Away,Buffalo Bills,7
Brandon Pettigrew,Detroit Lions,1,7,3,7,1,Away,Cincinnati Bengals,7
Jermaine Gresham,Cincinnati Bengals,1,5,4,64,0,Home,Detroit Lions,7
Vernon Davis,San Francisco 49ers,1,8,4,62,0,Home,Tennessee Titans,7
Kellen Davis,Seattle Seahawks,1,1,1,1,1,Home,Arizona Cardinals,7
Robert Housler,Arizona Cardinals,1,7,7,53,0,Away,Seattle Seahawks,7
Jason Witten,Dallas Cowboys,1,6,4,48,0,Home,Philadelphia Eagles,7
Greg Olsen,Carolina Panthers,1,4,4,47,0,Away,St. Louis Rams,7
Jeff Cumberland,New York Jets,1,7,3,41,0,Away,New England Patriots,7
Ladarius Green,San Diego Chargers,1,3,2,40,0,Home,Jacksonville Jaguars,7
Garrett Graham,Houston Texans,1,8,3,38,0,Home,Kansas City Chiefs,7
Jared Cook,St. Louis Rams,1,7,4,33,0,Home,Carolina Panthers,7
Zach Ertz,Philadelphia Eagles,1,5,3,33,0,Away,Dallas Cowboys,7
Antonio Gates,San Diego Chargers,1,6,6,31,0,Home,Jacksonville Jaguars,7
Marcedes Lewis,Jacksonville Jaguars,1,3,1,31,0,Away,San Diego Chargers,7
Tony Gonzalez,Atlanta Falcons,1,4,2,30,0,Away,Tampa Bay Buccaneers,7
Anthony Fasano,Kansas City Chiefs,1,5,4,27,0,Away,Houston Texans,7
Kyle Rudolph,Minnesota Vikings,1,9,3,27,0,Home,New York Giants,7
Luke Willson,Seattle Seahawks,1,2,1,23,0,Home,Arizona Cardinals,7
Vance McDonald,San Francisco 49ers,1,2,1,20,0,Home,Tennessee Titans,7
Scott Chandler,Buffalo Bills,1,3,2,18,0,Home,Miami Dolphins,7
Lee Smith,Buffalo Bills,1,1,1,18,0,Home,Miami Dolphins,7
Ed Dickson,Baltimore Ravens,1,2,2,17,0,Home,Pittsburgh Steelers,7
David Paulson,Pittsburgh Steelers,1,1,1,17,0,Away,Baltimore Ravens,7
Joseph Fauria,Detroit Lions,1,4,1,15,0,Away,Cincinnati Bengals,7
Brandon Myers,New York Giants,1,3,2,15,0,Away,Minnesota Vikings,7
Tim Wright,Tampa Bay Buccaneers,1,3,2,15,0,Home,Atlanta Falcons,7
Tom Crabtree,Tampa Bay Buccaneers,1,2,1,14,0,Home,Atlanta Falcons,7
John Carlson,Minnesota Vikings,1,2,1,9,0,Home,New York Giants,7
Brent Celek,Philadelphia Eagles,1,4,1,9,0,Away,Dallas Cowboys,7
Jim Dray,Arizona Cardinals,1,2,1,8,0,Away,Seattle Seahawks,7
Jack Doyle,Indianapolis Colts,1,2,1,7,0,Away,Denver Broncos,7
Lance Kendricks,St. Louis Rams,1,3,2,7,0,Home,Carolina Panthers,7
Jacob Tamme,Denver Broncos,1,1,1,7,0,Home,Indianapolis Colts,7
John Phillips,San Diego Chargers,1,1,1,5,0,Home,Jacksonville Jaguars,7
Bear Pascoe,New York Giants,1,2,1,4,0,Away,Minnesota Vikings,7
Sean McGrath,Kansas City Chiefs,1,2,1,1,0,Away,Houston Texans,7
Gary Barnidge,Cleveland Browns,1,1,0,0,0,Home,Green Bay Packers,7
Gavin Escobar,Dallas Cowboys,1,1,0,0,0,Home,Philadelphia Eagles,7
Logan Paulsen,Washington Redskins,1,1,0,0,0,Away,Chicago Bears,7
Andrew Quarless,Green Bay Packers,1,1,0,0,0,Away,Cleveland Browns,7
Jimmy Graham,New Orleans Saints,1,3,3,37,2,Away,Buffalo Bills,8
Vernon Davis,San Francisco 49ers,1,4,3,52,1,Home,Jacksonville Jaguars,8
Tim Wright,Tampa Bay Buccaneers,1,8,5,48,1,Away,Carolina Panthers,8
Jordan Reed,Washington Redskins,1,14,8,90,0,Home,Denver Broncos,8
Jordan Cameron,Cleveland Browns,1,4,4,81,0,Home,Kansas City Chiefs,8
Greg Olsen,Carolina Panthers,1,4,3,21,1,Home,Tampa Bay Buccaneers,8
Jermaine Gresham,Cincinnati Bengals,1,3,2,14,1,Away,New York Jets,8
Scott Chandler,Buffalo Bills,1,11,7,72,0,Home,New Orleans Saints,8
Joel Dreessen,Denver Broncos,1,2,2,9,1,Away,Washington Redskins,8
Kyle Rudolph,Minnesota Vikings,1,4,4,51,0,Away,Green Bay Packers,8
Ben Watson,New Orleans Saints,1,3,3,45,0,Away,Buffalo Bills,8
Brandon Myers,New York Giants,1,4,3,42,0,Home,Philadelphia Eagles,8
Charles Clay,Miami Dolphins,1,8,5,37,0,Home,New England Patriots,8
Jared Cook,St. Louis Rams,1,6,3,31,0,Away,Seattle Seahawks,8
Brandon Pettigrew,Detroit Lions,1,6,3,31,0,Away,Dallas Cowboys,8
Julius Thomas,Denver Broncos,1,3,3,29,0,Away,Washington Redskins,8
Rob Gronkowski,New England Patriots,1,5,2,27,0,Away,Miami Dolphins,8
Tony Gonzalez,Atlanta Falcons,1,8,3,26,0,Home,Arizona Cardinals,8
Sean McGrath,Kansas City Chiefs,1,2,2,25,0,Away,Cleveland Browns,8
Tyler Eifert,Cincinnati Bengals,1,4,2,23,0,Away,New York Jets,8
Lance Kendricks,St. Louis Rams,1,5,2,23,0,Away,Seattle Seahawks,8
Heath Miller,Pittsburgh Steelers,1,6,3,19,0,Home,Oakland Raiders,8
Brent Celek,Philadelphia Eagles,1,3,2,17,0,Away,New York Giants,8
Jacob Tamme,Denver Broncos,1,1,1,15,0,Away,Washington Redskins,8
Jason Witten,Dallas Cowboys,1,2,2,15,0,Home,Detroit Lions,8
Anthony Fasano,Kansas City Chiefs,1,3,2,14,0,Away,Cleveland Browns,8
Robert Housler,Arizona Cardinals,1,1,1,14,0,Away,Atlanta Falcons,8
Zach Miller,Seattle Seahawks,1,3,2,14,0,Home,St. Louis Rams,8
Andrew Quarless,Green Bay Packers,1,2,2,13,0,Home,Minnesota Vikings,8
Richie Brockel,Carolina Panthers,1,1,1,12,0,Home,Tampa Bay Buccaneers,8
James Hanna,Dallas Cowboys,1,2,2,12,0,Home,Detroit Lions,8
James Casey,Philadelphia Eagles,1,1,1,11,0,Away,New York Giants,8
Michael Egnew,Miami Dolphins,1,2,1,11,0,Home,New England Patriots,8
Zach Sudfeld,New York Jets,1,2,2,10,0,Home,Cincinnati Bengals,8
Jeff Cumberland,New York Jets,1,2,1,9,0,Home,Cincinnati Bengals,8
Jeron Mastrud,Oakland Raiders,1,1,1,9,0,Away,Pittsburgh Steelers,8
Clay Harbor,Jacksonville Jaguars,1,1,1,7,0,Away,San Francisco 49ers,8
Marcedes Lewis,Jacksonville Jaguars,1,3,1,6,0,Away,San Francisco 49ers,8
Levine Toilolo,Atlanta Falcons,1,3,3,6,0,Home,Arizona Cardinals,8
Zach Ertz,Philadelphia Eagles,1,4,1,5,0,Away,New York Giants,8
Dion Sims,Miami Dolphins,1,2,1,4,0,Home,New England Patriots,8
Gary Barnidge,Cleveland Browns,1,1,1,3,0,Home,Kansas City Chiefs,8
John Carlson,Minnesota Vikings,1,2,1,3,0,Away,Green Bay Packers,8
Chase Coffman,Atlanta Falcons,1,2,0,0,0,Home,Arizona Cardinals,8
Tom Crabtree,Tampa Bay Buccaneers,1,2,1,0,0,Away,Carolina Panthers,8
Virgil Green,Denver Broncos,1,1,0,0,0,Away,Washington Redskins,8
Logan Paulsen,Washington Redskins,1,1,0,0,0,Home,Denver Broncos,8
Mychal Rivera,Oakland Raiders,1,1,0,0,0,Away,Pittsburgh Steelers,8
Jimmy Graham,New Orleans Saints,1,12,9,116,2,Home,New York Jets,9
Rob Gronkowski,New England Patriots,1,10,9,143,1,Away,Pittsburgh Steelers,9
Jason Witten,Dallas Cowboys,1,10,8,102,1,Away,Minnesota Vikings,9
Tony Gonzalez,Atlanta Falcons,1,7,6,81,1,Home,Carolina Panthers,9
Greg Olsen,Carolina Panthers,1,5,4,66,1,Away,Atlanta Falcons,9
Tim Wright,Tampa Bay Buccaneers,1,4,4,58,1,Home,Seattle Seahawks,9
Zach Ertz,Philadelphia Eagles,1,6,5,42,1,Home,Oakland Raiders,9
Jared Cook,St. Louis Rams,1,6,3,36,1,Away,Tennessee Titans,9
Kyle Rudolph,Minnesota Vikings,1,2,2,35,1,Home,Dallas Cowboys,9
Brent Celek,Philadelphia Eagles,1,4,3,27,1,Home,Oakland Raiders,9
Gary Barnidge,Cleveland Browns,1,1,1,4,1,Away,Baltimore Ravens,9
Coby Fleener,Indianapolis Colts,1,5,3,64,0,Home,Houston Texans,9
Tom Crabtree,Tampa Bay Buccaneers,1,1,1,2,1,Home,Seattle Seahawks,9
Jordan Reed,Washington Redskins,1,5,4,37,0,Away,San Diego Chargers,9
Antonio Gates,San Diego Chargers,1,10,6,53,0,Home,Washington Redskins,9
Zach Miller,Seattle Seahawks,1,5,3,49,0,Away,Tampa Bay Buccaneers,9
Garrett Graham,Houston Texans,1,6,4,46,0,Away,Indianapolis Colts,9
Zach Sudfeld,New York Jets,1,4,2,46,0,Away,New Orleans Saints,9
Heath Miller,Pittsburgh Steelers,1,5,4,43,0,Home,New England Patriots,9
Martellus Bennett,Chicago Bears,1,8,4,36,0,Home,Green Bay Packers,9
Mychal Rivera,Oakland Raiders,1,5,4,36,0,Away,Philadelphia Eagles,9
Charles Clay,Miami Dolphins,1,3,3,22,0,Away,Cincinnati Bengals,9
Andrew Quarless,Green Bay Packers,1,7,5,34,0,Away,Chicago Bears,9
Jermaine Gresham,Cincinnati Bengals,1,7,3,33,0,Home,Miami Dolphins,9
Scott Chandler,Buffalo Bills,1,9,3,26,0,Away,Kansas City Chiefs,9
John Carlson,Minnesota Vikings,1,6,4,23,0,Home,Dallas Cowboys,9
James Hanna,Dallas Cowboys,1,1,1,21,0,Away,Minnesota Vikings,9
Anthony Fasano,Kansas City Chiefs,1,1,1,20,0,Home,Buffalo Bills,9
Michael Hoomanawanui,New England Patriots,1,2,1,17,0,Away,Pittsburgh Steelers,9
Dallas Clark,Baltimore Ravens,1,1,1,14,0,Home,Cleveland Browns,9
Tyler Eifert,Cincinnati Bengals,1,4,3,14,0,Home,Miami Dolphins,9
Michael Egnew,Miami Dolphins,1,1,1,13,0,Away,Cincinnati Bengals,9
Lance Kendricks,St. Louis Rams,1,4,3,13,0,Away,Tennessee Titans,9
Delanie Walker,Tennessee Titans,1,2,2,13,0,Home,St. Louis Rams,9
Ladarius Green,San Diego Chargers,1,1,1,10,0,Home,Washington Redskins,9
Logan Paulsen,Washington Redskins,1,3,3,9,0,Away,San Diego Chargers,9
Niles Paul,Washington Redskins,1,2,1,6,0,Away,San Diego Chargers,9
Jordan Cameron,Cleveland Browns,1,5,1,4,0,Away,Baltimore Ravens,9
Ed Dickson,Baltimore Ravens,1,3,1,3,0,Home,Cleveland Browns,9
James Casey,Philadelphia Eagles,1,1,0,0,0,Home,Oakland Raiders,9
Nick Kasa,Oakland Raiders,1,1,0,0,0,Away,Philadelphia Eagles,9
Jeron Mastrud,Oakland Raiders,1,1,0,0,0,Away,Philadelphia Eagles,9
Craig Stevens,Tennessee Titans,1,1,0,0,0,Home,St. Louis Rams,9
Ben Watson,New Orleans Saints,1,1,0,0,0,Home,New York Jets,9
