Player,Team,G,RushingAtt,RushingYard,RushingTD,ReceivingTarget,ReceivingRec,ReceivingYard,ReceivingTD,Home or Away,Opponent,Week
Marshawn Lynch,Seattle Seahawks,1,10,113,2,0,0,0,0,Home,Arizona Cardinals,16
Frank Gore,San Francisco 49ers,1,26,158,1,0,0,0,0,Away,San Diego Chargers,16
Lamar Miller,Miami Dolphins,1,19,92,1,7,5,58,0,Away,Minnesota Vikings,16
Jeremy Hill,Cincinnati Bengals,1,22,147,1,0,0,0,0,Away,Denver Broncos,16
C.J. Anderson,Denver Broncos,1,18,83,1,10,8,55,0,Home,Cincinnati Bengals,16
Matt Asiata,Minnesota Vikings,1,16,58,2,4,3,19,0,Home,Miami Dolphins,16
Jonathan Stewart,Carolina Panthers,1,24,122,0,4,2,7,1,Away,Cleveland Browns,16
LeSean McCoy,Philadelphia Eagles,1,22,88,1,4,3,28,0,Home,Washington Redskins,16
Eddie Lacy,Green Bay Packers,1,17,99,1,1,1,5,0,Home,Tampa Bay Buccaneers,16
Reggie Bush,Detroit Lions,1,7,54,1,7,6,44,0,Home,Chicago Bears,16
Matt Forte,Chicago Bears,1,19,55,0,6,6,40,1,Away,Detroit Lions,16
Joique Bell,Detroit Lions,1,13,74,1,3,2,13,0,Home,Chicago Bears,16
Devonta Freeman,Atlanta Falcons,1,5,36,1,4,3,48,0,Home,New Orleans Saints,16
Tre Mason,St. Louis Rams,1,13,76,1,1,1,7,0,Away,New York Giants,16
Alfred Morris,Washington Redskins,1,21,83,1,0,0,0,0,Away,Philadelphia Eagles,16
Giovani Bernard,Cincinnati Bengals,1,8,36,0,5,5,45,1,Away,Denver Broncos,16
Jordan Todman,Jacksonville Jaguars,1,5,71,1,3,2,5,0,Away,Tennessee Titans,16
Leon Washington,Tennessee Titans,1,4,11,0,7,7,62,1,Home,Jacksonville Jaguars,16
Le'Veon Bell,Pittsburgh Steelers,1,20,63,1,2,1,9,0,Away,Kansas City Chiefs,16
Damien Williams,Miami Dolphins,1,3,18,0,6,6,50,1,Away,Minnesota Vikings,16
Darrel Young,Washington Redskins,1,2,2,2,1,1,3,0,Away,Philadelphia Eagles,16
Toby Gerhart,Jacksonville Jaguars,1,12,53,1,2,1,7,0,Away,Tennessee Titans,16
Arian Foster,Houston Texans,1,25,96,0,4,1,23,0,Away,Baltimore Ravens,16
DeMarco Murray,Dallas Cowboys,1,22,58,1,0,0,0,0,Away,Indianapolis Colts,16
Mark Ingram,New Orleans Saints,1,13,38,1,3,3,17,0,Away,Atlanta Falcons,16
Andre Williams,New York Giants,1,26,110,0,1,0,0,0,Home,St. Louis Rams,16
Latavius Murray,Oakland Raiders,1,23,86,0,4,3,22,0,Away,Buffalo Bills,16
Fred Jackson,Buffalo Bills,1,6,10,0,12,9,93,0,Home,Oakland Raiders,16
Orleans Darkwa,New York Giants,1,4,21,1,2,2,17,0,Home,St. Louis Rams,16
Branden Oliver,San Diego Chargers,1,13,53,0,5,3,28,0,Home,San Francisco 49ers,16
Zurlon Tipton,Indianapolis Colts,1,1,-3,0,4,4,23,1,Home,Dallas Cowboys,16
Jamaal Charles,Kansas City Chiefs,1,9,29,0,7,5,48,0,Home,Pittsburgh Steelers,16
Darren Sproles,Philadelphia Eagles,1,4,24,0,9,6,43,0,Home,Washington Redskins,16
Jonas Gray,New England Patriots,1,6,5,1,1,0,0,0,Home,New York Jets,16
Jamize Olawale,Oakland Raiders,1,0,0,0,1,1,1,1,Away,Buffalo Bills,16
Isaiah Crowell,Cleveland Browns,1,16,55,0,0,0,0,0,Home,Carolina Panthers,16
Darren McFadden,Oakland Raiders,1,9,54,0,2,1,0,0,Away,Buffalo Bills,16
Chris Ivory,New York Jets,1,11,53,0,0,0,0,0,Away,New England Patriots,16
Bishop Sankey,Tennessee Titans,1,14,44,0,2,1,9,0,Home,Jacksonville Jaguars,16
Shane Vereen,New England Patriots,1,6,38,0,2,1,12,0,Home,New York Jets,16
Joseph Randle,Dallas Cowboys,1,13,37,0,1,1,7,0,Away,Indianapolis Colts,16
Stepfan Taylor,Arizona Cardinals,1,11,19,0,3,2,25,0,Away,Seattle Seahawks,16
Ronnie Brown,San Diego Chargers,1,7,33,0,3,1,9,0,Home,San Francisco 49ers,16
De'Anthony Thomas,Kansas City Chiefs,1,1,-6,0,7,6,47,0,Home,Pittsburgh Steelers,16
Dan Herron,Indianapolis Colts,1,7,3,0,4,3,37,0,Home,Dallas Cowboys,16
Robert Turbin,Seattle Seahawks,1,10,38,0,0,0,0,0,Home,Arizona Cardinals,16
Bilal Powell,New York Jets,1,5,21,0,2,2,13,0,Away,New England Patriots,16
Chris Johnson,New York Jets,1,10,30,0,1,1,3,0,Away,New England Patriots,16
Joe Banyard,Minnesota Vikings,1,5,23,0,3,2,9,0,Home,Miami Dolphins,16
Brandon Bolden,New England Patriots,1,5,32,0,0,0,0,0,Home,New York Jets,16
Justin Forsett,Baltimore Ravens,1,10,19,0,4,4,13,0,Home,Houston Texans,16
Jacquizz Rodgers,Atlanta Falcons,1,11,29,0,2,1,3,0,Home,New Orleans Saints,16
Fitzgerald Toussaint,Baltimore Ravens,1,4,11,0,5,2,20,0,Home,Houston Texans,16
Charles Sims,Tampa Bay Buccaneers,1,4,-1,0,6,3,30,0,Away,Green Bay Packers,16
John Conner,New York Jets,1,1,2,0,1,1,26,0,Away,New England Patriots,16
Shonn Greene,Tennessee Titans,1,7,28,0,0,0,0,0,Home,Jacksonville Jaguars,16
Christine Michael,Seattle Seahawks,1,8,28,0,0,0,0,0,Home,Arizona Cardinals,16
James Starks,Green Bay Packers,1,7,3,0,5,4,22,0,Home,Tampa Bay Buccaneers,16
Pierre Thomas,New Orleans Saints,1,0,0,0,3,2,24,0,Away,Atlanta Falcons,16
Steven Jackson,Atlanta Falcons,1,4,9,0,1,1,14,0,Home,New Orleans Saints,16
Alfonso Smith,San Francisco 49ers,1,2,14,0,2,2,9,0,Away,San Diego Chargers,16
John Kuhn,Green Bay Packers,1,4,22,0,0,0,0,0,Home,Tampa Bay Buccaneers,16
Bruce Miller,San Francisco 49ers,1,1,0,0,2,2,22,0,Away,San Diego Chargers,16
Marcel Reece,Oakland Raiders,1,0,0,0,3,2,20,0,Away,Buffalo Bills,16
Mike Tolbert,Carolina Panthers,1,7,19,0,1,0,0,0,Away,Cleveland Browns,16
Benny Cunningham,St. Louis Rams,1,1,-1,0,2,2,19,0,Away,New York Giants,16
Doug Martin,Tampa Bay Buccaneers,1,10,17,0,1,0,0,0,Away,Green Bay Packers,16
Donald Brown,San Diego Chargers,1,4,12,0,3,1,4,0,Home,San Francisco 49ers,16
Lance Dunbar,Dallas Cowboys,1,2,4,0,2,2,10,0,Away,Indianapolis Colts,16
Khiry Robinson,New Orleans Saints,1,2,7,0,1,1,5,0,Away,Atlanta Falcons,16
Knile Davis,Kansas City Chiefs,1,2,2,0,1,1,9,0,Home,Pittsburgh Steelers,16
Theo Riddick,Detroit Lions,1,0,0,0,3,2,10,0,Home,Chicago Bears,16
C.J. Spiller,Buffalo Bills,1,4,-4,0,4,4,14,0,Home,Oakland Raiders,16
Marion Grice,Arizona Cardinals,1,1,6,0,4,1,3,0,Away,Seattle Seahawks,16
Trent Richardson,Indianapolis Colts,1,2,1,0,2,2,8,0,Home,Dallas Cowboys,16
Anthony Dixon,Buffalo Bills,1,3,7,0,0,0,0,0,Home,Oakland Raiders,16
Alfred Blue,Houston Texans,1,8,6,0,0,0,0,0,Away,Baltimore Ravens,16
Zac Stacy,St. Louis Rams,1,2,6,0,0,0,0,0,Away,New York Giants,16
LaMichael James,Miami Dolphins,1,1,5,0,0,0,0,0,Away,Minnesota Vikings,16
Chris Thompson,Washington Redskins,1,0,0,0,3,3,5,0,Away,Philadelphia Eagles,16
Fozzy Whittaker,Carolina Panthers,1,1,5,0,0,0,0,0,Away,Cleveland Browns,16
George Winn,Detroit Lions,1,1,5,0,0,0,0,0,Home,Chicago Bears,16
Silas Redd,Washington Redskins,1,1,4,0,0,0,0,0,Away,Philadelphia Eagles,16
Kerwynn Williams,Arizona Cardinals,1,2,4,0,0,0,0,0,Away,Seattle Seahawks,16
Jed Collins,Detroit Lions,1,1,3,0,1,0,0,0,Home,Chicago Bears,16
Patrick DiMarco,Atlanta Falcons,1,0,0,0,1,1,3,0,Home,New Orleans Saints,16
Storm Johnson,Jacksonville Jaguars,1,3,3,0,0,0,0,0,Away,Tennessee Titans,16
Jonathan Grimes,Houston Texans,1,1,2,0,0,0,0,0,Away,Baltimore Ravens,16
Juwan Thompson,Denver Broncos,1,1,2,0,1,0,0,0,Home,Cincinnati Bengals,16
Robert Hughes,Arizona Cardinals,1,1,0,0,0,0,0,0,Away,Seattle Seahawks,16
Jay Prosch,Houston Texans,1,0,0,0,1,0,0,0,Away,Baltimore Ravens,16
Bernard Pierce,Baltimore Ravens,1,1,-2,0,0,0,0,0,Home,Houston Texans,16
