Player,Team,G,RushingAtt,RushingYard,RushingTD,ReceivingTarget,ReceivingRec,ReceivingYard,ReceivingTD,Home or Away,Opponent,Week
Knowshon Moreno,Denver Broncos,1,15,42,3,10,7,62,0,Away,Jacksonville Jaguars,6
Marshawn Lynch,Seattle Seahawks,1,21,77,2,5,4,78,0,Away,Tennessee Titans,6
Jamaal Charles,Kansas City Chiefs,1,22,78,2,9,5,50,0,Away,Oakland Raiders,6
Brandon Jacobs,New York Giants,1,22,106,2,2,1,8,0,Home,Chicago Bears,6
Stevan Ridley,New England Patriots,1,20,96,2,1,1,14,0,Away,New Orleans Saints,6
Arian Foster,Houston Texans,1,20,141,0,7,4,57,0,Away,St. Louis Rams,6
Reggie Bush,Detroit Lions,1,17,78,0,6,5,57,1,Home,Cleveland Browns,6
LeSean McCoy,Philadelphia Eagles,1,25,116,0,2,2,55,0,Home,Tampa Bay Buccaneers,6
Mike Tolbert,Carolina Panthers,1,8,27,1,3,2,20,1,Home,Minnesota Vikings,6
Giovani Bernard,Cincinnati Bengals,1,15,28,0,7,6,72,1,Home,Buffalo Bills,6
Andre Ellington,Arizona Cardinals,1,7,56,1,5,5,36,0,Home,San Francisco 49ers,6
Chris Ogbonnaya,Cleveland Browns,1,5,24,0,12,7,61,1,Away,Detroit Lions,6
Alfred Morris,Washington Redskins,1,16,81,1,1,0,0,0,Home,Dallas Cowboys,6
Maurice Jones-Drew,Jacksonville Jaguars,1,21,71,1,2,2,3,0,Home,Denver Broncos,6
Eddie Lacy,Green Bay Packers,1,23,120,0,1,1,5,0,Home,Baltimore Ravens,6
DeAngelo Williams,Carolina Panthers,1,17,64,0,5,5,53,0,Home,Minnesota Vikings,6
Khiry Robinson,New Orleans Saints,1,7,53,1,0,0,0,0,Home,New England Patriots,6
Matt Forte,Chicago Bears,1,19,67,0,6,6,44,0,Away,New York Giants,6
DeMarco Murray,Dallas Cowboys,1,7,29,1,2,2,21,0,Away,Washington Redskins,6
Ryan Mathews,San Diego Chargers,1,22,102,0,1,0,0,0,Away,Indianapolis Colts,6
Frank Gore,San Francisco 49ers,1,25,101,0,0,0,0,0,Away,Arizona Cardinals,6
Joseph Randle,Dallas Cowboys,1,11,17,1,2,2,15,0,Away,Washington Redskins,6
Doug Martin,Tampa Bay Buccaneers,1,16,67,0,4,4,24,0,Away,Philadelphia Eagles,6
Zac Stacy,St. Louis Rams,1,18,79,0,2,2,11,0,Home,Houston Texans,6
Ben Tate,Houston Texans,1,10,12,1,4,3,16,0,Away,St. Louis Rams,6
BenJarvus Green-Ellis,Cincinnati Bengals,1,18,86,0,1,0,0,0,Home,Buffalo Bills,6
Darren McFadden,Oakland Raiders,1,16,52,0,3,3,31,0,Home,Kansas City Chiefs,6
Adrian Peterson,Minnesota Vikings,1,10,62,0,4,3,21,0,Away,Carolina Panthers,6
Danny Woodhead,San Diego Chargers,1,9,36,0,5,5,47,0,Away,Indianapolis Colts,6
Pierre Thomas,New Orleans Saints,1,11,51,0,1,1,29,0,Home,New England Patriots,6
Roy Helu,Washington Redskins,1,6,42,0,6,4,35,0,Home,Dallas Cowboys,6
Darren Sproles,New Orleans Saints,1,5,15,0,12,6,58,0,Home,New England Patriots,6
Kendall Hunter,San Francisco 49ers,1,3,11,1,1,0,0,0,Away,Arizona Cardinals,6
C.J. Spiller,Buffalo Bills,1,10,55,0,2,2,11,0,Away,Cincinnati Bengals,6
Travaris Cadet,New Orleans Saints,1,0,0,0,1,1,3,1,Home,New England Patriots,6
Le'Veon Bell,Pittsburgh Steelers,1,16,34,0,3,3,22,0,Home,New York Jets,6
Chris Johnson,Tennessee Titans,1,12,33,0,4,3,21,0,Home,Seattle Seahawks,6
Trent Richardson,Indianapolis Colts,1,10,40,0,2,1,13,0,Home,San Diego Chargers,6
Bilal Powell,New York Jets,1,9,30,0,3,3,20,0,Away,Pittsburgh Steelers,6
Ray Rice,Baltimore Ravens,1,14,34,0,4,3,15,0,Away,Green Bay Packers,6
Fred Jackson,Buffalo Bills,1,10,35,0,5,4,13,0,Away,Cincinnati Bengals,6
Rashard Mendenhall,Arizona Cardinals,1,10,40,0,1,1,2,0,Home,San Francisco 49ers,6
Mike Goodson,New York Jets,1,4,29,0,1,1,10,0,Away,Pittsburgh Steelers,6
Willis McGahee,Cleveland Browns,1,10,37,0,1,1,2,0,Away,Detroit Lions,6
Ronnie Hillman,Denver Broncos,1,4,20,0,2,2,16,0,Away,Jacksonville Jaguars,6
Robert Turbin,Seattle Seahawks,1,1,13,0,2,2,23,0,Away,Tennessee Titans,6
Donald Brown,Indianapolis Colts,1,3,15,0,2,2,19,0,Home,San Diego Chargers,6
Joique Bell,Detroit Lions,1,7,25,0,2,1,8,0,Home,Cleveland Browns,6
Tashard Choice,Buffalo Bills,1,4,24,0,3,2,9,0,Away,Cincinnati Bengals,6
Felix Jones,Pittsburgh Steelers,1,5,18,0,1,1,15,0,Home,New York Jets,6
Bernard Pierce,Baltimore Ravens,1,6,9,0,2,2,22,0,Away,Green Bay Packers,6
Tony Fiammetta,Chicago Bears,1,0,0,0,1,1,30,0,Away,New York Giants,6
Brandon Bolden,New England Patriots,1,5,19,0,3,2,9,0,Away,New Orleans Saints,6
Daryl Richardson,St. Louis Rams,1,3,5,0,1,1,18,0,Home,Houston Texans,6
Rashad Jennings,Oakland Raiders,1,4,12,0,2,1,9,0,Home,Kansas City Chiefs,6
Da'Rel Scott,New York Giants,1,4,17,0,2,1,4,0,Home,Chicago Bears,6
Bryce Brown,Philadelphia Eagles,1,5,20,0,2,0,0,0,Home,Tampa Bay Buccaneers,6
Darrel Young,Washington Redskins,1,1,19,0,0,0,0,0,Home,Dallas Cowboys,6
Justin Forsett,Jacksonville Jaguars,1,1,0,0,3,3,18,0,Home,Denver Broncos,6
Bruce Miller,San Francisco 49ers,1,2,6,0,2,1,11,0,Away,Arizona Cardinals,6
Toby Gerhart,Minnesota Vikings,1,1,6,0,2,1,10,0,Away,Carolina Panthers,6
Chris Ivory,New York Jets,1,4,16,0,0,0,0,0,Away,Pittsburgh Steelers,6
Montee Ball,Denver Broncos,1,3,15,0,2,0,0,0,Away,Jacksonville Jaguars,6
Michael Bush,Chicago Bears,1,6,8,0,2,1,6,0,Away,New York Giants,6
Dexter McCluster,Kansas City Chiefs,1,1,4,0,5,1,10,0,Away,Oakland Raiders,6
Stanley Havili,Indianapolis Colts,1,0,0,0,1,1,12,0,Home,San Diego Chargers,6
Benny Cunningham,St. Louis Rams,1,3,11,0,0,0,0,0,Home,Houston Texans,6
John Kuhn,Green Bay Packers,1,1,2,0,2,2,9,0,Home,Baltimore Ravens,6
Jonathan Dwyer,Pittsburgh Steelers,1,3,10,0,0,0,0,0,Home,New York Jets,6
LeGarrette Blount,New England Patriots,1,7,9,0,1,0,0,0,Away,New Orleans Saints,6
Mikel Leshoure,Detroit Lions,1,2,9,0,0,0,0,0,Home,Cleveland Browns,6
Marcel Reece,Oakland Raiders,1,0,0,0,3,1,9,0,Home,Kansas City Chiefs,6
Anthony Dixon,San Francisco 49ers,1,3,4,0,1,1,3,0,Away,Arizona Cardinals,6
Mike James,Tampa Bay Buccaneers,1,2,7,0,0,0,0,0,Away,Philadelphia Eagles,6
Stepfan Taylor,Arizona Cardinals,1,2,7,0,0,0,0,0,Home,San Francisco 49ers,6
Armond Smith,Carolina Panthers,1,1,5,0,0,0,0,0,Home,Minnesota Vikings,6
Jed Collins,New Orleans Saints,1,1,1,0,1,1,3,0,Home,New England Patriots,6
Johnathan Franklin,Green Bay Packers,1,1,-3,0,1,1,7,0,Home,Baltimore Ravens,6
Greg Jones,Houston Texans,1,0,0,0,2,1,4,0,Away,St. Louis Rams,6
Ronnie Brown,San Diego Chargers,1,2,3,0,0,0,0,0,Away,Indianapolis Colts,6
Brian Leonard,Tampa Bay Buccaneers,1,0,0,0,1,1,3,0,Away,Philadelphia Eagles,6
Will Johnson,Pittsburgh Steelers,1,0,0,0,3,2,2,0,Home,New York Jets,6
Le'Ron McClain,San Diego Chargers,1,2,3,0,1,1,-1,0,Away,Indianapolis Colts,6
Denard Robinson,Jacksonville Jaguars,1,1,2,0,0,0,0,0,Home,Denver Broncos,6
Alfonso Smith,Arizona Cardinals,1,1,2,0,1,0,0,0,Home,San Francisco 49ers,6
Phillip Tanner,Dallas Cowboys,1,1,2,0,0,0,0,0,Away,Washington Redskins,6
Vonta Leach,Baltimore Ravens,1,0,0,0,2,0,0,0,Away,Green Bay Packers,6
Bobby Rainey,Cleveland Browns,1,1,0,0,0,0,0,0,Away,Detroit Lions,6
Darius Reynaud,Tennessee Titans,1,1,0,0,0,0,0,0,Home,Seattle Seahawks,6
Knile Davis,Kansas City Chiefs,1,0,0,0,1,1,-1,0,Away,Oakland Raiders,6
