Player,Team,G,RushingAtt,RushingYard,RushingTD,ReceivingTarget,ReceivingRec,ReceivingYard,ReceivingTD,Home or Away,Opponent,Week
DeMarco Murray,Dallas Cowboys,1,26,175,1,3,3,28,0,Away,St. Louis Rams,3
Jamaal Charles,Kansas City Chiefs,1,20,92,1,8,7,80,0,Home,Philadelphia Eagles,3
LeSean McCoy,Philadelphia Eagles,1,20,158,1,1,0,0,0,Away,Kansas City Chiefs,3
Joique Bell,Detroit Lions,1,20,63,1,5,4,69,0,Home,Washington Redskins,3
Johnathan Franklin,Green Bay Packers,1,13,103,1,3,3,23,0,Home,Cincinnati Bengals,3
Adrian Peterson,Minnesota Vikings,1,25,88,1,6,6,27,0,Away,Cleveland Browns,3
Ahmad Bradshaw,Indianapolis Colts,1,19,95,1,4,3,16,0,Home,San Francisco 49ers,3
Matt Forte,Chicago Bears,1,16,87,1,4,4,24,0,Home,Pittsburgh Steelers,3
Jason Snelling,Atlanta Falcons,1,11,53,0,5,4,58,1,Home,Miami Dolphins,3
Giovani Bernard,Cincinnati Bengals,1,10,50,1,4,4,49,0,Away,Green Bay Packers,3
Bilal Powell,New York Jets,1,27,149,0,3,2,9,0,Away,Buffalo Bills,3
Ronnie Hillman,Denver Broncos,1,9,66,1,1,1,12,0,Away,Oakland Raiders,3
Alfred Morris,Washington Redskins,1,15,73,1,1,0,0,0,Away,Detroit Lions,3
Bernard Pierce,Baltimore Ravens,1,24,65,1,2,2,7,0,Away,Houston Texans,3
Maurice Jones-Drew,Jacksonville Jaguars,1,19,43,1,5,2,19,0,Home,Seattle Seahawks,3
DeAngelo Williams,Carolina Panthers,1,23,120,0,2,1,-3,0,Away,New York Giants,3
Fred Jackson,Buffalo Bills,1,7,72,0,5,4,37,0,Home,New York Jets,3
Doug Martin,Tampa Bay Buccaneers,1,20,88,0,6,2,20,0,Home,New England Patriots,3
Marcel Reece,Oakland Raiders,1,0,0,0,5,4,45,1,Home,Denver Broncos,3
Frank Gore,San Francisco 49ers,1,11,82,0,4,2,21,0,Away,Indianapolis Colts,3
Brandon Bolden,New England Patriots,1,3,51,0,6,5,49,0,Away,Tampa Bay Buccaneers,3
Daniel Thomas,Miami Dolphins,1,5,21,1,1,1,16,0,Away,Atlanta Falcons,3
Trent Richardson,Indianapolis Colts,1,13,35,1,3,0,0,0,Home,San Francisco 49ers,3
Alfonso Smith,Arizona Cardinals,1,3,27,1,1,1,7,0,Home,New Orleans Saints,3
Jacquizz Rodgers,Atlanta Falcons,1,18,86,0,3,2,7,0,Home,Miami Dolphins,3
Chris Johnson,Tennessee Titans,1,19,90,0,2,1,1,0,Away,San Diego Chargers,3
BenJarvus Green-Ellis,Cincinnati Bengals,1,10,29,1,0,0,0,0,Away,Green Bay Packers,3
Danny Woodhead,San Diego Chargers,1,5,31,0,8,7,55,0,Home,Tennessee Titans,3
Kendall Hunter,San Francisco 49ers,1,4,14,1,1,1,4,0,Away,Indianapolis Colts,3
Mike Tolbert,Carolina Panthers,1,9,18,1,0,0,0,0,Away,New York Giants,3
Michael Bush,Chicago Bears,1,8,9,1,1,0,0,0,Home,Pittsburgh Steelers,3
Marshawn Lynch,Seattle Seahawks,1,17,69,0,0,0,0,0,Away,Jacksonville Jaguars,3
Darren McFadden,Oakland Raiders,1,12,9,1,1,0,0,0,Home,Denver Broncos,3
Pierre Thomas,New Orleans Saints,1,11,28,0,6,6,39,0,Away,Arizona Cardinals,3
Ronnie Brown,San Diego Chargers,1,5,6,1,0,0,0,0,Home,Tennessee Titans,3
LeGarrette Blount,New England Patriots,1,14,65,0,0,0,0,0,Away,Tampa Bay Buccaneers,3
Jordan Todman,Jacksonville Jaguars,1,2,5,1,0,0,0,0,Home,Seattle Seahawks,3
Lamar Miller,Miami Dolphins,1,8,62,0,3,1,2,0,Away,Atlanta Falcons,3
Isaiah Pead,St. Louis Rams,1,6,20,0,7,7,43,0,Home,Dallas Cowboys,3
Montee Ball,Denver Broncos,1,11,61,0,0,0,0,0,Away,Oakland Raiders,3
Ryan Mathews,San Diego Chargers,1,16,58,0,0,0,0,0,Home,Tennessee Titans,3
Darren Sproles,New Orleans Saints,1,3,17,0,6,4,39,0,Away,Arizona Cardinals,3
Andre Ellington,Arizona Cardinals,1,3,19,0,6,3,36,0,Home,New Orleans Saints,3
James Starks,Green Bay Packers,1,14,55,0,0,0,0,0,Home,Cincinnati Bengals,3
Chris Ogbonnaya,Cleveland Browns,1,2,23,0,5,4,30,0,Home,Minnesota Vikings,3
Arian Foster,Houston Texans,1,12,54,0,2,1,-2,0,Home,Baltimore Ravens,3
Jonathan Dwyer,Pittsburgh Steelers,1,12,39,0,3,1,9,0,Away,Chicago Bears,3
Felix Jones,Pittsburgh Steelers,1,7,34,0,2,2,13,0,Away,Chicago Bears,3
Knowshon Moreno,Denver Broncos,1,12,39,0,2,1,6,0,Away,Oakland Raiders,3
Stevan Ridley,New England Patriots,1,11,35,0,1,1,8,0,Away,Tampa Bay Buccaneers,3
Ben Tate,Houston Texans,1,9,36,0,4,3,7,0,Home,Baltimore Ravens,3
Rashard Mendenhall,Arizona Cardinals,1,9,29,0,1,1,12,0,Home,New Orleans Saints,3
David Wilson,New York Giants,1,11,39,0,0,0,0,0,Home,Carolina Panthers,3
Khiry Robinson,New Orleans Saints,1,4,38,0,0,0,0,0,Away,Arizona Cardinals,3
Christine Michael,Seattle Seahawks,1,9,37,0,0,0,0,0,Away,Jacksonville Jaguars,3
Roy Helu,Washington Redskins,1,0,0,0,3,3,35,0,Away,Detroit Lions,3
Donald Brown,Indianapolis Colts,1,3,25,0,1,0,0,0,Home,San Francisco 49ers,3
Knile Davis,Kansas City Chiefs,1,6,25,0,0,0,0,0,Home,Philadelphia Eagles,3
Benny Cunningham,St. Louis Rams,1,4,16,0,3,1,6,0,Home,Dallas Cowboys,3
Da'Rel Scott,New York Giants,1,1,5,0,3,2,17,0,Home,Carolina Panthers,3
Bobby Rainey,Cleveland Browns,1,4,17,0,1,1,4,0,Home,Minnesota Vikings,3
Lance Dunbar,Dallas Cowboys,1,5,19,0,0,0,0,0,Away,St. Louis Rams,3
Vonta Leach,Baltimore Ravens,1,3,8,0,2,2,11,0,Away,Houston Texans,3
Brian Leonard,Tampa Bay Buccaneers,1,0,0,0,2,1,17,0,Home,New England Patriots,3
Rashad Jennings,Oakland Raiders,1,0,0,0,2,2,15,0,Home,Denver Broncos,3
Toby Gerhart,Minnesota Vikings,1,0,0,0,2,2,14,0,Away,Cleveland Browns,3
Alex Green,New York Jets,1,5,14,0,0,0,0,0,Away,Buffalo Bills,3
Jackie Battle,Tennessee Titans,1,4,12,0,0,0,0,0,Away,San Diego Chargers,3
Bruce Miller,San Francisco 49ers,1,0,0,0,1,1,10,0,Away,Indianapolis Colts,3
Anthony Sherman,Kansas City Chiefs,1,0,0,0,2,1,10,0,Home,Philadelphia Eagles,3
C.J. Spiller,Buffalo Bills,1,10,9,0,1,1,1,0,Home,New York Jets,3
Tommy Bohanon,New York Jets,1,1,0,0,1,1,9,0,Away,Buffalo Bills,3
Willis McGahee,Cleveland Browns,1,8,9,0,0,0,0,0,Home,Minnesota Vikings,3
Bryce Brown,Philadelphia Eagles,1,3,7,0,0,0,0,0,Away,Kansas City Chiefs,3
Theo Riddick,Detroit Lions,1,2,-2,0,2,1,8,0,Home,Washington Redskins,3
Jed Collins,New Orleans Saints,1,0,0,0,1,1,5,0,Away,Arizona Cardinals,3
Henry Hynoski,New York Giants,1,0,0,0,1,1,5,0,Home,Carolina Panthers,3
Chris Ivory,New York Jets,1,4,5,0,0,0,0,0,Away,Buffalo Bills,3
Mike James,Tampa Bay Buccaneers,1,1,5,0,0,0,0,0,Home,New England Patriots,3
Will Johnson,Pittsburgh Steelers,1,0,0,0,1,1,5,0,Away,Chicago Bears,3
Robert Turbin,Seattle Seahawks,1,3,5,0,1,0,0,0,Away,Jacksonville Jaguars,3
Cierre Wood,Houston Texans,1,2,4,0,0,0,0,0,Home,Baltimore Ravens,3
Shaun Draughn,Baltimore Ravens,1,4,2,0,0,0,0,0,Away,Houston Texans,3
Brandon Jacobs,New York Giants,1,3,2,0,0,0,0,0,Home,Carolina Panthers,3
Stepfan Taylor,Arizona Cardinals,1,0,0,0,1,1,2,0,Home,New Orleans Saints,3
Erik Lorig,Tampa Bay Buccaneers,1,0,0,0,1,1,1,0,Home,New England Patriots,3
Le'Ron McClain,San Diego Chargers,1,1,7,0,1,1,-6,0,Home,Tennessee Titans,3
Stanley Havili,Indianapolis Colts,1,0,0,0,1,1,0,0,Home,San Francisco 49ers,3
Zach Line,Minnesota Vikings,1,0,0,0,1,0,0,0,Away,Cleveland Browns,3
Armond Smith,Carolina Panthers,1,3,0,0,0,0,0,0,Away,New York Giants,3
Tashard Choice,Buffalo Bills,1,2,-1,0,1,0,0,0,Home,New York Jets,3
Anthony Dixon,San Francisco 49ers,1,1,-1,0,0,0,0,0,Away,Indianapolis Colts,3
Phillip Tanner,Dallas Cowboys,1,3,-1,0,0,0,0,0,Away,St. Louis Rams,3
Dexter McCluster,Kansas City Chiefs,1,1,-3,0,4,1,1,0,Home,Philadelphia Eagles,3
Denard Robinson,Jacksonville Jaguars,1,1,-2,0,0,0,0,0,Home,Seattle Seahawks,3
