Player,Team,G,RushingAtt,RushingYard,RushingTD,ReceivingTarget,ReceivingRec,ReceivingYard,ReceivingTD,Home or Away,Opponent,Week
Jamaal Charles,Kansas City Chiefs,1,8,20,1,8,8,195,4,Home,Oakland Raiders,15
Matt Asiata,Minnesota Vikings,1,30,51,3,5,3,15,0,Away,Philadelphia Eagles,15
Eddie Lacy,Green Bay Packers,1,21,141,1,5,4,30,0,Home,Dallas Cowboys,15
DeAngelo Williams,Carolina Panthers,1,15,81,0,4,3,87,1,Away,New York Jets,15
Rashad Jennings,Oakland Raiders,1,23,91,2,3,3,12,0,Away,Kansas City Chiefs,15
DeMarco Murray,Dallas Cowboys,1,18,134,1,7,4,19,0,Away,Green Bay Packers,15
Zac Stacy,St. Louis Rams,1,28,133,1,2,1,10,0,Away,New Orleans Saints,15
Rashard Mendenhall,Arizona Cardinals,1,21,69,2,2,1,9,0,Home,Tennessee Titans,15
Ryan Mathews,San Diego Chargers,1,29,127,1,1,1,1,0,Home,Denver Broncos,15
Marshawn Lynch,Seattle Seahawks,1,16,47,1,6,6,73,0,Home,New York Giants,15
Le'Veon Bell,Pittsburgh Steelers,1,24,57,1,5,5,50,0,Away,Cincinnati Bengals,15
Steven Jackson,Atlanta Falcons,1,15,38,2,6,4,5,0,Away,Washington Redskins,15
Trent Richardson,Indianapolis Colts,1,19,64,0,6,4,38,1,Away,Houston Texans,15
Reggie Bush,Detroit Lions,1,17,86,1,4,2,15,0,Away,Baltimore Ravens,15
Andre Ellington,Arizona Cardinals,1,10,71,0,5,4,87,0,Home,Tennessee Titans,15
Jordan Todman,Jacksonville Jaguars,1,25,109,0,8,4,44,0,Away,Buffalo Bills,15
Chris Johnson,Tennessee Titans,1,13,40,0,3,3,51,1,Away,Arizona Cardinals,15
Edwin Baker,Cleveland Browns,1,8,38,1,4,4,46,0,Away,Chicago Bears,15
Matt Forte,Chicago Bears,1,24,127,0,3,1,4,0,Home,Cleveland Browns,15
Giovani Bernard,Cincinnati Bengals,1,13,33,1,4,2,13,0,Home,Pittsburgh Steelers,15
LeSean McCoy,Philadelphia Eagles,1,8,38,0,7,5,68,0,Home,Minnesota Vikings,15
Alfred Morris,Washington Redskins,1,18,98,0,1,1,8,0,Home,Atlanta Falcons,15
Michael Bush,Chicago Bears,1,3,44,1,0,0,0,0,Home,Cleveland Browns,15
Knile Davis,Kansas City Chiefs,1,9,34,1,2,2,8,0,Home,Oakland Raiders,15
Ben Tate,Houston Texans,1,16,72,0,6,3,20,0,Home,Indianapolis Colts,15
Frank Summers,Buffalo Bills,1,4,14,0,3,3,16,1,Home,Jacksonville Jaguars,15
Fred Jackson,Buffalo Bills,1,17,80,0,2,1,8,0,Home,Jacksonville Jaguars,15
Frank Gore,San Francisco 49ers,1,22,86,0,0,0,0,0,Home,Tampa Bay Buccaneers,15
Mike Tolbert,Carolina Panthers,1,12,18,1,2,1,7,0,Away,New York Jets,15
James Starks,Green Bay Packers,1,3,12,0,1,1,11,1,Home,Dallas Cowboys,15
Pierre Thomas,New Orleans Saints,1,8,21,0,8,7,62,0,Home,St. Louis Rams,15
Daniel Thomas,Miami Dolphins,1,5,16,0,1,1,2,1,Away,New England Patriots,15
Marcel Reece,Oakland Raiders,1,5,18,0,7,2,52,0,Away,Kansas City Chiefs,15
C.J. Spiller,Buffalo Bills,1,13,67,0,2,1,1,0,Home,Jacksonville Jaguars,15
Chris Ivory,New York Jets,1,11,66,0,1,0,0,0,Home,Carolina Panthers,15
Ray Rice,Baltimore Ravens,1,12,56,0,4,1,8,0,Home,Detroit Lions,15
Darren Sproles,New Orleans Saints,1,7,24,0,10,8,38,0,Home,St. Louis Rams,15
Lamar Miller,Miami Dolphins,1,15,61,0,1,1,0,0,Away,New England Patriots,15
Bilal Powell,New York Jets,1,8,37,0,4,4,19,0,Home,Carolina Panthers,15
Knowshon Moreno,Denver Broncos,1,8,19,0,6,5,36,0,Away,San Diego Chargers,15
LeGarrette Blount,New England Patriots,1,11,47,0,1,1,6,0,Home,Miami Dolphins,15
Taiwan Jones,Oakland Raiders,1,0,0,0,2,1,52,0,Away,Kansas City Chiefs,15
Montee Ball,Denver Broncos,1,3,-1,0,5,5,49,0,Away,San Diego Chargers,15
Joique Bell,Detroit Lions,1,9,24,0,2,1,23,0,Away,Baltimore Ravens,15
Chris Ogbonnaya,Cleveland Browns,1,5,7,0,5,5,39,0,Away,Chicago Bears,15
Mark Ingram,New Orleans Saints,1,1,5,0,2,2,39,0,Home,St. Louis Rams,15
Danny Woodhead,San Diego Chargers,1,9,29,0,1,1,13,0,Home,Denver Broncos,15
Jacquizz Rodgers,Atlanta Falcons,1,4,17,0,4,4,24,0,Away,Washington Redskins,15
Kendall Hunter,San Francisco 49ers,1,8,40,0,0,0,0,0,Home,Tampa Bay Buccaneers,15
Donald Brown,Indianapolis Colts,1,5,38,0,0,0,0,0,Away,Houston Texans,15
Robert Turbin,Seattle Seahawks,1,9,34,0,1,1,1,0,Home,New York Giants,15
Stevan Ridley,New England Patriots,1,8,34,0,0,0,0,0,Home,Miami Dolphins,15
Peyton Hillis,New York Giants,1,3,8,0,2,2,24,0,Away,Seattle Seahawks,15
Bobby Rainey,Tampa Bay Buccaneers,1,11,27,0,1,1,3,0,Away,San Francisco 49ers,15
Denard Robinson,Jacksonville Jaguars,1,2,28,0,0,0,0,0,Away,Buffalo Bills,15
Andre Brown,New York Giants,1,11,17,0,5,4,9,0,Away,Seattle Seahawks,15
Jonathan Dwyer,Pittsburgh Steelers,1,6,26,0,0,0,0,0,Away,Cincinnati Bengals,15
Bruce Miller,San Francisco 49ers,1,0,0,0,5,4,26,0,Home,Tampa Bay Buccaneers,15
LaMichael James,San Francisco 49ers,1,2,22,0,0,0,0,0,Home,Tampa Bay Buccaneers,15
Felix Jones,Pittsburgh Steelers,1,5,22,0,0,0,0,0,Away,Cincinnati Bengals,15
Cyrus Gray,Kansas City Chiefs,1,1,3,0,1,1,18,0,Home,Oakland Raiders,15
Deji Karim,Houston Texans,1,4,21,0,1,0,0,0,Home,Indianapolis Colts,15
Bernard Pierce,Baltimore Ravens,1,7,21,0,0,0,0,0,Home,Detroit Lions,15
Shane Vereen,New England Patriots,1,2,13,0,7,3,8,0,Home,Miami Dolphins,15
Tashard Choice,Indianapolis Colts,1,5,18,0,0,0,0,0,Away,Houston Texans,15
Dennis Johnson,Houston Texans,1,4,12,0,2,1,3,0,Home,Indianapolis Colts,15
Anthony Sherman,Kansas City Chiefs,1,0,0,0,1,1,15,0,Home,Oakland Raiders,15
Ronnie Brown,San Diego Chargers,1,3,12,0,0,0,0,0,Home,Denver Broncos,15
Brian Leonard,Tampa Bay Buccaneers,1,1,12,0,2,0,0,0,Away,San Francisco 49ers,15
Roy Helu,Washington Redskins,1,3,5,0,1,1,4,0,Home,Atlanta Falcons,15
Theo Riddick,Detroit Lions,1,0,0,0,1,1,6,0,Away,Baltimore Ravens,15
Stepfan Taylor,Arizona Cardinals,1,3,6,0,0,0,0,0,Home,Tennessee Titans,15
Fozzy Whittaker,Cleveland Browns,1,1,1,0,2,2,4,0,Away,Chicago Bears,15
BenJarvus Green-Ellis,Cincinnati Bengals,1,4,4,0,0,0,0,0,Home,Pittsburgh Steelers,15
Shonn Greene,Tennessee Titans,1,3,4,0,0,0,0,0,Away,Arizona Cardinals,15
Tommy Bohanon,New York Jets,1,0,0,0,2,1,3,0,Home,Carolina Panthers,15
Jason Snelling,Atlanta Falcons,1,1,0,0,1,1,3,0,Away,Washington Redskins,15
Jed Collins,New Orleans Saints,1,0,0,0,1,0,0,0,Home,St. Louis Rams,15
Benny Cunningham,St. Louis Rams,1,2,0,0,0,0,0,0,Away,New Orleans Saints,15
Quinn Johnson,Tennessee Titans,1,0,0,0,1,0,0,0,Away,Arizona Cardinals,15
Le'Ron McClain,San Diego Chargers,1,0,0,0,1,0,0,0,Home,Denver Broncos,15
Chris Polk,Philadelphia Eagles,1,0,0,0,1,0,0,0,Home,Minnesota Vikings,15
Khiry Robinson,New Orleans Saints,1,1,0,0,0,0,0,0,Home,St. Louis Rams,15
John Kuhn,Green Bay Packers,1,0,0,0,1,1,-1,0,Home,Dallas Cowboys,15
