Player,Team,G,ReceivingTarget,ReceivingRec,ReceivingYard,ReceivingTD,RushingAtt,RushingYard,RushingTD,Home or Away,Opponent,Week
Calvin Johnson,Detroit Lions,1,13,6,179,2,0,0,0,Home,Pittsburgh Steelers,11
Antonio Brown,Pittsburgh Steelers,1,13,7,147,2,1,-8,0,Away,Detroit Lions,11
Michael Floyd,Arizona Cardinals,1,11,6,193,1,0,0,0,Home,Jacksonville Jaguars,11
Vincent Jackson,Tampa Bay Buccaneers,1,12,10,165,1,0,0,0,Away,Atlanta Falcons,11
Harry Douglas,Atlanta Falcons,1,9,6,134,1,0,0,0,Home,Tampa Bay Buccaneers,11
Jarius Wright,Minnesota Vikings,1,4,3,69,2,0,0,0,Home,Seattle Seahawks,11
Josh Gordon,Cleveland Browns,1,15,5,125,1,0,0,0,Home,Cincinnati Bengals,11
Marquise Goodwin,Buffalo Bills,1,9,6,81,1,1,17,0,Away,New York Jets,11
Rod Streater,Oakland Raiders,1,8,6,84,1,1,8,0,Home,Houston Texans,11
T.J. Graham,Buffalo Bills,1,4,2,74,1,1,-3,0,Away,New York Jets,11
Doug Baldwin,Seattle Seahawks,1,2,2,63,1,0,0,0,Away,Minnesota Vikings,11
Larry Fitzgerald,Arizona Cardinals,1,9,6,61,1,0,0,0,Home,Jacksonville Jaguars,11
Demaryius Thomas,Denver Broncos,1,13,5,121,0,0,0,0,Away,Kansas City Chiefs,11
Aldrick Robinson,Washington Redskins,1,3,2,60,1,0,0,0,Home,Philadelphia Eagles,11
Brandon LaFell,Carolina Panthers,1,8,7,59,1,0,0,0,Away,New England Patriots,11
Dwayne Bowe,Kansas City Chiefs,1,14,4,57,1,0,0,0,Home,Denver Broncos,11
Jordy Nelson,Green Bay Packers,1,9,8,117,0,0,0,0,Home,New York Giants,11
Anquan Boldin,San Francisco 49ers,1,9,6,56,1,0,0,0,Home,New Orleans Saints,11
Andre Johnson,Houston Texans,1,17,10,116,0,0,0,0,Away,Oakland Raiders,11
Victor Cruz,New York Giants,1,11,8,110,0,0,0,0,Away,Green Bay Packers,11
Jerricho Cotchery,Pittsburgh Steelers,1,5,3,48,1,0,0,0,Away,Detroit Lions,11
Alshon Jeffery,Chicago Bears,1,11,7,83,0,3,17,0,Away,Baltimore Ravens,11
Rueben Randle,New York Giants,1,3,3,37,1,0,0,0,Away,Green Bay Packers,11
Roddy White,Atlanta Falcons,1,9,3,36,1,0,0,0,Home,Tampa Bay Buccaneers,11
Torrey Smith,Baltimore Ravens,1,8,5,32,1,0,0,0,Home,Chicago Bears,11
Jarrett Boykin,Green Bay Packers,1,8,6,91,0,0,0,0,Home,New York Giants,11
Ted Ginn Jr.,Carolina Panthers,1,3,1,25,1,0,0,0,Away,New England Patriots,11
DeSean Jackson,Philadelphia Eagles,1,4,4,82,0,0,0,0,Away,Washington Redskins,11
Marques Colston,New Orleans Saints,1,8,5,80,0,0,0,0,Away,San Francisco 49ers,11
Kendall Wright,Tennessee Titans,1,12,9,80,0,0,0,0,Away,Indianapolis Colts,11
Robert Meachem,New Orleans Saints,1,2,2,78,0,0,0,0,Away,San Francisco 49ers,11
Pierre Garcon,Washington Redskins,1,10,6,68,0,1,9,0,Home,Philadelphia Eagles,11
Wes Welker,Denver Broncos,1,10,8,72,0,0,0,0,Away,Kansas City Chiefs,11
Eric Decker,Denver Broncos,1,6,5,71,0,0,0,0,Away,Kansas City Chiefs,11
Santonio Holmes,New York Jets,1,8,2,71,0,0,0,0,Home,Buffalo Bills,11
Denarius Moore,Oakland Raiders,1,6,2,11,1,0,0,0,Home,Houston Texans,11
Mohamed Sanu,Cincinnati Bengals,1,5,2,11,1,0,0,0,Away,Cleveland Browns,11
Brian Hartline,Miami Dolphins,1,13,5,65,0,0,0,0,Away,San Diego Chargers,11
Steve Smith,Carolina Panthers,1,6,4,62,0,0,0,0,Away,New England Patriots,11
Ace Sanders,Jacksonville Jaguars,1,10,8,61,0,0,0,0,Away,Arizona Cardinals,11
Kenbrell Thompkins,New England Patriots,1,2,2,60,0,0,0,0,Home,Carolina Panthers,11
James Jones,Green Bay Packers,1,6,2,55,0,0,0,0,Home,New York Giants,11
Nate Washington,Tennessee Titans,1,3,2,53,0,0,0,0,Away,Indianapolis Colts,11
Rishard Matthews,Miami Dolphins,1,6,4,52,0,0,0,0,Away,San Diego Chargers,11
Hakeem Nicks,New York Giants,1,5,4,50,0,0,0,0,Away,Green Bay Packers,11
Keenan Allen,San Diego Chargers,1,6,3,45,0,0,0,0,Home,Miami Dolphins,11
Danny Amendola,New England Patriots,1,7,6,45,0,0,0,0,Home,Carolina Panthers,11
T.Y. Hilton,Indianapolis Colts,1,9,5,44,0,0,0,0,Home,Tennessee Titans,11
Kris Durham,Detroit Lions,1,9,3,42,0,0,0,0,Home,Pittsburgh Steelers,11
Brandon Marshall,Chicago Bears,1,10,4,42,0,0,0,0,Away,Baltimore Ravens,11
Santana Moss,Washington Redskins,1,7,2,41,0,0,0,0,Home,Philadelphia Eagles,11
Mike Wallace,Miami Dolphins,1,6,4,39,0,0,0,0,Away,San Diego Chargers,11
Seyi Ajirotutu,San Diego Chargers,1,2,2,38,0,0,0,0,Home,Miami Dolphins,11
Aaron Dobson,New England Patriots,1,7,4,38,0,0,0,0,Home,Carolina Panthers,11
Markus Wheaton,Pittsburgh Steelers,1,5,3,38,0,0,0,0,Away,Detroit Lions,11
Riley Cooper,Philadelphia Eagles,1,7,3,37,0,0,0,0,Away,Washington Redskins,11
Tandon Doss,Baltimore Ravens,1,5,3,37,0,0,0,0,Home,Chicago Bears,11
Andre Holmes,Oakland Raiders,1,3,1,33,0,0,0,0,Home,Houston Texans,11
Keshawn Martin,Houston Texans,1,5,2,32,0,0,0,0,Away,Oakland Raiders,11
Greg Salas,New York Jets,1,2,2,32,0,0,0,0,Home,Buffalo Bills,11
Cordarrelle Patterson,Minnesota Vikings,1,9,3,28,0,0,0,0,Home,Seattle Seahawks,11
Julian Edelman,New England Patriots,1,4,3,27,0,0,0,0,Home,Carolina Panthers,11
Ricardo Lockette,Seattle Seahawks,1,1,1,27,0,0,0,0,Away,Minnesota Vikings,11
Golden Tate,Seattle Seahawks,1,4,1,26,0,0,0,0,Away,Minnesota Vikings,11
Mike Brown,Jacksonville Jaguars,1,3,2,23,0,0,0,0,Away,Arizona Cardinals,11
Lance Moore,New Orleans Saints,1,4,3,23,0,0,0,0,Away,San Francisco 49ers,11
Jacoby Jones,Baltimore Ravens,1,2,2,18,0,1,4,0,Home,Chicago Bears,11
Cecil Shorts,Jacksonville Jaguars,1,5,2,22,0,0,0,0,Away,Arizona Cardinals,11
Jerrel Jernigan,New York Giants,1,2,2,21,0,0,0,0,Away,Green Bay Packers,11
Donnie Avery,Kansas City Chiefs,1,3,1,20,0,0,0,0,Home,Denver Broncos,11
Eddie Royal,San Diego Chargers,1,3,2,20,0,0,0,0,Home,Miami Dolphins,11
Tiquan Underwood,Tampa Bay Buccaneers,1,1,1,20,0,0,0,0,Away,Atlanta Falcons,11
Darius Johnson,Atlanta Falcons,1,7,2,18,0,0,0,0,Home,Tampa Bay Buccaneers,11
Vincent Brown,San Diego Chargers,1,6,2,17,0,0,0,0,Home,Miami Dolphins,11
Percy Harvin,Seattle Seahawks,1,1,1,17,0,0,0,0,Away,Minnesota Vikings,11
Andre Roberts,Arizona Cardinals,1,4,3,14,0,0,0,0,Home,Jacksonville Jaguars,11
David Nelson,New York Jets,1,3,1,12,0,0,0,0,Home,Buffalo Bills,11
Kenny Stills,New Orleans Saints,1,2,1,11,0,0,0,0,Away,San Francisco 49ers,11
Deonte Thompson,Baltimore Ravens,1,3,1,11,0,0,0,0,Home,Chicago Bears,11
Darrius Heyward-Bey,Indianapolis Colts,1,3,1,10,0,0,0,0,Home,Tennessee Titans,11
Josh Cribbs,New York Jets,1,0,0,0,0,2,9,0,Home,Buffalo Bills,11
Joe Webb,Minnesota Vikings,1,3,2,9,0,0,0,0,Home,Seattle Seahawks,11
Marvin Jones,Cincinnati Bengals,1,2,1,9,0,1,-1,0,Away,Cleveland Browns,11
Mario Manningham,San Francisco 49ers,1,4,1,8,0,0,0,0,Home,New Orleans Saints,11
Nick Toon,New Orleans Saints,1,1,1,8,0,0,0,0,Away,San Francisco 49ers,11
A.J. Green,Cincinnati Bengals,1,5,2,7,0,0,0,0,Away,Cleveland Browns,11
DeAndre Hopkins,Houston Texans,1,2,1,7,0,0,0,0,Away,Oakland Raiders,11
Andrew Hawkins,Cincinnati Bengals,1,2,1,6,0,0,0,0,Away,Cleveland Browns,11
Griff Whalen,Indianapolis Colts,1,3,1,6,0,0,0,0,Home,Tennessee Titans,11
Jason Avant,Philadelphia Eagles,1,3,1,5,0,0,0,0,Away,Washington Redskins,11
Leonard Hankerson,Washington Redskins,1,1,1,5,0,0,0,0,Home,Philadelphia Eagles,11
DeVier Posey,Houston Texans,1,4,1,5,0,0,0,0,Away,Oakland Raiders,11
Jacoby Ford,Oakland Raiders,1,1,0,0,0,1,4,0,Home,Houston Texans,11
Greg Little,Cleveland Browns,1,6,1,4,0,0,0,0,Home,Cincinnati Bengals,11
Davone Bess,Cleveland Browns,1,6,1,3,0,0,0,0,Home,Cincinnati Bengals,11
Emmanuel Sanders,Pittsburgh Steelers,1,2,1,2,0,0,0,0,Away,Detroit Lions,11
Earl Bennett,Chicago Bears,1,1,1,1,0,0,0,0,Away,Baltimore Ravens,11
Jerome Simpson,Minnesota Vikings,1,2,1,1,0,0,0,0,Home,Seattle Seahawks,11
Jonathan Baldwin,San Francisco 49ers,1,3,0,0,0,0,0,0,Home,New Orleans Saints,11
LaVon Brazill,Indianapolis Colts,1,1,0,0,0,0,0,0,Home,Tennessee Titans,11
Andre Caldwell,Denver Broncos,1,1,0,0,0,0,0,0,Away,Kansas City Chiefs,11
Armanti Edwards,Cleveland Browns,1,0,0,0,0,1,0,0,Home,Cincinnati Bengals,11
Stephen Hill,New York Jets,1,7,0,0,0,0,0,0,Home,Buffalo Bills,11
Justin Hunter,Tennessee Titans,1,1,0,0,0,0,0,0,Away,Indianapolis Colts,11
Jermaine Kearse,Seattle Seahawks,1,1,0,0,0,0,0,0,Away,Minnesota Vikings,11
Jeff Maehl,Philadelphia Eagles,1,1,0,0,0,0,0,0,Away,Washington Redskins,11
Louis Murphy,New York Giants,1,1,0,0,0,0,0,0,Away,Green Bay Packers,11
Kevin Ogletree,Detroit Lions,1,3,0,0,0,0,0,0,Home,Pittsburgh Steelers,11
Devon Wylie,Tennessee Titans,1,0,0,0,0,0,0,0,Away,Indianapolis Colts,11
