,,,Receiving,Receiving,Receiving,Receiving,Rushing,Rushing,Rushing
Player,Team,G,Target,Rec,Yard,TD,Att,Yard,TD
Victor Cruz,NYG,1,8,5,118,3,0,0,0
A.J. Green,CIN,1,13,9,162,2,0,0,0
Demaryius Thomas,DEN,1,11,5,161,2,0,0,0
Anquan Boldin,SF,1,17,13,208,1,0,0,0
Larry Fitzgerald,ARI,1,14,8,80,2,0,0,0
Leonard Hankerson,WAS,1,7,5,80,2,0,0,0
Julian Edelman,NE,1,9,7,79,2,0,0,0
Jordy Nelson,GB,1,10,7,130,1,0,0,0
Wes Welker,DEN,1,11,9,67,2,0,0,0
Randall Cobb,GB,1,12,7,108,1,2,6,0
Brian Hartline,MIA,1,15,9,114,1,0,0,0
DeSean Jackson,PHI,1,9,7,104,1,0,0,0
Brandon Marshall,CHI,1,10,8,104,1,0,0,0
Reggie Wayne,IND,1,8,8,96,1,0,0,0
Vincent Jackson,TB,1,13,7,154,0,0,0,0
Andre Johnson,HOU,1,16,12,146,0,0,0,0
Eddie Royal,SD,1,6,3,24,2,0,0,0
Jerome Simpson,MIN,1,8,7,140,0,0,0,0
Julio Jones,ATL,1,9,7,76,1,0,0,0
Marques Colston,NO,1,6,5,68,1,0,0,0
Marlon Brown,BAL,1,6,4,65,1,0,0,0
Hakeem Nicks,NYG,1,8,5,114,0,0,0,0
Terrelle Pryor,OAK,1,0,0,0,0,13,112,0
Mike Williams,TB,1,8,4,52,1,0,0,0
Steve Smith,CAR,1,8,6,51,1,0,0,0
Jermaine Kearse,SEA,1,2,2,49,1,0,0,0
Danny Amendola,NE,1,14,10,104,0,0,0,0
Denarius Moore,OAK,1,7,5,43,1,0,0,0
Rueben Randle,NYG,1,6,5,101,0,0,0,0
Steve Johnson,BUF,1,6,3,39,1,0,0,0
Andre Roberts,ARI,1,9,8,97,0,0,0,0
Doug Baldwin,SEA,1,8,7,91,0,1,3,0
Jerricho Cotchery,PIT,1,7,4,34,1,0,0,0
Harry Douglas,ATL,1,6,4,93,0,0,0,0
Torrey Smith,BAL,1,8,4,92,0,0,0,0
Andre Caldwell,DEN,1,1,1,28,1,0,0,0
Kenny Stills,NO,1,5,2,86,0,0,0,0
Michael Floyd,ARI,1,6,4,82,0,0,0,0
Rod Streater,OAK,1,8,5,70,0,1,9,0
Nate Burleson,DET,1,6,6,78,0,0,0,0
Robert Woods,BUF,1,2,1,18,1,0,0,0
Brandon Gibson,MIA,1,10,7,77,0,0,0,0
Antonio Brown,PIT,1,7,5,71,0,1,4,0
Vincent Brown,SD,1,4,2,13,1,0,0,0
Miles Austin,DAL,1,12,10,72,0,0,0,0
Donnie Avery,KC,1,5,2,11,1,0,0,0
DeAndre Hopkins,HOU,1,6,5,66,0,0,0,0
Pierre Garcon,WAS,1,11,7,64,0,0,0,0
Junior Hemingway,KC,1,1,1,3,1,0,0,0
Emmanuel Sanders,PIT,1,12,7,57,0,0,0,0
Santana Moss,WAS,1,9,5,54,0,0,0,0
Josh Morgan,WAS,1,5,4,51,0,0,0,0
Golden Tate,SEA,1,7,4,51,0,0,0,0
Davone Bess,CLE,1,10,5,47,0,0,0,0
Malcom Floyd,SD,1,5,1,47,0,0,0,0
Nate Washington,TEN,1,7,4,46,0,0,0,0
Travis Benjamin,CLE,1,8,3,44,0,0,0,0
Jeremy Kerley,NYJ,1,4,3,45,0,1,-1,0
Alshon Jeffery,CHI,1,8,5,42,0,0,0,0
Kenbrell Thompkins,NE,1,14,4,42,0,0,0,0
Tavon Austin,STL,1,7,6,41,0,1,-1,0
Cecil Shorts,JAC,1,11,3,40,0,0,0,0
Stephen Hill,NYJ,1,9,6,39,0,0,0,0
Calvin Johnson,DET,1,9,4,37,0,0,0,0
Kyle Williams,SF,1,6,3,36,0,0,0,0
Sidney Rice,SEA,1,3,2,35,0,0,0,0
Brandon Stokley,BAL,1,10,4,34,0,0,0,0
Darrius Heyward-Bey,IND,1,4,3,33,0,0,0,0
Greg Jennings,MIN,1,7,3,33,0,0,0,0
Eric Decker,DEN,1,7,2,32,0,0,0,0
Terrance Williams,DAL,1,4,2,32,0,0,0,0
Dwayne Bowe,KC,1,6,4,30,0,0,0,0
Patrick Edwards,DET,1,3,3,30,0,0,0,0
Chris Givens,STL,1,3,2,27,0,0,0,0
Greg Little,CLE,1,10,4,26,0,0,0,0
Jacoby Jones,BAL,1,4,3,24,0,0,0,0
Lance Moore,NO,1,4,2,23,0,0,0,0
Dez Bryant,DAL,1,8,4,22,0,0,0,0
Marvin Jones,CIN,1,2,1,7,0,1,14,0
T.Y. Hilton,IND,1,5,3,20,0,0,0,0
Mohamed Sanu,CIN,1,5,4,19,0,0,0,0
Roddy White,ATL,1,2,2,19,0,0,0,0
Clyde Gates,NYJ,1,4,1,17,0,0,0,0
Austin Pettis,STL,1,6,3,16,0,0,0,0
Brian Quick,STL,1,2,1,16,0,0,0,0
Kenny Britt,TEN,1,2,1,15,0,0,0,0
Mike Wallace,MIA,1,5,1,15,0,0,0,0
Riley Cooper,PHI,1,6,2,14,0,0,0,0
Ace Sanders,JAC,1,9,3,14,0,0,0,0
Jason Avant,PHI,1,3,2,13,0,0,0,0
Santonio Holmes,NYJ,1,3,1,13,0,0,0,0
Damian Williams,TEN,1,2,1,13,0,0,0,0
Dwayne Harris,DAL,1,3,2,12,0,0,0,0
Kris Durham,DET,1,2,1,11,0,0,0,0
Kendall Wright,TEN,1,4,2,11,0,0,0,0
Ted Ginn Jr.,CAR,1,1,1,10,0,0,0,0
Cordarrelle Patterson,MIN,1,1,1,10,0,0,0,0
Brice Butler,OAK,1,1,1,8,0,0,0,0
Earl Bennett,CHI,1,1,1,6,0,0,0,0
T.J. Graham,BUF,1,1,0,0,0,1,5,0
Jacoby Ford,OAK,1,2,1,2,0,0,0,0
Josh Boyce,NE,1,2,0,0,0,0,0,0
Marquise Goodwin,BUF,1,1,1,0,0,0,0,0
James Jones,GB,1,2,0,0,0,0,0,0
Marlon Moore,SF,1,1,0,0,0,0,0,0
Kevin Ogletree,TB,1,2,0,0,0,0,0,0
Aldrick Robinson,WAS,1,2,0,0,0,0,0,0
Stephen Williams,SEA,1,1,0,0,0,0,0,0
Jarius Wright,MIN,1,2,0,0,0,0,0,0
