,,,Receiving,Receiving,Receiving,Receiving,Rushing,Rushing,Rushing
Player,Team,G,Target,Rec,Yard,TD,Att,Yard,TD
Jordy Nelson,GB,1,16,9,209,1,0,0,0
Brandon Marshall,CHI,1,8,5,48,3,0,0,0
Sammy Watkins,BUF,1,11,8,117,1,0,0,0
James Jones,OAK,1,14,9,112,1,0,0,0
Randall Cobb,GB,1,6,5,39,2,2,6,0
Dez Bryant,DAL,1,14,10,103,1,0,0,0
Julian Edelman,NE,1,7,6,81,1,1,9,0
Julio Jones,ATL,1,13,7,88,1,0,0,0
Mohamed Sanu,CIN,1,4,3,84,1,0,0,0
Michael Crabtree,SF,1,9,7,82,1,0,0,0
Eric Decker,NYJ,1,7,4,63,1,0,0,0
Demaryius Thomas,DEN,1,7,5,62,1,0,0,0
Mike Wallace,MIA,1,8,5,56,1,0,0,0
Jason Avant,CAR,1,7,5,54,1,0,0,0
Percy Harvin,SEA,1,1,1,5,0,2,45,1
Emmanuel Sanders,DEN,1,9,8,108,0,1,-2,0
Jeremy Maclin,PHI,1,11,4,45,1,0,0,0
Miles Austin,CLE,1,10,6,44,1,0,0,0
Antonio Brown,PIT,1,12,7,90,0,2,10,0
Rueben Randle,NYG,1,7,4,39,1,0,0,0
Calvin Johnson,DET,1,13,6,83,0,0,0,0
DeAndre Hopkins,HOU,1,5,3,22,1,0,0,0
Andre Roberts,WAS,1,5,4,57,0,1,19,0
Allen Robinson,JAC,1,6,4,75,0,0,0,0
Andre Johnson,HOU,1,7,6,74,0,0,0,0
Brian Quick,STL,1,9,7,74,0,0,0,0
Steve Smith,BAL,1,10,6,71,0,0,0,0
Andrew Hawkins,CLE,1,12,6,70,0,0,0,0
Eddie Royal,SD,1,10,7,69,0,0,0,0
T.Y. Hilton,IND,1,11,6,65,0,0,0,0
Jermaine Kearse,SEA,1,5,4,61,0,0,0,0
Victor Cruz,NYG,1,10,5,60,0,0,0,0
Markus Wheaton,PIT,1,8,5,38,0,2,22,0
Jeremy Kerley,NYJ,1,8,3,22,0,0,37,0
Ryan Grant,WAS,1,8,5,57,0,0,0,0
Golden Tate,DET,1,8,5,57,0,0,0,0
Cordarrelle Patterson,MIN,1,7,4,56,0,0,0,0
Keenan Allen,SD,1,6,5,55,0,0,0,0
Larry Fitzgerald,ARI,1,10,6,51,0,0,0,0
Vincent Jackson,TB,1,7,4,51,0,0,0,0
Davante Adams,GB,1,7,5,50,0,0,0,0
Brandon Tate,CIN,1,3,1,50,0,0,0,0
Mike Evans,TB,1,4,4,49,0,0,0,0
Jarvis Landry,MIA,1,6,5,49,0,0,0,0
Brandin Cooks,NO,1,6,3,17,0,2,31,0
Alshon Jeffery,CHI,1,6,3,47,0,0,0,0
Kelvin Benjamin,CAR,1,8,2,46,0,0,0,0
Jerricho Cotchery,CAR,1,4,4,46,0,0,0,0
Austin Pettis,STL,1,4,3,46,0,0,0,0
Andre Holmes,OAK,1,7,5,45,0,0,0,0
Dane Sanzenbacher,CIN,1,4,2,42,0,0,0,0
Roddy White,ATL,1,8,5,42,0,0,0,0
Dwayne Bowe,KC,1,6,3,40,0,0,0,0
Harry Douglas,ATL,1,8,4,38,0,0,0,0
Robert Meachem,NO,1,5,3,37,0,0,0,0
Brian Hartline,MIA,1,8,5,36,0,0,0,0
Doug Baldwin,SEA,1,6,3,35,0,0,0,0
Anquan Boldin,SF,1,6,2,34,0,0,0,0
Kendall Wright,TEN,1,5,3,31,0,0,0,0
John Brown,ARI,1,4,3,28,0,1,2,0
Kenny Britt,STL,1,1,1,17,0,1,12,0
Denarius Moore,OAK,1,5,3,29,0,0,0,0
Preston Parker,NYG,1,2,1,29,0,0,0,0
Reggie Wayne,IND,1,7,3,28,0,0,0,0
Brandon Gibson,MIA,1,4,3,27,0,0,0,0
Justin Hunter,TEN,1,6,2,26,0,0,0,0
Steve Johnson,SF,1,4,2,26,0,0,0,0
Derek Hagan,TEN,1,1,1,25,0,0,0,0
Kenny Stills,NO,1,4,3,25,0,0,0,0
Jeremy Ross,DET,1,3,2,23,0,0,0,0
Tavon Austin,STL,1,1,0,0,0,2,21,0
Junior Hemingway,KC,1,4,2,21,0,0,0,0
Santonio Holmes,CHI,1,2,2,20,0,0,0,0
Terrance Williams,DAL,1,4,2,20,0,0,0,0
Michael Floyd,ARI,1,6,1,19,0,0,0,0
DeSean Jackson,WAS,1,2,1,19,0,0,0,0
Jordan Matthews,PHI,1,4,1,17,0,0,0,0
Bryan Walters,SEA,1,2,2,17,0,0,0,0
A.J. Jenkins,KC,1,3,3,16,0,0,0,0
Donte Moncrief,IND,1,1,1,16,0,0,0,0
Chris Givens,STL,1,2,1,15,0,0,0,0
Jerrel Jernigan,NYG,1,2,2,15,0,0,0,0
Donnie Avery,KC,1,6,3,14,0,0,0,0
Aaron Dobson,NE,1,2,1,13,0,0,0,0
Taylor Gabriel,CLE,1,4,3,13,0,0,0,0
Robert Herron,TB,1,3,2,13,0,0,0,0
Allen Hurns,JAC,1,6,2,13,0,0,0,0
Pierre Garcon,WAS,1,4,1,12,0,0,0,0
Philly Brown,CAR,1,0,0,0,0,1,11,0
Marqise Lee,JAC,1,4,2,11,0,0,0,0
Cole Beasley,DAL,1,1,1,10,0,0,0,0
Torrey Smith,BAL,1,3,1,10,0,0,0,0
Brenton Bersin,CAR,1,1,1,8,0,0,0,0
Riley Cooper,PHI,1,3,1,8,0,0,0,0
Jarius Wright,MIN,1,3,1,12,0,1,-5,0
Travis Benjamin,CLE,1,4,1,6,0,0,0,0
Jarrett Boykin,GB,1,3,1,6,0,0,0,0
Justin Brown,PIT,1,4,1,6,0,0,0,0
Jacoby Jones,BAL,1,1,1,4,0,1,2,0
David Nelson,NYJ,1,1,1,6,0,0,0,0
Aldrick Robinson,WAS,1,2,1,6,0,0,0,0
Rod Streater,OAK,1,3,1,6,0,0,0,0
Robert Woods,BUF,1,3,1,5,0,0,0,0
Marquise Goodwin,BUF,1,0,0,0,0,1,4,0
Greg Jennings,MIN,1,4,1,4,0,0,0,0
Damaris Johnson,HOU,1,2,1,4,0,0,0,0
Rishard Matthews,MIA,1,5,1,4,0,0,0,0
Mike Williams,BUF,1,3,1,3,0,0,0,0
Devin Hester,ATL,1,1,1,2,0,0,0,0
Ricardo Lockette,SEA,1,1,0,0,0,1,2,0
Nate Washington,TEN,1,6,1,1,0,0,0,0
Danny Amendola,NE,1,1,0,0,0,0,0,0
Josh Bellamy,CHI,1,1,0,0,0,0,0,0
Mike Brown,JAC,1,4,0,0,0,0,0,0
Andre Caldwell,DEN,1,1,0,0,0,0,0,0
Bruce Ellington,SF,1,1,0,0,0,0,0,0
Malcom Floyd,SD,1,1,0,0,0,0,0,0
Corey Fuller,DET,1,1,0,0,0,0,0,0
Greg Salas,NYJ,1,2,0,0,0,0,0,0
Adam Thielen,MIN,1,3,0,0,0,0,0,0
James Wright,CIN,1,1,0,0,0,0,0,0
Brice Butler,OAK,1,2,1,-2,0,0,0,0
Hakeem Nicks,IND,1,3,1,-4,0,0,0,0
