,,,Receiving,Receiving,Receiving,Receiving,Rushing,Rushing,Rushing
Player,Team,G,Target,Rec,Yard,TD,Att,Yard,TD
Antonio Brown,PIT,1,18,16,189,2,0,0,0
Emmanuel Sanders,DEN,1,16,10,181,1,1,24,0
Amari Cooper,OAK,1,9,6,120,2,0,0,0
Sammy Watkins,BUF,1,10,5,111,2,0,0,0
Jordan Matthews,PHI,1,11,8,159,1,0,0,0
DeSean Jackson,WAS,1,8,6,153,1,0,0,0
Ted Ginn Jr.,CAR,1,14,6,85,2,0,0,0
Tavon Austin,STL,1,3,3,41,1,4,32,1
Kamar Aiken,BAL,1,12,8,128,1,0,0,0
Brandin Cooks,NO,1,13,10,124,1,0,0,0
Demaryius Thomas,DEN,1,12,5,61,2,0,0,0
Julio Jones,ATL,1,13,9,118,1,0,0,0
Stefon Diggs,MIN,1,4,3,55,2,0,0,0
Doug Baldwin,SEA,1,6,4,45,2,0,0,0
Golden Tate,DET,1,6,6,45,2,0,0,0
Mike Evans,TB,1,17,9,157,0,0,0,0
James Jones,GB,1,9,6,82,1,0,0,0
Odell Beckham Jr.,NYG,1,9,6,76,1,0,0,0
Anquan Boldin,SF,1,10,8,74,1,0,0,0
Kenny Britt,STL,1,2,2,71,1,0,0,0
Markus Wheaton,PIT,1,11,6,62,1,0,0,0
Allen Robinson,JAC,1,5,3,57,1,0,0,0
Eric Decker,NYJ,1,10,6,55,1,0,0,0
Tyler Lockett,SEA,1,7,5,55,1,0,0,0
Dorial Green-Beckham,TEN,1,9,6,113,0,0,0,0
Philly Brown,CAR,1,4,3,51,1,0,0,0
Donte Moncrief,IND,1,7,5,51,1,0,0,0
Dez Bryant,DAL,1,9,4,50,1,0,0,0
Jermaine Kearse,SEA,1,8,7,110,0,0,0,0
Jeremy Maclin,KC,1,10,7,50,1,0,0,0
Rueben Randle,NYG,1,5,4,47,1,0,0,0
Marques Colston,NO,1,4,2,39,1,0,0,0
John Brown,ARI,1,9,3,38,1,0,0,0
Pierre Garcon,WAS,1,4,3,34,1,0,0,0
DeAndre Hopkins,HOU,1,11,8,94,0,0,0,0
Devin Funchess,CAR,1,7,2,30,1,0,0,0
Marvin Jones,CIN,1,6,4,89,0,0,0,0
Brandon LaFell,NE,1,5,4,88,0,1,0,0
Martavis Bryant,PIT,1,14,10,87,0,0,0,0
DeVante Parker,MIA,1,6,4,87,0,0,0,0
Jaelen Strong,HOU,1,2,2,23,1,0,0,0
Dontrelle Inman,SD,1,5,3,78,0,0,0,0
Willie Snead,NO,1,12,10,76,0,0,0,0
Brandon Marshall,NYJ,1,7,4,74,0,0,0,0
Michael Crabtree,OAK,1,11,6,70,0,0,0,0
Michael Floyd,ARI,1,8,5,70,0,0,0,0
Alshon Jeffery,CHI,1,5,1,10,1,0,0,0
Jeremy Butler,BAL,1,5,3,60,0,0,0,0
Adam Humphries,TB,1,6,6,60,0,0,0,0
Randall Cobb,GB,1,7,5,40,0,4,18,0
Jarvis Landry,MIA,1,10,8,54,0,0,0,0
Josh Huff,PHI,1,4,4,52,0,0,0,0
Kenbrell Thompkins,NYJ,1,5,2,50,0,0,0,0
Quincy Enunwa,NYJ,1,4,4,49,0,0,0,0
Jerricho Cotchery,CAR,1,6,4,47,0,0,0,0
Roddy White,ATL,1,4,3,47,0,0,0,0
Marqise Lee,JAC,1,2,2,46,0,0,0,0
Donteea Dye,TB,1,5,1,44,0,0,0,0
Allen Hurns,JAC,1,5,2,44,0,0,0,0
Robert Woods,BUF,1,6,4,44,0,0,0,0
Larry Fitzgerald,ARI,1,5,3,43,0,0,0,0
Cole Beasley,DAL,1,7,3,37,0,0,0,0
A.J. Green,CIN,1,3,1,37,0,0,0,0
Quinton Patton,SF,1,5,3,37,0,0,0,0
Mike Wallace,MIN,1,3,3,37,0,0,0,0
Justin Hardy,ATL,1,5,3,36,0,0,0,0
Travis Benjamin,CLE,1,5,3,26,0,1,9,0
Javontee Herndon,SD,1,6,5,35,0,0,0,0
Albert Wilson,KC,1,4,4,27,0,1,8,0
Jared Abbrederis,GB,1,3,3,33,0,0,0,0
Torrey Smith,SF,1,5,2,33,0,0,0,0
Davante Adams,GB,1,8,5,32,0,0,0,0
Andre Johnson,IND,1,5,3,32,0,0,0,0
Lucky Whitehead,DAL,1,0,0,0,0,2,32,0
Jarius Wright,MIN,1,3,3,32,0,0,0,0
Marc Mariani,CHI,1,4,3,31,0,0,0,0
Eddie Royal,CHI,1,6,5,31,0,0,0,0
T.Y. Hilton,IND,1,5,3,29,0,0,0,0
Jordan Norwood,DEN,1,2,2,29,0,0,0,0
Malcom Floyd,SD,1,3,1,27,0,0,0,0
Keshawn Martin,NE,1,4,3,26,0,0,0,0
Kenny Stills,MIA,1,6,1,23,0,0,0,0
Dwayne Bowe,CLE,1,3,2,22,0,0,0,0
Riley Cooper,PHI,1,4,2,22,0,0,0,0
T.J. Jones,DET,1,2,2,22,0,0,0,0
Jamison Crowder,WAS,1,3,3,21,0,0,0,0
Marlon Moore,CLE,1,2,1,20,0,0,0,0
Calvin Johnson,DET,1,1,1,19,0,0,0,0
Taylor Gabriel,CLE,1,4,2,18,0,0,0,0
Nate Washington,HOU,1,6,3,18,0,0,0,0
Andre Holmes,OAK,1,8,2,17,0,0,0,0
Brice Butler,DAL,1,1,1,16,0,0,0,0
Jaron Brown,ARI,1,1,1,15,0,0,0,0
Harry Douglas,TEN,1,4,2,15,0,0,0,0
Chris Givens,BAL,1,5,1,17,0,1,-2,0
Ryan Grant,WAS,1,2,1,13,0,0,0,0
Chris Hogan,BUF,1,3,1,13,0,0,0,0
Terrance Williams,DAL,1,5,2,13,0,0,0,0
Jason Avant,KC,1,2,2,12,0,0,0,0
Lance Moore,DET,1,1,1,10,0,0,0,0
Hakeem Nicks,NYG,1,3,1,10,0,0,0,0
Mohamed Sanu,CIN,1,2,2,8,0,1,2,0
Myles White,NYG,1,1,1,10,0,0,0,0
Dwayne Harris,NYG,1,3,2,9,0,0,0,0
Griff Whalen,IND,1,2,2,9,0,0,0,0
Adam Thielen,MIN,1,0,0,0,0,1,8,0
Josh Bellamy,CHI,1,2,1,7,0,0,0,0
Chris Matthews,BAL,1,4,1,6,0,0,0,0
Eric Weems,ATL,1,0,0,0,0,1,4,0
Danny Amendola,NE,1,2,1,3,0,0,0,0
Phillip Dorsett,IND,1,2,1,1,0,0,0,0
Nelson Agholor,PHI,1,1,0,0,0,0,0,0
Daniel Brown,BAL,1,3,0,0,0,0,0,0
Andre Caldwell,DEN,1,2,0,0,0,0,0,0
Brandon Coleman,NO,1,1,0,0,0,0,0,0
Marcus Easley,BUF,1,1,0,0,0,0,0,0
Bruce Ellington,SF,1,1,0,0,0,0,0,0
Bennie Fowler,DEN,1,1,0,0,0,0,0,0
Jeff Janis,GB,1,4,0,0,0,0,0,0
Bradley Marquez,STL,1,1,0,0,0,0,0,0
J.J. Nelson,ARI,1,1,0,0,0,0,0,0
Seth Roberts,OAK,1,1,0,0,0,0,0,0
Russell Shepard,TB,1,2,0,0,0,0,0,0
Cecil Shorts,HOU,1,1,0,0,0,0,0,0
Jerome Simpson,SF,1,1,0,0,0,0,0,0
Rashad Greene,JAC,1,3,1,-1,0,0,0,0
Terrelle Pryor,CLE,1,2,0,0,0,1,-1,0
