,,,Receiving,Receiving,Receiving,Receiving,Rushing,Rushing,Rushing
Player,Team,G,Target,Rec,Yard,TD,Att,Yard,TD
DeAndre Hopkins,HOU,1,12,5,118,2,0,0,0
J.J. Nelson,ARI,1,6,4,142,1,0,0,0
Tyler Lockett,SEA,1,5,4,48,2,1,5,0
James Jones,GB,1,11,6,109,1,0,0,0
Julio Jones,ATL,1,15,9,160,0,0,0,0
DeSean Jackson,WAS,1,8,5,87,1,0,0,0
Terrance Williams,DAL,1,4,4,79,1,0,0,0
Devin Funchess,CAR,1,8,4,64,1,0,0,0
Mike Evans,TB,1,7,4,63,1,0,0,0
Demaryius Thomas,DEN,1,8,3,59,1,0,0,0
Danny Amendola,NE,1,12,9,117,0,0,0,0
Vincent Jackson,TB,1,6,4,56,1,0,0,0
Allen Robinson,JAC,1,7,5,113,0,0,0,0
John Brown,ARI,1,3,3,43,1,2,9,0
Kenny Stills,MIA,1,2,2,52,1,0,0,0
Kamar Aiken,BAL,1,8,5,50,1,0,0,0
Ted Ginn Jr.,CAR,1,8,5,37,1,2,12,0
Brandon Marshall,NYJ,1,10,5,47,1,0,0,0
Dez Bryant,DAL,1,9,4,45,1,0,0,0
Marquess Wilson,CHI,1,7,4,102,0,0,0,0
Josh Huff,PHI,1,1,1,39,1,0,0,0
Leonard Hankerson,ATL,1,7,4,36,1,0,0,0
Chris Hogan,BUF,1,7,6,95,0,0,0,0
Anquan Boldin,SF,1,7,5,93,0,0,0,0
Larry Fitzgerald,ARI,1,13,8,90,0,0,0,0
Calvin Johnson,DET,1,9,5,88,0,0,0,0
Cody Latimer,DEN,1,3,2,22,1,1,5,0
Randall Cobb,GB,1,9,2,24,1,0,0,0
Eric Decker,NYJ,1,11,4,81,0,0,0,0
A.J. Green,CIN,1,12,4,79,0,0,0,0
Cecil Shorts,HOU,1,5,2,51,0,4,26,0
Golden Tate,DET,1,11,8,73,0,1,-2,0
Stefon Diggs,MIN,1,9,6,66,0,0,0,0
Brandon LaFell,NE,1,8,4,66,0,0,0,0
Jarvis Landry,MIA,1,7,4,66,0,0,0,0
Russell Shepard,TB,1,1,1,4,1,0,0,0
Doug Baldwin,SEA,1,6,6,60,0,0,0,0
Marvin Jones,CIN,1,9,4,60,0,0,0,0
Josh Bellamy,CHI,1,5,4,57,0,0,0,0
Jerricho Cotchery,CAR,1,6,4,57,0,0,0,0
Albert Wilson,KC,1,4,4,56,0,0,0,0
Steve Johnson,SD,1,8,7,54,0,0,0,0
Seth Roberts,OAK,1,2,2,54,0,0,0,0
Dontrelle Inman,SD,1,5,3,51,0,0,0,0
Michael Crabtree,OAK,1,11,6,50,0,0,0,0
Adam Humphries,TB,1,5,4,50,0,0,0,0
Jarius Wright,MIN,1,5,4,50,0,0,0,0
Jeremy Butler,BAL,1,5,4,45,0,0,0,0
Robert Woods,BUF,1,9,4,44,0,0,0,0
Pierre Garcon,WAS,1,4,3,43,0,0,0,0
Riley Cooper,PHI,1,3,2,42,0,0,0,0
Donte Moncrief,IND,1,8,5,41,0,0,0,0
Dorial Green-Beckham,TEN,1,6,3,40,0,0,0,0
Sammy Watkins,BUF,1,6,3,39,0,0,0,0
Javontee Herndon,SD,1,7,5,37,0,0,0,0
Davante Adams,GB,1,4,3,36,0,0,0,0
Bryan Walters,JAC,1,3,2,35,0,0,0,0
Jermaine Kearse,SEA,1,5,3,34,0,0,0,0
Jeremy Maclin,KC,1,6,3,29,0,0,0,0
Jason Avant,KC,1,2,2,26,0,0,0,0
Chris Givens,BAL,1,7,2,25,0,0,0,0
Kenny Britt,STL,1,5,2,24,0,0,0,0
Roddy White,ATL,1,9,4,24,0,0,0,0
Quincy Enunwa,NYJ,1,4,2,22,0,0,0,0
Tavon Austin,STL,1,5,1,5,0,1,16,0
T.Y. Hilton,IND,1,4,2,21,0,0,0,0
Lance Moore,DET,1,2,1,21,0,0,0,0
Mohamed Sanu,CIN,1,3,2,19,0,1,2,0
Griff Whalen,IND,1,3,2,20,0,0,0,0
Allen Hurns,JAC,1,4,3,19,0,0,0,0
Devin Street,DAL,1,1,1,19,0,0,0,0
Chris Conley,KC,1,1,1,17,0,0,0,0
Aaron Dobson,NE,1,2,1,17,0,0,0,0
Harry Douglas,TEN,1,5,2,16,0,0,0,0
Torrey Smith,SF,1,3,1,16,0,0,0,0
Brenton Bersin,CAR,1,1,1,15,0,0,0,0
Rishard Matthews,MIA,1,3,1,15,0,0,0,0
Quinton Patton,SF,1,3,2,15,0,0,0,0
Cole Beasley,DAL,1,3,1,14,0,0,0,0
Andre Johnson,IND,1,2,1,13,0,0,0,0
Jordan Matthews,PHI,1,4,4,13,0,0,0,0
Nate Washington,HOU,1,6,2,13,0,0,0,0
Wes Welker,STL,1,4,2,13,0,0,0,0
Nelson Agholor,PHI,1,4,3,11,0,0,0,0
Marc Mariani,CHI,1,1,1,10,0,0,0,0
Jordan Norwood,DEN,1,1,1,8,0,0,0,0
Justin Hardy,ATL,1,2,1,7,0,0,0,0
Cameron Meredith,CHI,1,1,1,6,0,0,0,0
Mike Wallace,MIN,1,2,0,0,0,1,6,0
Jamison Crowder,WAS,1,1,1,5,0,0,0,0
Amari Cooper,OAK,1,4,1,4,0,0,0,0
Rashad Greene,JAC,1,1,1,2,0,0,0,0
Miles Austin,PHI,1,1,0,0,0,0,0,0
Bruce Ellington,SF,1,2,0,0,0,0,0,0
Chris Harper,NE,1,1,0,0,0,0,0,0
Andre Holmes,OAK,1,1,0,0,0,0,0,0
Jeff Janis,GB,1,2,0,0,0,0,0,0
Greg Jennings,MIA,1,1,0,0,0,0,0,0
Rico Richardson,TEN,1,2,0,0,0,0,0,0
Devin Smith,NYJ,1,4,0,0,0,0,0,0
Jaelen Strong,HOU,1,1,0,0,0,0,0,0
Adam Thielen,MIN,1,1,0,0,0,0,0,0
Tyrell Williams,SD,1,1,0,0,0,0,0,0
