,,,Receiving,Receiving,Receiving,Receiving,Rushing,Rushing,Rushing
Player,Team,G,Target,Rec,Yard,TD,Att,Yard,TD
Julio Jones,ATL,1,11,9,161,2,0,0,0
Jeremy Maclin,PHI,1,10,8,154,1,0,0,0
Antonio Brown,PIT,1,10,10,90,2,0,0,0
Pierre Garcon,WAS,1,16,11,138,1,0,0,0
Jordan Matthews,PHI,1,9,8,59,2,0,0,0
DeSean Jackson,WAS,1,11,5,117,1,0,0,0
Kelvin Benjamin,CAR,1,11,8,115,1,0,0,0
John Brown,ARI,1,6,4,52,2,0,0,0
Victor Cruz,NYG,1,6,5,107,1,0,0,0
Eddie Royal,SD,1,6,4,42,2,0,0,0
Dez Bryant,DAL,1,7,6,89,1,0,0,0
Emmanuel Sanders,DEN,1,15,11,149,0,0,0,0
Michael Crabtree,SF,1,11,10,80,1,1,4,0
Jeremy Kerley,NYJ,1,11,7,81,1,0,0,0
Allen Hurns,JAC,1,3,1,63,1,0,0,0
Brian Quick,STL,1,4,2,62,1,0,0,0
Alshon Jeffery,CHI,1,13,8,105,0,2,13,0
DeAndre Hopkins,HOU,1,9,6,116,0,0,0,0
Damaris Johnson,HOU,1,2,2,56,1,1,0,0
Michael Floyd,ARI,1,9,5,114,0,0,0,0
Miles Austin,CLE,1,7,6,51,1,0,0,0
Hakeem Nicks,IND,1,4,4,50,1,0,0,0
Devin Hester,ATL,1,1,1,25,0,1,20,1
Steve Johnson,SF,1,9,9,103,0,0,0,0
A.J. Green,CIN,1,9,6,102,0,0,0,0
Steve Smith,BAL,1,7,5,101,0,0,0,0
Ricardo Lockette,SEA,1,1,1,39,1,0,0,0
Malcom Floyd,SD,1,4,2,98,0,0,0,0
Cecil Shorts,JAC,1,10,5,35,1,0,0,0
Terrance Williams,DAL,1,3,2,32,1,0,0,0
Julian Edelman,NE,1,13,10,84,0,1,5,0
Austin Pettis,STL,1,4,3,28,1,0,0,0
Andrew Hawkins,CLE,1,10,7,87,0,0,0,0
Mike Wallace,MIA,1,12,5,74,0,1,12,0
Marques Colston,NO,1,5,2,25,1,0,0,0
Brian Hartline,MIA,1,7,3,25,1,0,0,0
Calvin Johnson,DET,1,10,6,82,0,0,0,0
T.Y. Hilton,IND,1,6,5,80,0,0,0,0
Taylor Gabriel,CLE,1,2,2,81,0,2,-2,0
Allen Robinson,JAC,1,10,7,79,0,0,0,0
Vincent Jackson,TB,1,9,2,15,1,0,0,0
Brandin Cooks,NO,1,10,8,74,0,0,0,0
Harry Douglas,ATL,1,2,2,14,1,0,0,0
Kenny Britt,STL,1,7,5,69,0,1,2,0
Greg Jennings,MIN,1,7,5,70,0,0,0,0
Eric Weems,ATL,1,5,4,69,0,0,0,0
Philly Brown,CAR,1,9,7,66,0,0,0,0
Donte Moncrief,IND,1,5,4,55,0,1,7,0
Reggie Wayne,IND,1,5,4,62,0,0,0,0
Wes Welker,DEN,1,9,6,60,0,0,0,0
Jordy Nelson,GB,1,7,5,59,0,0,0,0
Doug Baldwin,SEA,1,5,4,56,0,0,0,0
Greg Salas,NYJ,1,3,2,56,0,0,0,0
Cordarrelle Patterson,MIN,1,5,4,61,0,1,-7,0
Mike Evans,TB,1,7,4,52,0,0,0,0
Corey Fuller,DET,1,2,1,52,0,0,0,0
Golden Tate,DET,1,7,5,51,0,0,0,0
Brandon LaFell,NE,1,8,4,46,0,0,0,0
Mohamed Sanu,CIN,1,8,5,44,0,0,0,0
Kendall Wright,TEN,1,10,5,44,0,0,0,0
James Jones,OAK,1,5,3,43,0,0,0,0
Percy Harvin,SEA,1,9,7,42,0,0,0,0
Travis Benjamin,CLE,1,1,1,43,0,1,-2,0
Andre Roberts,WAS,1,6,4,38,0,0,0,0
Kenny Stills,NO,1,5,4,38,0,0,0,0
Justin Hunter,TEN,1,7,3,37,0,0,0,0
Anquan Boldin,SF,1,6,6,36,0,0,0,0
Markus Wheaton,PIT,1,5,4,35,0,0,0,0
Riley Cooper,PHI,1,7,4,34,0,0,0,0
Larry Fitzgerald,ARI,1,7,3,34,0,0,0,0
Preston Parker,NYG,1,4,3,33,0,0,0,0
Dwayne Bowe,KC,1,5,3,32,0,0,0,0
Rod Streater,OAK,1,3,3,32,0,0,0,0
Demaryius Thomas,DEN,1,9,4,31,0,0,0,0
Brenton Bersin,CAR,1,1,1,29,0,0,0,0
Randall Cobb,GB,1,6,3,29,0,0,0,0
Andre Holmes,OAK,1,2,1,29,0,0,0,0
Rueben Randle,NYG,1,10,5,27,0,0,0,0
Torrey Smith,BAL,1,8,2,25,0,0,0,0
Andre Johnson,HOU,1,11,4,24,0,0,0,0
Jarvis Landry,MIA,1,7,3,24,0,0,0,0
Trey Watts,STL,1,0,0,0,0,5,24,0
Robert Meachem,NO,1,1,1,23,0,0,0,0
Denarius Moore,OAK,1,7,3,23,0,0,0,0
Jermaine Kearse,SEA,1,2,2,22,0,0,0,0
Bryan Walters,SEA,1,5,2,22,0,0,0,0
Eric Decker,NYJ,1,1,1,19,0,0,0,0
Sammy Watkins,BUF,1,8,2,19,0,0,0,0
Robert Woods,BUF,1,8,3,19,0,0,0,0
Junior Hemingway,KC,1,2,2,18,0,0,0,0
Keenan Allen,SD,1,2,2,17,0,0,0,0
Brandon Tate,CIN,1,1,1,5,0,1,12,0
Keshawn Martin,HOU,1,2,1,16,0,0,0,0
Kenbrell Thompkins,NE,1,1,1,16,0,0,0,0
Marlon Brown,BAL,1,1,1,15,0,0,0,0
Jeff Maehl,PHI,1,1,1,15,0,0,0,0
David Nelson,NYJ,1,7,3,15,0,0,0,0
Jeremy Ross,DET,1,3,3,20,0,1,-5,0
Mike Brown,JAC,1,1,1,14,0,0,0,0
Rishard Matthews,MIA,1,1,1,13,0,0,0,0
Jason Avant,CAR,1,6,2,12,0,0,0,0
Donnie Avery,KC,1,3,2,12,0,0,0,0
Ted Ginn Jr.,ARI,1,3,1,8,0,1,4,0
Davante Adams,GB,1,3,2,11,0,0,0,0
Jarrett Boykin,GB,1,4,1,11,0,0,0,0
Courtney Roby,ATL,1,2,1,11,0,0,0,0
Mike Williams,BUF,1,4,2,11,0,0,0,0
Justin Brown,PIT,1,4,2,10,0,0,0,0
Cole Beasley,DAL,1,2,1,9,0,0,0,0
Santonio Holmes,CHI,1,3,2,9,0,0,0,0
Paul Richardson,SEA,1,1,1,7,0,0,0,0
Brandon Marshall,CHI,1,6,1,6,0,0,0,0
Chris Givens,STL,1,3,1,5,0,0,0,0
Robert Herron,TB,1,3,1,5,0,0,0,0
Brandon Lloyd,SF,1,4,1,5,0,0,0,0
Brandon Gibson,MIA,1,4,1,3,0,0,0,0
Bruce Ellington,SF,1,1,0,0,0,1,1,0
Danny Amendola,NE,1,1,0,0,0,0,0,0
Jaron Brown,ARI,1,1,0,0,0,0,0,0
Marquise Goodwin,BUF,1,1,0,0,0,0,0,0
Ryan Grant,WAS,1,1,0,0,0,0,0,0
A.J. Jenkins,KC,1,0,0,0,0,1,0,0
Jacoby Jones,BAL,1,1,0,0,0,0,0,0
Jalen Saunders,NYJ,1,0,0,0,0,0,0,0
Nate Washington,TEN,1,3,0,0,0,0,0,0
James Wright,CIN,1,1,0,0,0,0,0,0
