,,,Receiving,Receiving,Receiving,Receiving,Rushing,Rushing,Rushing
Player,Team,G,Target,Rec,Yard,TD,Att,Yard,TD
Dez Bryant,DAL,1,8,6,158,2,0,0,0
Jordy Nelson,GB,1,6,6,152,2,0,0,0
Jordan Matthews,PHI,1,9,7,138,2,0,0,0
Martavis Bryant,PIT,1,7,4,143,1,0,0,0
Emmanuel Sanders,DEN,1,8,5,67,2,1,5,0
Kelvin Benjamin,CAR,1,7,3,70,2,0,0,0
Mike Evans,TB,1,9,7,125,1,0,0,0
Calvin Johnson,DET,1,15,7,113,1,0,0,0
Brandon Marshall,CHI,1,10,8,112,1,0,0,0
Anquan Boldin,SF,1,15,6,95,1,0,0,0
Brandin Cooks,NO,1,8,5,90,1,0,0,0
Preston Parker,NYG,1,7,7,79,1,0,0,0
Torrey Smith,BAL,1,8,5,75,1,0,0,0
John Brown,ARI,1,9,5,73,1,0,0,0
Randall Cobb,GB,1,6,4,72,1,0,0,0
Roddy White,ATL,1,6,6,72,1,0,0,0
T.J. Graham,NYJ,1,1,1,67,1,0,0,0
Odell Beckham Jr.,NYG,1,9,7,108,0,1,11,0
Julio Jones,ATL,1,11,8,119,0,0,0,0
Cecil Shorts,JAC,1,7,5,119,0,0,0,0
Chris Hogan,BUF,1,7,5,57,1,0,0,0
Larry Fitzgerald,ARI,1,10,9,112,0,0,0,0
Mike Wallace,MIA,1,8,5,51,1,0,0,0
Golden Tate,DET,1,13,11,109,0,0,0,0
Demaryius Thomas,DEN,1,14,11,108,0,0,0,0
Dwayne Bowe,KC,1,12,8,93,0,0,0,0
Vincent Jackson,TB,1,11,8,75,0,0,0,0
Antonio Brown,PIT,1,9,8,74,0,0,0,0
Brice Butler,OAK,1,4,2,12,1,0,0,0
Alshon Jeffery,CHI,1,12,6,63,0,1,8,0
Jermaine Kearse,SEA,1,4,3,70,0,0,0,0
Michael Crabtree,SF,1,8,3,62,0,0,0,0
Allen Robinson,JAC,1,10,5,60,0,0,0,0
Percy Harvin,NYJ,1,5,3,23,0,6,33,0
Kendall Wright,TEN,1,7,4,53,0,1,1,0
Robert Woods,BUF,1,8,6,52,0,0,0,0
Miles Austin,CLE,1,6,5,48,0,0,0,0
Travis Benjamin,CLE,1,5,3,46,0,0,0,0
Jarvis Landry,MIA,1,10,7,53,0,1,-8,0
Steve Johnson,SF,1,3,3,43,0,0,0,0
Markus Wheaton,PIT,1,7,4,41,0,0,0,0
Rueben Randle,NYG,1,10,5,39,0,0,0,0
Jeremy Maclin,PHI,1,7,3,38,0,0,0,0
Marques Colston,NO,1,4,2,36,0,0,0,0
Jaron Brown,ARI,1,3,3,35,0,0,0,0
Doug Baldwin,SEA,1,6,4,31,0,0,0,0
Kenny Britt,STL,1,5,3,31,0,0,0,0
Taylor Gabriel,CLE,1,5,3,31,0,0,0,0
Tavon Austin,STL,1,3,2,20,0,1,10,0
Nate Washington,TEN,1,3,2,30,0,0,0,0
Denarius Moore,OAK,1,2,1,28,0,1,1,0
Lance Moore,PIT,1,2,2,28,0,0,0,0
A.J. Jenkins,KC,1,4,1,27,0,0,0,0
Sammy Watkins,BUF,1,10,4,27,0,0,0,0
Kenny Stills,NO,1,6,3,26,0,0,0,0
Brenton Bersin,CAR,1,3,2,24,0,0,0,0
Eric Decker,NYJ,1,4,3,24,0,0,0,0
Wes Welker,DEN,1,5,4,24,0,0,0,0
A.J. Green,CIN,1,10,3,23,0,0,0,0
Vincent Brown,OAK,1,6,3,20,0,0,0,0
Brandon Gibson,MIA,1,2,2,20,0,0,0,0
James Jones,OAK,1,12,8,20,0,0,0,0
Mohamed Sanu,CIN,1,7,2,20,0,0,0,0
Marlon Brown,BAL,1,2,2,18,0,0,0,0
Justin Hunter,TEN,1,2,1,17,0,0,0,0
Steve Smith,BAL,1,7,3,17,0,0,0,0
Ricardo Lockette,SEA,1,2,1,16,0,0,0,0
Joe Webb,CAR,1,3,1,16,0,0,0,0
Jerricho Cotchery,CAR,1,7,2,15,0,0,0,0
Ted Ginn Jr.,ARI,1,2,1,15,0,0,0,0
Rishard Matthews,MIA,1,1,1,14,0,0,0,0
Kamar Aiken,BAL,1,1,1,13,0,0,0,0
Marqise Lee,JAC,1,3,1,13,0,0,0,0
James Wright,CIN,1,2,0,0,0,1,13,0
Louis Murphy,TB,1,2,1,12,0,0,0,0
Cole Beasley,DAL,1,1,1,11,0,0,0,0
Michael Floyd,ARI,1,4,1,11,0,0,0,0
Santonio Holmes,CHI,1,1,1,11,0,0,0,0
Josh Morgan,CHI,1,2,1,11,0,0,0,0
Davante Adams,GB,1,2,1,10,0,0,0,0
Ace Sanders,JAC,1,1,1,10,0,0,0,0
Allen Hurns,JAC,1,2,1,9,0,0,0,0
Cody Latimer,DEN,1,1,1,9,0,0,0,0
Jason Avant,CAR,1,2,1,8,0,0,0,0
Greg Little,CIN,1,4,1,8,0,0,0,0
Riley Cooper,PHI,1,4,1,6,0,0,0,0
Junior Hemingway,KC,1,3,1,6,0,0,0,0
Josh Huff,PHI,1,2,1,6,0,0,0,0
Devin Hester,ATL,1,4,1,5,0,1,0,0
Jeremy Ross,DET,1,2,1,5,0,0,0,0
Chris Givens,STL,1,4,2,2,0,0,0,0
Brian Hartline,MIA,1,1,1,1,0,0,0,0
Stedman Bailey,STL,1,2,0,0,0,0,0,0
Jarrett Boykin,GB,1,1,0,0,0,0,0,0
Andre Caldwell,DEN,1,1,0,0,0,0,0,0
Harry Douglas,ATL,1,2,0,0,0,0,0,0
Darrius Heyward-Bey,PIT,1,1,0,0,0,0,0,0
Andre Holmes,OAK,1,1,0,0,0,0,0,0
Jeremy Kerley,NYJ,1,1,0,0,0,0,0,0
Paul Richardson,SEA,1,2,0,0,0,0,0,0
Terrance Williams,DAL,1,2,0,0,0,0,0,0
Dwayne Harris,DAL,1,0,0,0,0,1,-2,0
Kenbrell Thompkins,OAK,1,0,0,0,0,1,-2,0
Chris Williams,CHI,1,0,0,0,0,1,-8,0
