,,,Receiving,Receiving,Receiving,Receiving,Rushing,Rushing,Rushing
Player,Team,G,Target,Rec,Yard,TD,Att,Yard,TD
Odell Beckham Jr.,NYG,1,15,12,143,3,1,0,0
Dez Bryant,DAL,1,7,6,114,3,0,0,0
Demaryius Thomas,DEN,1,11,6,123,1,0,0,0
Mike Wallace,MIA,1,7,5,104,1,1,0,0
Julian Edelman,NE,1,10,7,88,1,1,6,0
Devin Hester,ATL,1,6,5,85,1,0,0,0
Alshon Jeffery,CHI,1,9,4,78,1,0,0,0
Harry Douglas,ATL,1,14,10,131,0,0,0,0
Marques Colston,NO,1,7,5,65,1,0,0,0
Antonio Brown,PIT,1,10,10,123,0,0,0,0
Roddy White,ATL,1,10,7,58,1,0,0,0
James Jones,OAK,1,11,8,57,1,0,0,0
Randall Cobb,GB,1,13,7,96,0,3,15,0
Jerricho Cotchery,CAR,1,5,5,47,1,0,0,0
Kelvin Benjamin,CAR,1,13,8,104,0,0,0,0
Hakeem Nicks,IND,1,2,2,44,1,0,0,0
Greg Jennings,MIN,1,5,3,43,1,0,0,0
Golden Tate,DET,1,7,7,38,1,2,5,0
Nate Washington,TEN,1,10,6,102,0,0,0,0
Eric Decker,NYJ,1,11,7,100,0,0,0,0
Jarvis Landry,MIA,1,11,8,99,0,0,0,0
Jeremy Maclin,PHI,1,6,4,98,0,0,0,0
Paul Richardson,SEA,1,5,3,30,1,0,0,0
Stedman Bailey,STL,1,8,5,74,0,1,13,0
Andre Roberts,WAS,1,4,2,81,0,0,0,0
Jermaine Kearse,SEA,1,6,5,78,0,0,0,0
DeAndre Hopkins,HOU,1,13,5,77,0,0,0,0
Cecil Shorts,JAC,1,11,6,76,0,0,0,0
Marquess Wilson,CHI,1,5,3,16,1,0,0,0
Mike Evans,TB,1,8,2,13,1,0,0,0
Charles Johnson,MIN,1,7,5,72,0,0,0,0
Andre Holmes,OAK,1,12,5,70,0,0,0,0
Allen Hurns,JAC,1,9,6,70,0,0,0,0
Vincent Jackson,TB,1,10,6,70,0,0,0,0
Dwayne Bowe,KC,1,7,3,69,0,0,0,0
Albert Wilson,KC,1,5,3,69,0,0,0,0
Kenny Stills,NO,1,7,5,67,0,0,0,0
Marlon Brown,BAL,1,5,5,66,0,0,0,0
Brandon LaFell,NE,1,8,6,66,0,0,0,0
Markus Wheaton,PIT,1,5,5,66,0,0,0,0
Kenny Britt,STL,1,9,5,65,0,0,0,0
Michael Floyd,ARI,1,3,2,55,0,0,0,0
Jordy Nelson,GB,1,12,5,55,0,0,0,0
Doug Baldwin,SEA,1,6,3,53,0,0,0,0
Calvin Johnson,DET,1,6,4,53,0,0,0,0
Emmanuel Sanders,DEN,1,3,3,53,0,0,0,0
T.Y. Hilton,IND,1,8,4,50,0,0,0,0
A.J. Green,CIN,1,11,5,49,0,0,0,0
Jarius Wright,MIN,1,6,4,49,0,0,0,0
Josh Gordon,CLE,1,4,3,48,0,0,0,0
Josh Huff,PHI,1,2,1,44,0,0,0,0
Nick Toon,NO,1,4,4,43,0,0,0,0
Cole Beasley,DAL,1,4,4,42,0,0,0,0
Steve Smith,BAL,1,5,5,37,0,0,0,0
Pierre Garcon,WAS,1,7,4,36,0,0,0,0
Malcom Floyd,SD,1,7,3,34,0,0,0,0
Martavis Bryant,PIT,1,5,3,31,0,0,0,0
Larry Fitzgerald,ARI,1,10,7,30,0,0,0,0
DeVier Posey,HOU,1,1,1,30,0,0,0,0
Rueben Randle,NYG,1,4,2,30,0,0,0,0
Brandon Gibson,MIA,1,4,3,29,0,0,0,0
Sammy Watkins,BUF,1,6,1,28,0,0,0,0
Philly Brown,CAR,1,6,1,10,0,1,17,0
Eddie Royal,SD,1,4,3,27,0,0,0,0
Kevin Ogletree,NYG,1,3,3,25,0,0,0,0
DeSean Jackson,WAS,1,8,3,15,0,1,9,0
Reggie Wayne,IND,1,5,4,24,0,0,0,0
Anquan Boldin,SF,1,4,2,23,0,0,0,0
Brice Butler,OAK,1,3,3,23,0,0,0,0
Russell Shepard,TB,1,3,1,23,0,0,0,0
Tavon Austin,STL,1,4,2,14,0,1,8,0
John Brown,ARI,1,6,2,22,0,0,0,0
Robert Woods,BUF,1,5,2,22,0,0,0,0
Damaris Johnson,HOU,1,3,2,21,0,0,0,0
Josh Morgan,CHI,1,1,0,0,0,1,21,0
Michael Crabtree,SF,1,3,3,19,0,0,0,0
Rishard Matthews,MIA,1,5,2,16,0,1,3,0
Terrance Williams,DAL,1,4,2,19,0,0,0,0
Keenan Allen,SD,1,8,3,18,0,0,0,0
Santana Moss,WAS,1,1,1,18,0,0,0,0
Seyi Ajirotutu,SD,1,4,1,17,0,0,0,0
Riley Cooper,PHI,1,4,2,17,0,0,0,0
Vincent Brown,OAK,1,2,2,16,0,0,0,0
Cordarrelle Patterson,MIN,1,3,2,16,0,0,0,0
Torrey Smith,BAL,1,3,2,16,0,0,0,0
Wes Welker,DEN,1,3,2,16,0,0,0,0
Jason Avant,KC,1,2,1,14,0,0,0,0
Kris Durham,TEN,1,3,1,14,0,0,0,0
Marqise Lee,JAC,1,9,4,14,0,0,0,0
Brandon Lloyd,SF,1,2,1,12,0,0,0,0
Preston Parker,NYG,1,4,1,12,0,0,0,0
Danny Amendola,NE,1,1,1,11,0,0,0,0
Percy Harvin,NYJ,1,3,0,0,0,1,10,0
Travis Benjamin,CLE,1,1,1,9,0,0,0,0
T.J. Graham,NYJ,1,2,1,9,0,0,0,0
Chris Owusu,NYJ,1,1,1,8,0,0,0,0
Ted Ginn Jr.,ARI,1,1,1,4,0,1,3,0
Frankie Hammond Jr.,KC,1,1,1,7,0,0,0,0
Andrew Hawkins,CLE,1,4,2,7,0,0,0,0
Davante Adams,GB,1,4,1,6,0,0,0,0
Chris Hogan,BUF,1,2,1,6,0,0,0,0
Mohamed Sanu,CIN,1,3,1,4,0,0,0,0
Corey Washington,NYG,1,1,1,4,0,0,0,0
Taylor Gabriel,CLE,1,2,1,2,0,0,0,0
Kamar Aiken,BAL,1,1,0,0,0,0,0,0
Brenton Bersin,CAR,1,1,0,0,0,0,0,0
Jarrett Boykin,GB,1,1,0,0,0,0,0,0
Corey Fuller,DET,1,1,0,0,0,0,0,0
Chris Givens,STL,1,1,0,0,0,0,0,0
Derek Hagan,TEN,1,5,0,0,0,0,0,0
Dwayne Harris,DAL,1,1,0,0,0,0,0,0
Brian Hartline,MIA,1,2,0,0,0,0,0,0
Jeremy Kerley,NYJ,1,2,0,0,0,0,0,0
Jordan Matthews,PHI,1,1,0,0,0,0,0,0
Robert Meachem,NO,1,1,0,0,0,0,0,0
Donte Moncrief,IND,1,4,0,0,0,0,0,0
Lance Moore,PIT,1,2,0,0,0,0,0,0
Louis Murphy,TB,1,1,0,0,0,0,0,0
Jeremy Ross,DET,1,2,0,0,0,0,0,0
Ace Sanders,JAC,1,1,0,0,0,0,0,0
Brandon Tate,CIN,1,1,0,0,0,0,0,0
Kenbrell Thompkins,OAK,1,6,0,0,0,0,0,0
Brian Tyms,NE,1,1,0,0,0,0,0,0
