,,,Receiving,Receiving,Receiving,Receiving,Rushing,Rushing,Rushing
Player,Team,G,Target,Rec,Yard,TD,Att,Yard,TD
Josh Gordon,CLE,1,17,14,237,1,0,0,0
Julian Edelman,NE,1,11,9,110,2,0,0,0
Tiquan Underwood,TB,1,5,3,108,2,0,0,0
Anquan Boldin,SF,1,6,5,94,2,0,0,0
Mike Wallace,MIA,1,10,5,127,1,0,0,0
Brandon Marshall,CHI,1,12,10,117,1,0,0,0
Larry Fitzgerald,ARI,1,11,5,52,2,1,4,0
Justin Hunter,TEN,1,6,6,109,1,0,0,0
Tavon Austin,STL,1,5,2,39,0,1,65,1
Jacoby Jones,BAL,1,6,4,103,1,0,0,0
Kendall Wright,TEN,1,7,6,103,1,0,0,0
Donnie Avery,KC,1,5,4,91,1,0,0,0
Antonio Brown,PIT,1,10,6,92,1,1,-8,0
Nate Burleson,DET,1,10,7,77,1,1,0,0
Keenan Allen,SD,1,12,9,124,0,0,0,0
Jarrett Boykin,GB,1,10,5,60,1,0,0,0
Calvin Johnson,DET,1,14,7,115,0,0,0,0
Emmanuel Sanders,PIT,1,7,6,52,1,0,0,0
Dwayne Bowe,KC,1,6,5,51,1,0,0,0
Michael Floyd,ARI,1,7,7,104,0,0,0,0
Dez Bryant,DAL,1,16,9,102,0,0,0,0
Demaryius Thomas,DEN,1,9,4,41,1,0,0,0
Rod Streater,OAK,1,9,5,93,0,0,0,0
Eddie Royal,SD,1,4,4,87,0,0,0,0
Seyi Ajirotutu,SD,1,1,1,26,1,0,0,0
James Jones,GB,1,12,7,80,0,0,0,0
Harry Douglas,ATL,1,11,9,79,0,0,0,0
Brian Hartline,MIA,1,5,5,78,0,0,0,0
Torrey Smith,BAL,1,4,2,74,0,0,0,0
Cecil Shorts,JAC,1,11,8,71,0,0,0,0
Steve Smith,CAR,1,8,5,69,0,0,0,0
Darius Johnson,ATL,1,8,6,67,0,0,0,0
Louis Murphy,NYG,1,1,1,4,1,0,0,0
Rueben Randle,NYG,1,7,3,64,0,0,0,0
Vincent Jackson,TB,1,3,2,61,0,0,0,0
Ace Sanders,JAC,1,5,4,61,0,0,0,0
Earl Bennett,CHI,1,8,8,58,0,0,0,0
Jordy Nelson,GB,1,7,4,58,0,0,0,0
Kenbrell Thompkins,NE,1,9,6,56,0,0,0,0
Cordarrelle Patterson,MIN,1,11,8,54,0,0,0,0
Jerome Simpson,MIN,1,4,2,54,0,0,0,0
Pierre Garcon,WAS,1,11,8,48,0,0,0,0
Greg Salas,NYJ,1,3,2,48,0,0,0,0
Kris Durham,DET,1,6,3,46,0,0,0,0
Alshon Jeffery,CHI,1,8,4,42,0,1,4,0
Mario Manningham,SF,1,7,4,45,0,0,0,0
Josh Morgan,WAS,1,6,5,45,0,0,0,0
Nate Washington,TEN,1,6,5,45,0,0,0,0
Andre Roberts,ARI,1,5,3,43,0,0,0,0
Marques Colston,NO,1,6,4,40,0,0,0,0
T.Y. Hilton,IND,1,9,5,38,0,0,0,0
Andre Johnson,HOU,1,6,2,36,0,0,0,0
Brandon LaFell,CAR,1,5,2,36,0,0,0,0
LaVon Brazill,IND,1,5,3,35,0,0,0,0
Andre Holmes,OAK,1,5,2,32,0,0,0,0
Wes Welker,DEN,1,8,4,31,0,0,0,0
Greg Jennings,MIN,1,3,2,29,0,0,0,0
Davone Bess,CLE,1,8,5,27,0,0,0,0
Victor Cruz,NYG,1,4,2,27,0,0,0,0
Santana Moss,WAS,1,4,3,27,0,0,0,0
Jerrel Jernigan,NYG,1,7,2,24,0,0,0,0
Roddy White,ATL,1,2,2,24,0,0,0,0
Darrius Heyward-Bey,IND,1,6,3,22,0,0,0,0
A.J. Jenkins,KC,1,1,1,22,0,0,0,0
Lance Moore,NO,1,2,2,22,0,0,0,0
Kenny Stills,NO,1,3,2,22,0,0,0,0
Josh Cribbs,NYJ,1,0,0,0,0,5,20,0
Stedman Bailey,STL,1,1,1,19,0,0,0,0
Brian Quick,STL,1,2,2,19,0,0,0,0
Robert Meachem,NO,1,3,1,18,0,0,0,0
Danny Amendola,NE,1,6,3,17,0,0,0,0
Miles Austin,DAL,1,3,1,17,0,0,0,0
Greg Little,CLE,1,7,2,17,0,0,0,0
Cole Beasley,DAL,1,4,2,13,0,0,0,0
Santonio Holmes,NYJ,1,4,1,12,0,0,0,0
Keshawn Martin,HOU,1,2,1,12,0,0,0,0
Ted Ginn Jr.,CAR,1,10,3,11,0,0,0,0
Terrance Williams,DAL,1,2,1,10,0,0,0,0
DeAndre Hopkins,HOU,1,4,1,8,0,0,0,0
Drew Davis,ATL,1,1,1,7,0,0,0,0
Brandon Stokley,BAL,1,1,1,7,0,0,0,0
Eric Decker,DEN,1,4,1,5,0,0,0,0
DeVier Posey,HOU,1,1,1,5,0,0,0,0
Rishard Matthews,MIA,1,7,3,2,0,0,0,0
Marlon Brown,BAL,1,2,1,1,0,0,0,0
Kenny Britt,TEN,1,2,0,0,0,0,0,0
Vincent Brown,SD,1,1,0,0,0,0,0,0
Brice Butler,OAK,1,1,0,0,0,0,0,0
Jerricho Cotchery,PIT,1,1,0,0,0,0,0,0
Tandon Doss,BAL,1,1,0,0,0,0,0,0
Jacoby Ford,OAK,1,1,0,0,0,0,0,0
Chris Givens,STL,1,6,0,0,0,0,0,0
Junior Hemingway,KC,1,0,0,0,0,0,0,0
Stephen Hill,NYJ,1,1,0,0,0,0,0,0
Trindon Holliday,DEN,1,0,0,0,0,0,0,0
David Nelson,NYJ,1,5,0,0,0,0,0,0
David Reed,IND,1,2,0,0,0,0,0,0
Aldrick Robinson,WAS,1,3,0,0,0,0,0,0
Jarius Wright,MIN,1,1,0,0,0,0,0,0
