,,,Receiving,Receiving,Receiving,Receiving,Rushing,Rushing,Rushing
Player,Team,G,Target,Rec,Yard,TD,Att,Yard,TD
Julio Jones,ATL,1,11,9,141,2,0,0,0
DeAndre Hopkins,HOU,1,13,9,98,2,0,0,0
Antonio Brown,PIT,1,11,9,133,1,0,0,0
James Jones,GB,1,4,4,51,2,0,0,0
Keenan Allen,SD,1,17,15,166,0,0,0,0
Kendall Wright,TEN,1,4,4,101,1,0,0,0
Travis Benjamin,CLE,1,3,3,89,1,0,0,0
Percy Harvin,BUF,1,5,5,79,1,1,9,0
Steve Johnson,SD,1,6,6,82,1,0,0,0
Brandon Marshall,NYJ,1,9,6,62,1,0,0,0
John Brown,ARI,1,7,4,46,1,0,0,0
Julian Edelman,NE,1,12,11,97,0,1,9,0
Donte Moncrief,IND,1,11,6,46,1,0,0,0
Jerricho Cotchery,CAR,1,6,4,45,1,0,0,0
Nate Washington,HOU,1,11,6,105,0,0,0,0
Jordan Matthews,PHI,1,13,10,102,0,0,0,0
Brandon Coleman,NO,1,7,4,41,1,0,0,0
Randall Cobb,GB,1,5,5,38,1,0,0,0
Eric Decker,NYJ,1,3,2,37,1,0,0,0
Rishard Matthews,MIA,1,6,4,34,1,0,0,0
Rashad Greene,JAC,1,13,7,28,1,0,0,0
T.Y. Hilton,IND,1,14,7,88,0,0,0,0
Larry Fitzgerald,ARI,1,8,6,87,0,0,0,0
Harry Douglas,TEN,1,2,2,24,1,0,0,0
Roddy White,ATL,1,8,4,84,0,0,0,0
Alshon Jeffery,CHI,1,11,5,78,0,0,0,0
Jermaine Kearse,SEA,1,10,8,76,0,0,0,0
Tavon Austin,STL,1,5,2,-2,0,4,17,1
Pierre Garcon,WAS,1,8,6,74,0,0,0,0
Jarvis Landry,MIA,1,12,8,53,0,1,14,0
Emmanuel Sanders,DEN,1,12,8,65,0,0,0,0
A.J. Green,CIN,1,8,5,63,0,0,0,0
Willie Snead,NO,1,3,1,63,0,0,0,0
Mike Wallace,MIN,1,7,6,63,0,0,0,0
Allen Hurns,JAC,1,7,5,60,0,0,0,0
Demaryius Thomas,DEN,1,11,7,60,0,0,0,0
Terrance Williams,DAL,1,8,5,60,0,0,0,0
Davante Adams,GB,1,8,4,59,0,0,0,0
Marquess Wilson,CHI,1,2,2,59,0,0,0,0
Stedman Bailey,STL,1,4,3,58,0,0,0,0
Darrius Heyward-Bey,PIT,1,7,4,58,0,0,0,0
Cecil Shorts,HOU,1,8,4,57,0,0,0,0
Chris Owusu,NYJ,1,6,4,55,0,0,0,0
Markus Wheaton,PIT,1,7,3,55,0,0,0,0
Ted Ginn Jr.,CAR,1,7,2,54,0,0,0,0
Brandin Cooks,NO,1,8,4,49,0,1,4,0
Jeremy Maclin,KC,1,9,5,52,0,0,0,0
Vincent Jackson,TB,1,11,4,51,0,0,0,0
Cole Beasley,DAL,1,6,4,49,0,0,0,0
Dez Bryant,DAL,1,7,5,48,0,0,0,0
Amari Cooper,OAK,1,9,5,47,0,0,0,0
Phillip Dorsett,IND,1,3,2,45,0,0,0,0
Odell Beckham Jr.,NYG,1,8,5,44,0,0,0,0
Calvin Johnson,DET,1,4,2,39,0,0,0,0
Kenny Britt,STL,1,3,2,37,0,0,0,0
Michael Crabtree,OAK,1,8,5,37,0,0,0,0
Anquan Boldin,SF,1,5,4,36,0,0,0,0
Andre Roberts,WAS,1,4,3,36,0,0,0,0
Doug Baldwin,SEA,1,9,7,35,0,0,0,0
Tyler Lockett,SEA,1,4,4,34,0,0,0,0
Mohamed Sanu,CIN,1,3,2,34,0,0,0,0
Marques Colston,NO,1,7,3,29,0,0,0,0
Malcom Floyd,SD,1,2,1,29,0,0,0,0
Greg Jennings,MIA,1,3,3,29,0,0,0,0
Charles Johnson,MIN,1,3,2,27,0,0,0,0
Allen Robinson,JAC,1,6,1,27,0,0,0,0
Robert Woods,BUF,1,2,2,27,0,0,0,0
Jarius Wright,MIN,1,4,1,27,0,0,0,0
Preston Parker,NYG,1,6,2,26,0,0,0,0
Marlon Brown,BAL,1,2,2,25,0,0,0,0
Riley Cooper,PHI,1,4,3,25,0,0,0,0
Jordan Norwood,DEN,1,5,2,25,0,0,0,0
Albert Wilson,KC,1,3,3,25,0,0,0,0
Danny Amendola,NE,1,3,2,24,0,0,0,0
Andrew Hawkins,CLE,1,6,3,24,0,0,0,0
Andre Johnson,IND,1,10,4,24,0,0,0,0
Golden Tate,DET,1,8,4,24,0,0,0,0
Keith Mumphery,HOU,1,3,2,23,0,0,0,0
Rueben Randle,NYG,1,5,3,23,0,0,0,0
Miles Austin,PHI,1,3,2,22,0,0,0,0
Lance Moore,DET,1,2,1,22,0,0,0,0
Taylor Gabriel,CLE,1,4,2,20,0,0,0,0
Brian Hartline,CLE,1,5,2,20,0,0,0,0
Josh Huff,PHI,1,3,2,19,0,0,0,0
Marvin Jones,CIN,1,3,2,19,0,0,0,0
Michael Floyd,ARI,1,1,1,18,0,0,0,0
Bryan Walters,JAC,1,2,2,17,0,0,0,0
Leonard Hankerson,ATL,1,4,2,16,0,0,0,0
Tyler Murphy,PIT,1,1,1,16,0,0,0,0
Ryan Grant,WAS,1,2,1,15,0,0,0,0
Adam Humphries,TB,1,4,2,14,0,0,0,0
Philly Brown,CAR,1,3,2,13,0,0,0,0
Steve Smith,BAL,1,7,2,13,0,0,0,0
Seth Roberts,OAK,1,6,3,12,0,0,0,0
Kenny Stills,MIA,1,3,1,12,0,0,0,0
Dwayne Harris,NYG,1,0,0,0,0,1,11,0
Justin Hunter,TEN,1,2,1,11,0,0,0,0
Torrey Smith,SF,1,3,1,11,0,0,0,0
Aaron Dobson,NE,1,1,1,9,0,0,0,0
Devin Funchess,CAR,1,2,1,9,0,0,0,0
Jaron Brown,ARI,1,1,1,8,0,0,0,0
Michael Campanaro,BAL,1,2,1,8,0,0,0,0
Chris Matthews,SEA,1,0,1,8,0,0,0,0
Eddie Royal,CHI,1,5,1,8,0,0,0,0
Rod Streater,OAK,1,1,1,8,0,0,0,0
Russell Shepard,TB,1,1,1,6,0,0,0,0
Nelson Agholor,PHI,1,2,1,5,0,0,0,0
Bruce Ellington,SF,1,2,2,5,0,0,0,0
Nick Williams,ATL,1,1,1,5,0,0,0,0
Jamison Crowder,WAS,1,1,1,0,0,1,2,0
Andre Caldwell,DEN,1,1,1,1,0,0,0,0
Cordarrelle Patterson,MIN,1,1,1,1,0,0,0,0
Kamar Aiken,BAL,1,3,1,-1,0,0,0,0
